date,alpha,beta_gdp_growth_stdev,beta_inflation_stdev,beta_debt_gdp_stdev,beta_current_account_stdev,beta_policy_uncertainty_stdev,beta_bank_nexus_stdev,beta_bid_ask_stdev,gamma,lambda_gdp_growth_stdev,lambda_inflation_stdev,lambda_debt_gdp_stdev,lambda_current_account_stdev,lambda_policy_uncertainty_stdev,lambda_bank_nexus_stdev,lambda_bid_ask_stdev,MS_actual,MS_fitted,MS_tilde,MS_tilde_se,MS_tilde_lo,MS_tilde_hi,non_fundamental_component,Rsq,AdjRsq
2005-09-01,NA,NA,NA,NA,NA,NA,NA,NA,NA,NA,NA,NA,NA,NA,NA,NA,NA,NA,NA,NA,NA,NA,NA,NA,NA
2005-10-01,NA,NA,NA,NA,NA,NA,NA,NA,NA,NA,NA,NA,NA,NA,NA,NA,NA,NA,NA,NA,NA,NA,NA,NA,NA
2005-11-01,NA,NA,NA,NA,NA,NA,NA,NA,NA,NA,NA,NA,NA,NA,NA,NA,NA,NA,NA,NA,NA,NA,NA,NA,NA
2005-12-01,NA,NA,NA,NA,NA,NA,NA,NA,NA,NA,NA,NA,NA,NA,NA,NA,NA,NA,NA,NA,NA,NA,NA,NA,NA
2006-01-01,NA,NA,NA,NA,NA,NA,NA,NA,NA,NA,NA,NA,NA,NA,NA,NA,NA,NA,NA,NA,NA,NA,NA,NA,NA
2006-02-01,NA,NA,NA,NA,NA,NA,NA,NA,NA,NA,NA,NA,NA,NA,NA,NA,NA,NA,NA,NA,NA,NA,NA,NA,NA
2006-03-01,NA,NA,NA,NA,NA,NA,NA,NA,NA,NA,NA,NA,NA,NA,NA,NA,NA,NA,NA,NA,NA,NA,NA,NA,NA
2006-04-01,NA,NA,NA,NA,NA,NA,NA,NA,NA,NA,NA,NA,NA,NA,NA,NA,NA,NA,NA,NA,NA,NA,NA,NA,NA
2006-05-01,NA,NA,NA,NA,NA,NA,NA,NA,NA,NA,NA,NA,NA,NA,NA,NA,NA,NA,NA,NA,NA,NA,NA,NA,NA
2006-06-01,NA,NA,NA,NA,NA,NA,NA,NA,NA,NA,NA,NA,NA,NA,NA,NA,NA,NA,NA,NA,NA,NA,NA,NA,NA
2006-07-01,NA,NA,NA,NA,NA,NA,NA,NA,NA,NA,NA,NA,NA,NA,NA,NA,NA,NA,NA,NA,NA,NA,NA,NA,NA
2006-08-01,NA,NA,NA,NA,NA,NA,NA,NA,NA,NA,NA,NA,NA,NA,NA,NA,NA,NA,NA,NA,NA,NA,NA,NA,NA
2006-09-01,NA,NA,NA,NA,NA,NA,NA,NA,NA,NA,NA,NA,NA,NA,NA,NA,NA,NA,NA,NA,NA,NA,NA,NA,NA
2006-10-01,NA,NA,NA,NA,NA,NA,NA,NA,NA,NA,NA,NA,NA,NA,NA,NA,NA,NA,NA,NA,NA,NA,NA,NA,NA
2006-11-01,NA,NA,NA,NA,NA,NA,NA,NA,NA,NA,NA,NA,NA,NA,NA,NA,NA,NA,NA,NA,NA,NA,NA,NA,NA
2006-12-01,NA,NA,NA,NA,NA,NA,NA,NA,NA,NA,NA,NA,NA,NA,NA,NA,NA,NA,NA,NA,NA,NA,NA,NA,NA
2007-01-01,NA,NA,NA,NA,NA,NA,NA,NA,NA,NA,NA,NA,NA,NA,NA,NA,NA,NA,NA,NA,NA,NA,NA,NA,NA
2007-02-01,NA,NA,NA,NA,NA,NA,NA,NA,NA,NA,NA,NA,NA,NA,NA,NA,NA,NA,NA,NA,NA,NA,NA,NA,NA
2007-03-01,NA,NA,NA,NA,NA,NA,NA,NA,NA,NA,NA,NA,NA,NA,NA,NA,NA,NA,NA,NA,NA,NA,NA,NA,NA
2007-04-01,NA,NA,NA,NA,NA,NA,NA,NA,NA,NA,NA,NA,NA,NA,NA,NA,NA,NA,NA,NA,NA,NA,NA,NA,NA
2007-05-01,NA,NA,NA,NA,NA,NA,NA,NA,NA,NA,NA,NA,NA,NA,NA,NA,NA,NA,NA,NA,NA,NA,NA,NA,NA
2007-06-01,NA,NA,NA,NA,NA,NA,NA,NA,NA,NA,NA,NA,NA,NA,NA,NA,NA,NA,NA,NA,NA,NA,NA,NA,NA
2007-07-01,NA,NA,NA,NA,NA,NA,NA,NA,NA,NA,NA,NA,NA,NA,NA,NA,NA,NA,NA,NA,NA,NA,NA,NA,NA
2007-08-01,NA,NA,NA,NA,NA,NA,NA,NA,NA,NA,NA,NA,NA,NA,NA,NA,NA,NA,NA,NA,NA,NA,NA,NA,NA
2007-09-01,NA,NA,NA,NA,NA,NA,NA,NA,NA,NA,NA,NA,NA,NA,NA,NA,NA,NA,NA,NA,NA,NA,NA,NA,NA
2007-10-01,NA,NA,NA,NA,NA,NA,NA,NA,NA,NA,NA,NA,NA,NA,NA,NA,NA,NA,NA,NA,NA,NA,NA,NA,NA
2007-11-01,NA,NA,NA,NA,NA,NA,NA,NA,NA,NA,NA,NA,NA,NA,NA,NA,NA,NA,NA,NA,NA,NA,NA,NA,NA
2007-12-01,NA,NA,NA,NA,NA,NA,NA,NA,NA,NA,NA,NA,NA,NA,NA,NA,NA,NA,NA,NA,NA,NA,NA,NA,NA
2008-01-01,NA,NA,NA,NA,NA,NA,NA,NA,NA,NA,NA,NA,NA,NA,NA,NA,NA,NA,NA,NA,NA,NA,NA,NA,NA
2008-02-01,NA,NA,NA,NA,NA,NA,NA,NA,NA,NA,NA,NA,NA,NA,NA,NA,NA,NA,NA,NA,NA,NA,NA,NA,NA
2008-03-01,NA,NA,NA,NA,NA,NA,NA,NA,NA,NA,NA,NA,NA,NA,NA,NA,NA,NA,NA,NA,NA,NA,NA,NA,NA
2008-04-01,NA,NA,NA,NA,NA,NA,NA,NA,NA,NA,NA,NA,NA,NA,NA,NA,NA,NA,NA,NA,NA,NA,NA,NA,NA
2008-05-01,NA,NA,NA,NA,NA,NA,NA,NA,NA,NA,NA,NA,NA,NA,NA,NA,NA,NA,NA,NA,NA,NA,NA,NA,NA
2008-06-01,NA,NA,NA,NA,NA,NA,NA,NA,NA,NA,NA,NA,NA,NA,NA,NA,NA,NA,NA,NA,NA,NA,NA,NA,NA
2008-07-01,NA,NA,NA,NA,NA,NA,NA,NA,NA,NA,NA,NA,NA,NA,NA,NA,NA,NA,NA,NA,NA,NA,NA,NA,NA
2008-08-01,NA,NA,NA,NA,NA,NA,NA,NA,NA,NA,NA,NA,NA,NA,NA,NA,NA,NA,NA,NA,NA,NA,NA,NA,NA
2008-09-01,NA,NA,NA,NA,NA,NA,NA,NA,NA,NA,NA,NA,NA,NA,NA,NA,NA,NA,NA,NA,NA,NA,NA,NA,NA
2008-10-01,NA,NA,NA,NA,NA,NA,NA,NA,NA,NA,NA,NA,NA,NA,NA,NA,NA,NA,NA,NA,NA,NA,NA,NA,NA
2008-11-01,NA,NA,NA,NA,NA,NA,NA,NA,NA,NA,NA,NA,NA,NA,NA,NA,NA,NA,NA,NA,NA,NA,NA,NA,NA
2008-12-01,NA,NA,NA,NA,NA,NA,NA,NA,NA,NA,NA,NA,NA,NA,NA,NA,NA,NA,NA,NA,NA,NA,NA,NA,NA
2009-01-01,NA,NA,NA,NA,NA,NA,NA,NA,NA,NA,NA,NA,NA,NA,NA,NA,NA,NA,NA,NA,NA,NA,NA,NA,NA
2009-02-01,NA,NA,NA,NA,NA,NA,NA,NA,NA,NA,NA,NA,NA,NA,NA,NA,NA,NA,NA,NA,NA,NA,NA,NA,NA
2009-03-01,NA,NA,NA,NA,NA,NA,NA,NA,NA,NA,NA,NA,NA,NA,NA,NA,NA,NA,NA,NA,NA,NA,NA,NA,NA
2009-04-01,NA,NA,NA,NA,NA,NA,NA,NA,NA,NA,NA,NA,NA,NA,NA,NA,NA,NA,NA,NA,NA,NA,NA,NA,NA
2009-05-01,NA,NA,NA,NA,NA,NA,NA,NA,NA,NA,NA,NA,NA,NA,NA,NA,NA,NA,NA,NA,NA,NA,NA,NA,NA
2009-06-01,NA,NA,NA,NA,NA,NA,NA,NA,NA,NA,NA,NA,NA,NA,NA,NA,NA,NA,NA,NA,NA,NA,NA,NA,NA
2009-07-01,NA,NA,NA,NA,NA,NA,NA,NA,NA,NA,NA,NA,NA,NA,NA,NA,NA,NA,NA,NA,NA,NA,NA,NA,NA
2009-08-01,NA,NA,NA,NA,NA,NA,NA,NA,NA,NA,NA,NA,NA,NA,NA,NA,NA,NA,NA,NA,NA,NA,NA,NA,NA
2009-09-01,NA,NA,NA,NA,NA,NA,NA,NA,NA,NA,NA,NA,NA,NA,NA,NA,NA,NA,NA,NA,NA,NA,NA,NA,NA
2009-10-01,NA,NA,NA,NA,NA,NA,NA,NA,NA,NA,NA,NA,NA,NA,NA,NA,NA,NA,NA,NA,NA,NA,NA,NA,NA
2009-11-01,NA,NA,NA,NA,NA,NA,NA,NA,NA,NA,NA,NA,NA,NA,NA,NA,NA,NA,NA,NA,NA,NA,NA,NA,NA
2009-12-01,NA,NA,NA,NA,NA,NA,NA,NA,NA,NA,NA,NA,NA,NA,NA,NA,NA,NA,NA,NA,NA,NA,NA,NA,NA
2010-01-01,NA,NA,NA,NA,NA,NA,NA,NA,NA,NA,NA,NA,NA,NA,NA,NA,NA,NA,NA,NA,NA,NA,NA,NA,NA
2010-02-01,NA,NA,NA,NA,NA,NA,NA,NA,NA,NA,NA,NA,NA,NA,NA,NA,NA,NA,NA,NA,NA,NA,NA,NA,NA
2010-03-01,NA,NA,NA,NA,NA,NA,NA,NA,NA,NA,NA,NA,NA,NA,NA,NA,NA,NA,NA,NA,NA,NA,NA,NA,NA
2010-04-01,NA,NA,NA,NA,NA,NA,NA,NA,NA,NA,NA,NA,NA,NA,NA,NA,NA,NA,NA,NA,NA,NA,NA,NA,NA
2010-05-01,NA,NA,NA,NA,NA,NA,NA,NA,NA,NA,NA,NA,NA,NA,NA,NA,NA,NA,NA,NA,NA,NA,NA,NA,NA
2010-06-01,NA,NA,NA,NA,NA,NA,NA,NA,NA,NA,NA,NA,NA,NA,NA,NA,NA,NA,NA,NA,NA,NA,NA,NA,NA
2010-07-01,NA,NA,NA,NA,NA,NA,NA,NA,NA,NA,NA,NA,NA,NA,NA,NA,NA,NA,NA,NA,NA,NA,NA,NA,NA
2010-08-01,4.088903374119623,-0.4164730402934172,0.9501014007069665,-0.19548753244732708,-0.06721695217271718,0.0031905711087470076,23.963462059167753,159.70224467010792,0.012044239790550623,0.0011614834399406328,0.1078658952308902,0.0030636974381740498,-0.008220614554470746,-2.9499870020758645e-4,-2.6668614935440575,4.089087871427589,2.468057402231167,2.0148439004369854,1.4010468492288628,0.4026122062029242,0.5958224368230144,2.2062712616347113,0.6137970512081226,0.9125526425474629,0.8827410434159162
2010-09-01,4.014490289723028,-0.3233489383578706,0.8713439038783827,-0.143319043771959,-0.19739149689845492,0.006047304039016875,10.1896807296301,220.81965902062595,-0.0015350460555840768,0.01713716562895856,0.13881949838047236,-0.003201947206965188,0.011045223010325051,-3.245506416356502e-4,-1.811229767129468,-1.061924027922638,2.7061410535856094,2.3926816240369355,2.465405380484961,0.3449050871341546,1.7755952062166518,3.15521555475327,-0.07272375644802542,0.9248475389502063,0.8992273817741403
2010-10-01,2.3116193675967778,0.5274988458404583,1.0023689691228153,-0.030587084029535173,-0.33783435917215965,0.009610193638730814,-32.916799540342424,215.0793298827661,-0.00629560922721251,0.014181185002745775,0.18446760624668299,-0.005624189506962152,0.04104747251285161,-4.966511710530543e-4,2.21346382450948,-0.9572389254868526,2.298309483342802,1.87682988843282,2.0176783034834482,0.2892466785865288,1.4391849463103905,2.596171660656506,-0.14084841505062817,0.9157718816283068,0.8870577503652296
2010-11-01,0.9743322260737817,0.9963418990336843,0.9299160980332951,0.07139955265895054,-0.47105213951016617,0.008559244775881145,-61.933572029957695,209.38192835648894,-0.006378998853498888,0.014200357890295954,0.19721573008407609,-0.006849296350064379,0.05850442923087738,-4.235087390260206e-4,5.407560391694883,0.47083383678155627,2.8724233507771983,2.2789168998717435,2.4331435379037,0.314598965400457,1.803945607102786,3.062341468704614,-0.15422663803195658,0.9112720164494583,0.8810238402390465
2010-12-01,0.5775688547747465,1.1289542480662336,0.8690037193265315,0.1168104875477889,-0.5396532724665302,0.009195727005825733,-74.53685789905116,210.45846250537764,-0.011383292903224183,0.010081328011276118,0.2064460486719306,-0.009650967953416863,0.06417425230318956,-4.369724699282451e-4,6.209648976315598,-0.15124856584448876,2.868929669204733,2.5635486314886786,2.792859917613865,0.30277338151587724,2.1873131545821103,3.3984066806456195,-0.22931128612518625,0.9192930455496289,0.8917793110779114
2011-01-01,-0.09399376074241801,1.2726074984125666,0.737026761985701,0.19564755695538347,-0.6586337299682066,0.005540222822667025,-94.42170274796182,212.86463846287037,-0.012728409501751026,9.455736810373529e-5,0.21919356227981696,-0.01376688968907452,0.0701358949255471,-2.8043893577107856e-4,7.887524917230417,-1.5883292855307813,2.8170190493624365,2.4602388038709453,2.7399871059255116,0.2960078741426525,2.1479713576402064,3.332002854210817,-0.27974830205456636,0.9225765866343874,0.8961822411688376
2011-02-01,-0.3792668068402803,1.2596173018021832,0.7434876607808297,0.23282598629131104,-0.7155549679864049,0.004629155084372811,-101.82817872786842,205.72977665237778,-0.015271513085671207,-2.649323704941185e-4,0.21628886663102423,-0.015554149879157998,0.0721186120021107,-2.3564343424201619e-4,8.538669010436797,-1.422072741572788,2.7989637952774906,2.548711441182019,2.8289694791145124,0.28766387634648505,2.2536417264215425,3.4042972318074822,-0.2802580379324935,0.92832959705056906,0.9038965051359903
2011-03-01,-0.9678140891860754,0.5909113085919019,2.053234190907958,0.2835073235920045,-0.808432860201097,0.003470419927829557,-107.80560975201486,164.77252055865898,-0.012128777007177871,0.0371912559841346,0.03221905017571328,-0.014777882374954254,0.06869937881782956,1.032855042721733e-4,10.46970228764385,2.1992983354130864,3.1688456225057675,2.9012375069700567,3.4184331808330715,0.33179988698570506,2.7548334068616613,4.082032954804482,-0.5171956738630148,0.943062362206155,0.9236518038673442
2011-04-01,-0.967169680617782,0.7576156493858938,1.933203712914418,0.28812971279391136,-0.8029393447798351,0.00219724942932008,-115.6284912660797,184.7787037543586,-0.014817131203402977,0.023526297152343247,0.051608226540841726,-0.015761759990531733,0.07059073277566201,1.4495101932410177e-4,11.378593787462243,-1.1240225986573833,3.534361252249997,3.4441930935996465,3.59892324619444,0.2718364263373232,3.0552503935197937,4.142596098869086,-0.1547301525947935,0.9528589466452416,0.9367881330015739
2011-05-01,-1.4218530687896485,0.810719443948009,1.780791409220733,0.33169565818398933,-0.8541737411490675,-5.962897109439287e-4,-123.84258198510793,181.56283521640708,-0.014309465451200392,0.018319149058500662,0.0575658027598064,-0.017346050993572386,0.07120821693716294,2.6195206920549987e-4,12.15946802587205,-0.99294979836088,4.238791355211685,3.704792377551541,4.000309738972111,0.29289539185338254,3.4145189552653457,4.586100522678876,-0.2955173614205697,0.9539374728412293,0.9382343385825574
2011-06-01,-2.692492374007631,0.7903039836158119,1.4679312064079835,0.3464234874938531,-0.8110380778924178,-0.0010615082552842868,-96.41169117663972,163.25700515902716,2.9181004289225027e-6,0.026555078846431424,0.04019051421490783,-0.01112283879012716,0.07325676351857638,2.810324788200735e-4,13.788680907598764,1.5234429392776672,4.578855779522412,4.085271406189004,4.159210469310894,0.33802997722245737,3.4831505148659794,4.835270423755809,-0.07393906312189014,0.958716862107407,0.9446430650985685
2011-07-01,-3.5234060210252065,0.7026087089276303,1.306026969622238,0.3365695012329175,-0.7307025809685389,-0.0013351877924981945,-65.68056164760269,180.0490300993768,0.003692479304051886,0.025424302457488907,0.03999203692387676,-0.009096129055766988,0.07076580432073258,2.501628512429552e-4,13.81541016825046,-1.8904934848676722,4.646314873768493,4.476926008226343,4.503117981723827,0.3632028288205023,3.7767123240828226,5.229523639364832,-0.026191973497484256,0.9679091566081401,0.9569690963609152
2011-08-01,-4.139202026637119,0.71570094397306006,0.9285953967816434,0.3089286315489761,-0.636225014499042,0.0010740500631643245,-31.50435806951981,182.86103525226906,0.00838080301684752,0.02727455658094196,0.05692310571991464,-0.004703994905982134,0.06937765862429632,7.63252556698032e-5,13.11774856161963,-1.8147559131039361,4.512897793251792,4.474035662168225,4.704071799175138,0.2813145512497218,4.1414426966756945,5.266700901674582,-0.2300361370069135,0.9722718945822544,0.9628191313716593
2011-09-01,-4.241219779106314,0.6706927824543216,0.8009552160544221,0.30310895144063577,-0.6168395977457202,0.0018465358443512136,-19.04279062032796,180.56067819930925,0.006283617597552133,0.031053638065692033,0.06964374980011617,-0.004368790930980009,0.06911819884796015,2.647624925059297e-6,12.485419088596332,-1.509149341376331,5.026119449530158,5.0264513108470155,5.819917749298367,0.3248981123646297,5.170121524569107,6.469713974027626,-0.7934664384513512,0.9759111704501305,0.9676990694672205
2011-10-01,-4.576110712623489,0.6173683593388832,0.8670351715352097,0.29761065862192765,-0.576602524071269,0.001309510682276503,-7.688683758672385,192.59252853833848,0.0051967288354755675,-0.005678634244031614,0.0421788290781575,-0.004854441782681169,0.05806622033426013,1.593315805277943e-4,12.760682392326599,-5.650059031758265,5.011208223180705,5.345110823670345,6.7381810534209325,0.3821583737343168,5.973864305952299,7.502497800889566,-1.3930702297505873,0.9761336636551468,0.9679974126284923
2011-11-01,-4.586778715943982,0.5965906529992399,0.8773737701007513,0.2975802564263101,-0.5714237712481272,0.0014857811263588757,-5.431259640579939,191.50039860846812,0.0025668464153599953,-0.004114404168852819,0.03877086561858388,-0.004859238811690116,0.05720279794717697,1.5592776209295416e-4,12.558079570870484,-5.48598876914594,4.972237694623266,4.920694785359367,6.172072369845859,0.35745686732565457,5.45715863519455,6.886986104497168,-1.2513775844864918,0.9781293721306467,0.9706734762660943
2011-12-01,-4.858811993711871,0.5621664079957933,0.8865100788685314,0.311116352861173,-0.5742233659689077,9.551741660492389e-4,-4.087070159039239,192.25743154888823,8.786505531381926e-4,-0.008942809432237134,0.01080383964083598,-0.005762346255918098,0.04956496861062737,2.2719599804460393e-4,11.654375155804928,-4.62560909513219,5.849094385673654,5.248560406080974,6.000310565302353,0.36941725953449756,5.2614760462333585,6.739145084371348,-0.7517501592213796,0.9782626288921997,0.970852161469086
2012-01-01,-3.858449119372436,0.8618556409194138,0.600132362111934,0.33760047672211563,-0.683404926912411,-0.001476145622077176,-46.42826754903797,232.11554461648524,-0.009240238638752915,-0.02981621634934505,-0.0032212461601535845,-0.007704364118316271,0.049192866733904224,5.285538590332307e-4,12.42184088192459,-4.200360742519252,7.130752412371188,6.203556537726383,7.055618318849518,0.4681576233657505,6.119303072118017,7.99193356558102,-0.852061781123135,0.9754079154347376,0.9670242502420345
2012-02-01,-2.6476394897633484,1.0264117359800489,-0.28314019990113776,0.33537734083710985,-0.7622541882633238,-0.0020937281961293506,-56.219459526183115,313.47914927461863,-0.02275764600116919,-0.0363548950392149,0.027412553723721526,-0.0077701872933669085,0.0597454683213158,7.867714926763422e-4,14.238528026702463,-9.488237532373253,8.032954497061638,6.74103059272362,7.635438176572615,0.4967880000827656,6.641862176407084,8.629014176738146,-0.8944075838489951,0.9689006904190566,0.9582986530619167
2012-03-01,-6.282038890022105,0.46653386407040276,0.35102041118435123,0.34294241282781146,-0.557267252005638,0.004304335093173201,42.1476487699381,138.0006520984791,-0.0026285645597367673,-0.04262012098050608,-0.044233226418777055,-0.009509204829441316,0.015042582905095287,1.2589452526014225e-4,3.9716400373484575,8.251608810623756,5.281086287997114,6.322285772823493,6.372376664070791,0.6064004294311515,5.159575805208489,7.585177522933094,-0.05009089124729815,0.9558370893696564,0.9407815516547665
2012-04-01,-7.059417051597633,0.008032200956877164,0.2943384253408363,0.3545146343551419,-0.5535744253869069,0.004095185653354284,83.49364676943607,101.59380640199218,0.0033969475566587052,-0.04305828834859851,-0.068659525651244,-0.009214867593168335,0.010050382568331025,6.320046895936443e-5,4.138841514764615,3.6876770719381975,5.852109864704868,6.6313700346810265,6.656079947551673,0.9301380069245841,4.795803933702505,8.51635596140084,-0.024709912870646278,0.9518230447445781,0.9353990827256843
2012-05-01,-7.105734252796033,0.023352526700363665,0.16499073764477712,0.35339261480122425,-0.5506092529107393,0.004461330424743317,87.01308022018492,96.23092086819422,0.004928854511330645,-0.04273979482074589,-0.05579450705948546,-0.00939987488592565,0.00833393255796193,6.551810936847127e-6,3.1715732014553626,5.983531459185467,7.383640136891899,7.257081196125368,6.7990562745553,0.9661898472730391,4.866676580009221,8.731435969101378,0.45802492157006824,0.9561485176854536,0.9411991487145855
2012-06-01,-6.174118133896623,-0.15406799628936932,0.9140126750554042,0.4058229451243779,-0.7469689280548873,0.004568293627408663,26.68173948540872,67.7586578856177,0.0063114168787852965,-0.042464985354146,-0.10803740505801633,-0.012735234885677602,0.00619537941458411,1.755220882696599e-4,4.397943118505643,8.662007411405634,7.6408606242078925,6.654531175499044,6.55720456892561,0.8755290022940315,4.806146564337547,8.308262573513673,0.09732660657343395,0.9555641975166163,0.9404156284881899
2012-07-01,-4.927702928626238,-0.20584404009892468,1.6897992377150166,0.4524110021012344,-0.9432729336929631,0.0021980573176876876,-38.922809053377854,50.065724997094286,0.0022535163355948706,-0.04018714672255731,-0.15544152097676597,-0.015190722162770738,0.015193767448373597,3.415114461323298e-4,8.010039774724975,8.659262809758788,7.125071744249346,6.841878071304018,7.0219989065700466,0.7468342354949558,5.528330435580135,8.515667377559957,-0.1801208352660284,0.9576756619391632,0.9432469103275143
2012-08-01,-4.982702439685566,-0.22828335795890536,1.6787360445601751,0.4515025526357251,-0.929383220278257,0.0024691368957414977,-35.94135543419997,50.5269072395828,2.1591204090761626e-4,-0.04133212129068495,-0.15670218633785046,-0.01508765449532394,0.013263549434152082,3.1151201101960456e-4,7.684438974753217,8.578608397452346,6.695391780305553,6.707889836553616,7.005792858290484,0.7031573654480647,5.599478127394354,8.412107589186613,-0.2979030217368672,0.9597222478400774,0.9459911959673766
2012-09-01,-5.902134151586021,0.06638019723557358,0.9564156559525372,0.40396682450563,-0.7312350367153986,0.00552771072608109,4.846612449986932,70.10605656043465,0.0017803918851234423,-0.060422063013631386,-0.09569214155983657,-0.01191583954823507,0.0025868861549689774,5.720305667893966e-5,4.4778724464765824,7.691028993714521,5.657704570650979,6.725347081979745,6.727589903436777,0.6256304132675109,5.476329076901755,7.978850729971799,-0.0022428214570320293,0.9560660830415719,0.9410886113511987
2012-10-01,-8.297049853732624,-0.9822250782692594,0.21977634650796415,0.3601759947683027,-0.4455274573797508,0.011996374450702861,133.76706484249434,108.9123951299618,0.007902602755402464,-0.011778864118376139,-0.08918964539153275,-0.010149174898091496,-0.023139750251535363,-2.4381918442370945e-4,-3.3910720283405222,6.1774352094486,4.829016006494351,6.1190684052405615,5.923440587279542,0.7183569276451609,4.48672673198922,7.360154442569863,0.1956278179610198,0.9463918448857606,0.9281163374604516
2012-11-01,-9.544259965089843,-1.159632422835356,-0.16491796994485855,0.34972555396818994,-0.29693026969989816,0.00860275038115307,176.99332023719475,129.35800123311782,0.015517723452446171,-0.011609627989953832,-0.05880017061941349,-0.00925395891957715,-0.039861913273209454,-1.7684006028605801e-4,-6.912669231424327,4.756324106115556,4.6316411546193414,5.795285652396633,5.4027884266187645,0.6550710554792275,4.09264631566031,6.712930537577219,0.39249722577786894,0.9404996787940444,0.9202154783829232
2012-12-01,-9.837669606169436,-1.372346221394163,-0.8409026995115008,0.33707489662631346,-0.23349185138859258,0.012766273670454605,204.57488051925029,135.18008551926837,0.019880360936678092,0.012022304171866055,0.04663819373349836,-0.007651402982543991,-0.04010979219319166,-5.433342165652959e-4,-9.447663139461538,3.9056026101976262,3.5912705531284255,4.5068817808603034,4.259229525406932,0.5969337127007055,3.0653621000055207,5.453096950808343,0.24765225545337177,0.935790337347086,0.9139006796245017
2013-01-01,-10.27869600741523,-1.1998410846291987,-1.411171648382791,0.3374159354983185,-0.151879421087065,0.011151553697988904,201.27790268701506,147.97713261020218,0.03008074406970383,-0.010513511112222512,0.13355229465693394,-0.006510225607972284,-0.052576784336740734,-6.184160203925442e-4,-11.202720800102973,1.6444082781431129,2.8858904215809855,4.214303676055966,4.0603689090585515,0.5723087876907462,2.915751333677059,5.2049864844400435,0.15393476699741448,0.9290987013138735,0.9049278040345122
2013-02-01,-11.14736997278714,-1.1252595569322479,-1.4278978553202921,0.33791230992599836,-0.04430622864703164,0.011756365586919539,199.30336980307746,165.23374246801785,0.03632143301777669,-0.04871661399477542,0.09560785850082142,-0.0059596284900091286,-0.0742939618539401,-7.940819288232737e-4,-12.870492246726315,-0.4545793127550998,2.822253637412262,3.9759350767158224,3.4238444438526336,0.5563538520254578,2.311136739801718,4.536552147903549,0.5520906328631887,0.9248578731052635,0.8992412389366032
2013-03-01,-13.651006850410134,-1.13058036069877,-0.7078577375546047,0.36149555861887617,0.17065498795499814,0.0099642860101565,193.06778401064332,186.93322058055963,0.05278699049866956,-0.1526736448070871,-0.09431862978322961,-0.006700309916725218,-0.14176689562367395,-8.6562463024056e-4,-18.17469001670873,-3.6934904968885087,2.9905529720030097,3.8964316548643665,3.131384353617566,0.578314994363865,1.974754364889836,4.288014342345296,0.7650473012468004,0.9260856484444253,0.9008875740504794
2013-04-01,-14.351026909874072,-0.6661178210696646,-0.5118336233595735,0.36759525416500843,0.26921322261425734,0.0021685145437577453,173.67263921086675,205.26466776976199,0.05630338906722514,-0.18898383528210763,-0.11578672239194009,-0.006735645755474113,-0.15128487985530173,-5.126730891599406e-4,-17.355838854911674,-5.689439699297159,3.068316245005904,3.819962570078716,2.8878902379883407,0.6675625374935272,1.5527651630012862,4.223015312975395,0.9320723320903754,0.9220545268248669,0.8954822064242534
2013-05-01,-14.714296951761511,-0.23690044357068746,-0.45308117174152457,0.36996068253850267,0.3285862616631075,3.852530284406015e-4,145.20774961853058,215.3253165128565,0.06319512461633241,-0.2278956635623887,-0.10997157406464891,-0.006158445727754397,-0.16065200033355137,-5.29056043869553e-4,-16.681379378974828,-7.623492598536267,2.4251712302017956,3.120386313795792,2.68901637122325,0.5978360382941427,1.4933442946349647,3.884688447811535,0.4313699425725419,0.9177564965483732,0.8897189385535005
2013-06-01,-14.050599045921615,0.2635302207372067,-0.576501840809113,0.36801255730882265,0.3813910834555914,-0.0018390257079416781,96.61133479458103,220.35375070411496,0.058619875872218015,-0.2240735087136046,-0.059370399145720495,-0.0056333222098340074,-0.1441757846389537,-4.010609089659498e-4,-13.22020874656044,-8.009358782473875,2.599477002897557,3.7406012577801016,2.492989818825567,0.6750021689659758,1.1429854808936155,3.8429941567575185,1.2476114389545345,0.9102819857723307,0.8796962991038071
2013-07-01,-14.171804584121222,0.22229712147263955,-0.47441896178428594,0.37800788477549835,0.4669325687709962,-6.257747254845487e-6,70.66294287124092,216.2497790824947,0.059237386861499146,-0.21201595884429444,-0.051964877757084624,-0.005789444816268905,-0.14270116715511533,-5.139440548804379e-4,-12.427367643010983,-7.919550492104792,2.726058850338198,2.9670791833755223,2.3289386636617344,0.6438575219931796,1.0412236196753752,3.6166537076480934,0.6381405197137879,0.9103236586513439,0.8797521786461202
2013-08-01,-13.949687264426954,0.03194915305601925,-0.26509203887100846,0.4053432345555578,0.6086894219719553,-7.605179360267109e-4,19.000637425396203,202.98000498917466,0.05360529496318355,-0.1618112849974655,-0.016984498114979762,-0.006883827614866759,-0.12996592268044277,-4.203610818752728e-4,-10.010932587760678,-6.800155924406097,2.509038410743101,2.6810836170714234,2.2748814393218684,0.6199988013312175,1.0348838366594333,3.5148790419843037,0.406202177749555,0.9119563291646131,0.8819414413798221
2013-09-01,-14.535478033675151,-0.734644216325549,0.4813753146684895,0.46330909565268624,0.9601201393767326,0.0038623169547362577,-63.33101354840717,180.42270041260397,0.04275868168860539,-0.09027409517689322,-0.07578652504765147,-0.00943567319512308,-0.13747954075705873,-4.872867658415083e-4,-9.699731153838254,-5.161715236573988,2.4695871643423892,2.5038766766802265,2.1833957825671106,0.5850586674286754,1.0132784477097598,3.3535131174244617,0.32048089411311587,0.9212884637982939,0.8944549855477122
2013-10-01,-15.128183459629723,-0.5320201879281183,0.6256019990210263,0.46494718553256636,0.9602587250181115,0.001323848461690731,-63.79725078414962,181.5686702748346,0.056161053848822584,-0.13709537767508861,-0.1154778165866403,-0.009609114462528812,-0.15219580988288683,-5.759255017210684e-4,-9.022065724711476,-5.143248771939728,2.141960672030611,2.742967989094375,2.294756669211873,0.6223112945308733,1.0501340801501264,3.5393792582736197,0.44821131988250196,0.9186794520394148,0.8909565379619426
2013-11-01,-15.827841947236378,-0.7084932637125677,0.9220093986801798,0.48159199752088666,1.0749012470352695,0.0015175618085364556,-77.38934019853811,175.60203722883966,0.058913707001604566,-0.14755151006450692,-0.20335816058417308,-0.012471047048393387,-0.1704196270577995,-1.886235146412156e-4,-7.299356409780514,-3.6135666706570104,2.054462284594716,2.256884228826564,2.361647683495212,0.5692495529578923,1.2231485775794275,3.5001467894109966,-0.10476345466864823,0.9180390924749708,0.8900978740005291
2013-12-01,-16.20695305209932,-0.6086393913517198,0.9363727612125853,0.4759424682916199,1.0573412780649958,8.645348971498762e-4,-65.84913931053791,179.42858267127687,0.06801439397325224,-0.16500725818756934,-0.21521521008259425,-0.012034027009006304,-0.1756145095015381,-2.0267506177178024e-4,-8.261871880477566,-4.093196079893793,2.042175159329968,2.340964492415786,2.1704473470781736,0.5743284459312934,1.0217904552155868,3.3191042389407603,0.17051714533761242,0.9158838941286517,0.8872079489452375
2014-01-01,-16.415197780068265,-0.4757267591356,0.9024533546885113,0.4675362203749687,1.0305596139617652,6.606057762249598e-4,-55.93977287062414,184.05913214794987,0.07549962538062141,-0.17613102073075068,-0.20935393546766648,-0.011106549104090587,-0.1760465737927535,-2.5445947350716177e-4,-9.668624252666442,-4.828433097356131,1.877323406345052,2.306912408361987,1.7745436778676655,0.5775929893062268,0.6193576992552119,2.929729656480119,0.5323687304943214,0.9135782151192777,0.8841162430008497
2014-02-01,-16.38524322501521,-0.4178600958970347,0.7956090286901959,0.4597271642008197,1.0008981607517546,0.002226730679385396,-52.47816581327958,182.70533939335115,0.08356915695433269,-0.18078443701063263,-0.1997888214565657,-0.01081351825585477,-0.17468498203863475,-4.6186101909194926e-4,-7.813532330988148,-4.453017174521714,1.7686944266291782,2.232076674996316,1.5120858072821193,0.5820927793571846,0.34790024856775004,2.6762713659964885,0.7199908677141966,0.9113246778658471,0.8810944544110223
2014-03-01,-16.771007039273574,-0.5758198742502325,1.8068233422617035,0.4477310196151944,0.872949218272868,-0.0021354553770358033,-40.044213535018955,176.50252456834437,0.12350779137670892,-0.19248435825227794,-0.32006045255823656,-0.011291917104228475,-0.2940142768882153,6.783411107535206e-4,-4.60468323997222,-7.872053877716226,1.5468347529875324,2.5475006502265987,1.0538703867147525,0.5639288468591994,-0.07398730700364631,2.1817280804331514,1.4936302635118461,0.9202836278409045,0.8931075918775764
2014-04-01,-16.356136232084094,-0.5396252094796329,1.6337447590069676,0.43860349017040173,0.8140859645161085,-0.00189924333053259,-37.1373976050112,173.9747299747604,0.1302706859006563,-0.20452457519991893,-0.28669294977173587,-0.01007401963951977,-0.2933261919101468,6.065815036624665e-4,-3.160015287477766,-7.582719644549846,1.351228566766354,1.469969417481666,0.8358733283041673,0.5947853306209103,-0.3536973329376534,2.025443989545988,0.6340960891774987,0.919838574584961,0.8925108159207431
2014-05-01,-15.455312014000734,-0.39593133602861147,1.2759342701082288,0.4285660200865506,0.7467764387513042,-0.0011849257487758095,-42.43602848463531,172.08411216218337,0.1263451761040812,-0.20786668309910084,-0.17471149235858363,-0.0064910734444256326,-0.27643055973122904,5.46687181987221e-4,-6.991744080434309,-8.290193383287356,1.4421216892821156,1.1918417961310488,0.9783223508725083,0.599006614043078,-0.21969087721364766,2.176335578958664,0.2135194452585405,0.9190589555440544,0.8914654176613457
2014-06-01,-14.190026050553586,-0.19418303548091548,0.8978136252983914,0.42101788650471567,0.6796221057088712,-0.0013743192979451015,-59.21759353990982,171.01732049528837,0.11513210854052201,-0.19834452644277417,-0.004307882531113349,-0.0017646161510368377,-0.24242783285763758,3.6413441007906294e-4,-10.466743509456506,-9.217668198640446,1.342207493438491,0.902139959923981,1.2183010725534622,0.5828608874337153,0.052579297686031534,2.384022847420893,-0.3161611126294812,0.91773347059232,0.8896880628397018
2014-07-01,-14.137553486114905,-0.23700167482864745,0.9190345129211659,0.42323054972664503,0.6858831164319964,-8.981599379481018e-4,-65.72199277699303,169.32070193735922,0.1177254450469738,-0.20128156006593406,0.03262613070621169,-7.144282544182259e-4,-0.23947321687623602,3.4525921254877784e-4,-9.76767062487973,-9.121134360258413,1.4458537296572131,1.3697818138332667,1.0816563794568435,0.5631034378155795,-0.0445504961743155,2.2078632550880024,0.28812543437642324,0.9170920331478356,0.8888279535391432
2014-08-01,-14.843281836678184,-0.3213889698223781,1.3235219052058838,0.433585994726737,0.7826834881823161,-4.693294576832024e-4,-77.03085936802267,170.1368095800194,0.11908707238175166,-0.19372517504783263,-0.010886545565984408,-0.0014606457333612701,-0.24365833494486483,4.253777086012141e-4,-10.716358738608477,-9.252971432509582,1.4944576224929609,2.095757916742875,0.9030896714682068,0.5656491599910008,-0.22820864851379485,2.0343879914502088,1.192668245274668,0.9135825051944303,0.8841219956016224
2014-09-01,-14.93677272811129,-0.29476627378972503,1.3313876551139452,0.4317497645021223,0.780178363905523,-7.819869032871719e-4,-76.41865210274587,170.5132665744454,0.12425818879882532,-0.19516263570555675,-0.05546388805467758,-0.0022711126785785237,-0.25169016442858183,5.859104563900987e-4,-12.950551643188195,-9.514872557020754,1.446562146933346,1.5890280411787532,0.8467113066692971,0.600269328088745,-0.35382734950819295,2.047249962846787,0.7423167345094561,0.9123566848206933,0.882478281918657
2014-10-01,-15.839619480983384,-0.3559843325257322,2.153113322660959,0.46877276898598175,1.0644240805988878,-9.797174059475082e-4,-133.60391346218262,163.9374655728986,0.10077517286207235,-0.16566021414303161,-0.1196961573574945,-0.0027978061950989746,-0.24684322901814193,8.126183989823185e-4,-25.080136206482987,-10.467827985907327,1.8536311489948416,2.6707058506629053,0.37162670315586155,0.6411567956466319,-0.9106868881374022,1.6539402944491253,2.299079147507044,0.9061879274367072,0.8742065390628573
2014-11-01,-14.793919838117768,-0.15448819896809657,1.530208263061996,0.4556197758383167,0.9607462432359252,9.187022295781538e-4,-138.51882057450612,153.8710976715379,0.10459364308539117,-0.1966551612961827,-0.18778922861757463,-0.002342100378681468,-0.26211806830017675,7.946239130380606e-4,-39.87326645488451,-11.565886521970379,2.113567606834746,1.5683080444439825,-0.0013302232501999356,0.6118401484045654,-1.2250105200593306,1.2223500735589308,1.5696382676941825,0.9074430823583158,0.8758895877077417
2014-12-01,-13.625551680256429,-0.11041239601833845,1.2011756135013283,0.4466756396394732,0.9040900369295877,0.001291443770599427,-155.58418374012612,145.46184137611843,0.10544236134601327,-0.20606639558596776,-0.2283188158670249,-0.00241796655204632,-0.26941504094387664,8.48322155164323e-4,-44.56039675286662,-11.428421366632662,2.243705637716786,2.141660375499408,-0.24559159064401292,0.6472861510022233,-1.5401638926484595,1.0489807113604337,2.387251966143421,0.9079566907133836,0.8765782898202189
2015-01-01,-12.264869293660883,0.03353534918097928,0.9700025982758602,0.4362998914188365,0.8793714948248862,0.0014157103308115922,-179.35286303670281,140.87768031702166,0.09154372247641447,-0.20276841256920738,-0.21333187163298176,-9.466399111881012e-4,-0.2569573276112707,8.430398570144884e-4,-49.553564983784426,-11.665021267538782,2.618190876828429,2.981207325721728,-0.21824229696271047,0.6725906513207441,-1.5634235996041987,1.1269390056787778,3.1994496226844387,0.9058127367378651,0.8737034424439555
2015-02-01,-8.575363300128844,0.23044080067284423,-0.3347246171938812,0.3944730531349991,0.7092220913459372,0.004701369507469701,-211.36102836319552,122.89174367193407,0.08180447634363688,-0.23985295056707384,-0.47169392374855934,-0.003750796873870419,-0.2853157027806077,0.0010090458744268342,-70.47166517651736,-11.710049734447725,2.7212327859714582,2.0197281849421964,0.08647805123632857,0.7402827150735104,-1.3940873789106922,1.5670434813833494,1.9332501337058678,0.906879047255325,0.8751332679105495
2015-03-01,-3.534390085717828,0.7759194139482283,-1.7352590155334098,0.33342207187585454,0.3582423720100618,0.003015112231527932,-239.96445545137396,101.08841016091728,0.06776186240628526,-0.24582547022565138,-0.3057174491808627,0.0012628882710272972,-0.24367433560915017,8.611002732007878e-4,-69.02993434278054,-9.421696636621554,2.9968144405040884,1.5013502626055584,0.6523686436795519,0.8045047510237999,-0.9566408583680479,2.261378145727152,0.8489816189260064,0.8862404008789333,0.8474587193603879
2015-04-01,-2.387698358324261,1.0721403891650023,-2.8434472548085123,0.32960581471393907,0.2569155505679707,0.007289325357083817,-247.52196211284917,79.18617042910951,0.062064442831076316,-0.27039153228203844,-0.32587724666557777,-4.470819838309181e-6,-0.23958600336056968,6.255835705744116e-4,-76.70824150141989,-6.890634076636798,3.4555361340270476,2.217588063697159,0.9513892630916465,0.8338493160477889,-0.7163093690039313,2.6190878951872243,1.2661988006055127,0.8781927130484514,0.8366675015876961
2015-05-01,-0.35619126662159445,0.9602819007627938,-2.9807794246658226,0.3076751559108766,0.23489546404248465,0.004683553804448148,-267.35140285369044,79.43678223609986,0.04729620795318712,-0.3195807221574849,-0.4010726840185242,0.011117260078637019,-0.250351784385493,-5.233765082814755e-4,-87.36265506011154,-5.533175836425065,3.0066074769454554,2.793083536998217,1.7538873521690004,0.8566430238548437,0.04060130445931298,3.467173399878688,1.0391961848292168,0.8787591022900593,0.8374269780707613
2015-06-01,-0.140568874192661,1.3697649126589815,-3.560404511488259,0.3223607849919114,0.17276580313650458,0.0033983141485216836,-286.9930167089949,47.462770645906915,0.05346928544122117,-0.33186995486524534,-0.4468221844256151,0.0013836485713433558,-0.23843940113981885,-9.79162804909001e-4,-112.04482151749724,-6.313679190330427,3.0525514207865423,3.785705739141681,2.376931908450692,0.8522097795876752,0.6725123492753415,4.0813514676260425,1.408773830690989,0.8888312525955462,0.8509328159803915
2015-07-01,1.156606334743323,1.44644706715917,-3.5360836599742393,0.3047489098250148,0.11927106265668323,-6.643964946992189e-4,-301.0158668082845,43.92531313613389,0.05175537159548022,-0.3222365709646541,-0.4681312730026965,-1.7679771032854015e-4,-0.2298226346349245,-9.328909777466069e-4,-114.21011227491942,-6.405203667216469,2.8548961438821725,3.7568001598892278,2.650326108029823,0.9183924506997152,0.8135412066303926,4.4871110094292534,1.1064740518594047,0.8838008251623592,0.8441874701040726
2015-08-01,4.619331650848168,1.689560890766248,-4.4830575176051815,0.2663257427824517,-0.03150723237492787,5.26906753196926e-4,-355.0340360995027,2.162246986426274,0.06250665110294186,-0.2804432921851103,-0.6387607588319322,-0.025163949799600936,-0.19729923641728064,-6.644829322565558e-4,-130.21033717317698,-5.961708525164974,2.7694666770309313,3.847078001192572,2.7845386952437705,0.8478283585331025,1.0888819781775656,4.480195412309976,1.0625393059488015,0.8866687496933462,0.8480330961797142
2015-09-01,6.851855954572664,1.678484339381705,-4.810529338639964,0.23978418562594786,-0.09435137092224948,1.1412521566610213e-4,-379.6506096417785,-2.103354079948018,0.05377464429126539,-0.263617828112219,-0.7194340414604473,-0.033680342257815785,-0.18204316262625797,-5.993824882997008e-4,-133.97455705698871,-6.464848770245287,2.2531225941065,2.533716298163593,3.301998572951851,0.9194257100042657,1.4631471529433198,5.140849992960383,-0.7682822747882581,0.8886242691605414,0.8506552700107259
2015-10-01,13.28157739373747,1.0157249940508872,-4.381303036863954,0.10977264125096725,-0.1800273392915314,9.223870037814869e-4,-432.0627780550482,24.963067592555685,0.04785479708985553,-0.2547135565024518,-0.8955202192101556,-0.025960935788014814,-0.17814712855984338,-0.0010604898617967134,-132.1426169403163,-8.033991808883698,2.0864071087425615,3.877318850810211,3.190663602978903,1.119301730228254,0.9520601425223951,5.429267063435411,0.6866552478313079,0.860762124433495,0.8132946668540046
2015-11-01,15.36036355099901,0.7453801033779579,-3.7607809271494053,0.04224902656579933,-0.2039763804188297,-3.0164261011773636e-4,-440.57539950776294,38.48833464637063,0.065779526472009,-0.21286039522662428,-0.881287875624331,-0.026635146973606715,-0.16522933784964386,-0.0010730533178543436,-121.1507518821617,-10.02782190169744,1.97960001227388,3.2566651492258236,1.9068987042163954,1.1375879796764794,-0.3682772551365634,4.182074663569354,1.3497664450094282,0.8553972080268594,0.8061008016723796
2015-12-01,16.84109914025406,0.6118964231548847,-3.5337296720234495,-0.014139041574397177,-0.13439149340576612,0.006880126639387323,-443.5339095635356,41.55655893814235,0.05830816077247663,-0.2074994731435243,-0.8409003190610721,-0.01921216277481386,-0.16592010818797168,-0.0013361865671597142,-116.44562788584437,-10.226029361523487,2.204018556164475,3.289700575059184,1.9080173882273552,1.0754000711664935,-0.24278275410563177,4.058817530560342,1.381683186831829,0.8566560294263227,0.8077887667307508
2016-01-01,17.256734964170498,0.7301467277624915,-3.410345500639725,-0.03917942644925001,-0.10566224920945752,0.0039584852820406325,-434.7995478812669,39.32194888287113,0.059962000546336554,-0.21163255922591856,-0.8113387029575281,-0.017481643420323673,-0.16281114792817888,-0.0013450206561959868,-115.04955161774467,-10.038681467249791,2.489058640993614,2.7953202947698275,1.5707821395140353,1.0523358754424683,-0.5338896113709013,3.675453890398972,1.2245381552557921,0.8615591914720981,0.8143634612921316
2016-02-01,16.923975236472526,0.8650330409361613,-2.982327930496032,-0.07896311097339999,-0.025391192245039208,0.0036783104405972897,-411.5932167468937,34.60652429773997,0.07723267550015939,-0.1833515061545558,-0.734347768527565,-0.015968113522946942,-0.17833096164650458,-2.898606056520709e-4,-100.55812222404715,-9.649748404267767,2.9462616628079377,2.257581183976734,0.8295156425288503,1.1130533598615215,-1.3965910771941927,3.0556223622518934,1.4280655414478836,0.8644461790482314,0.8182346491783103
2016-03-01,17.200962222098507,0.8618152993448628,-2.8787413634989716,-0.10680873141447493,0.08483071315620967,0.004909414855626567,-415.48966018872096,11.381756820308178,0.09576437596010143,-0.15181630414537345,-0.6819139726893316,-0.024270478111189025,-0.17058564207966687,-2.165108738899826e-4,-91.67992654467108,-9.176912702454203,2.599266665306093,2.4252382322341575,0.25148673187551296,0.923880839526468,-1.5962749471774231,2.099248410928449,2.1737515003586445,0.8855864071658136,0.8465817732450682
2016-04-01,17.75969113955172,1.4101891512012823,-3.234377804779946,-0.1691558945479685,0.3797287003573558,0.008049060623621195,-396.8031333001185,-20.779111076194457,0.07636468463545101,-0.23540159579609024,-0.6679409270715899,-0.00803132883848182,-0.22134399386306583,-1.9303569391743505e-4,-106.69376782434543,-6.954682096216694,2.5852514167706016,2.3826782387996133,0.7828048880521834,0.8256784741663884,-0.8685520602805934,2.43416183638496,1.5998733507474299,0.9071692402922095,0.8755223903918263
2016-05-01,16.46054534964607,1.9158411478547082,-3.1543315782525214,-0.21060282196544158,0.7242263809524923,0.004713712346167566,-355.578391367243,-42.746301394559765,0.07524756777778552,-0.28451764475978136,-0.6315124773783888,-3.313156651456384e-4,-0.2545850557935318,1.1647827955858806e-4,-111.62060917119936,-5.35907625680462,2.194342405415118,2.016728280002752,0.6382528358519863,0.8229054317556779,-1.0075580276593694,2.284063699363342,1.3784754441507658,0.9195685591675539,0.8921487497928563
2016-06-01,14.032516091280625,2.204456125200193,-2.9175075632989276,-0.2265352710588743,1.0880822467821483,0.004982655308374872,-315.28185222383803,-62.876525998286176,0.08140852357109819,-0.2909775554105515,-0.5471495086027897,-1.754564938100275e-4,-0.2657856656483549,6.083732379761017e-4,-103.88657361188508,-3.1743753618890054,2.309329659192163,2.1245114115375996,0.9053429390684098,1.2255230307177678,-1.5457031223671258,3.3563890005039454,1.2191684724691898,0.9238047824713692,0.8978291401320633
2016-07-01,8.266224818561675,2.7190616837925203,-2.1804810763002305,-0.24536279052022786,1.9123679807433362,0.0021098744000467564,-230.7854883724079,-107.5028824770371,0.09984618606491413,-0.3197393285979053,-0.32462276105142635,0.003643694517627099,-0.2829551595149642,5.773087388956439e-4,-90.40849334977099,1.3686573222267708,2.396844363605606,2.462550298047944,0.2574867596716377,0.8638294467155223,-1.470172133759407,1.9851456531026823,2.205063538376306,0.9305746932403469,0.9069069750268288
2016-08-01,6.756257449960148,2.5172119834943496,-1.8221598967678634,-0.22096454003317742,1.9159127294075144,0.002095128800948346,-216.03347130467048,-92.55691240092499,0.10978832438165113,-0.2960986216257181,-0.2691870860856198,-0.0031554380975495817,-0.2535640064361425,3.184741173224523e-4,-84.3781413046239,-1.6418990523908525,2.4773168807594037,2.1805596889810204,-0.27330730810523196,0.7322487179497138,-1.7378047440046596,1.1911901277941956,2.4538669970862523,0.9309476208987834,0.9074070371142777
2016-09-01,5.20039867027607,2.153158364418467,-1.5069828559027525,-0.1817108621528848,1.9824648737076789,0.0012483101984205782,-209.77339243592152,-88.63384068308316,0.11301766175391142,-0.4025938799855793,-0.10744440926867295,8.06065570584531e-4,-0.19393723007992,8.869780687587224e-4,-83.17800037844265,-1.9202252906895028,2.518680462353966,2.13650900392414,-0.22685089147954063,0.7240301006922496,-1.6749110928640398,1.2212093099049586,2.3633598954036805,0.932535367221515,0.909536060592486
2016-10-01,5.737574834015538,2.1367208577052725,-1.5754945193117424,-0.18603693706706173,1.919918637608806,6.979642013582415e-4,-216.0449491968859,-83.42585434519042,0.11666493698204207,-0.41410329391848755,-0.17873656128476068,-0.0027961724406976064,-0.21139040178109084,0.0011574268743181607,-89.37000196252815,-3.482944128742293,2.494466357528393,2.742212949351852,0.27746429106299697,0.6489744675912937,-1.0204846441195905,1.5754132262455844,2.464748658288855,0.9324514186135598,0.9094234931409098
2016-11-01,6.74176232256002,2.099772478785262,-1.574050586421348,-0.18714519729225468,1.6979259958099688,-0.001084993956723883,-224.70980256815116,-70.18774536922596,0.1225533309369588,-0.37372831027857745,-0.19034448494215853,-0.0013282153474211327,-0.16673685440659483,0.0013565529007358093,-87.565184092660175,-5.844563887053938,2.142997308789273,2.5556229628287106,-0.11645631442719662,0.7489565586787181,-1.6143694317846329,1.3814568029302396,2.672079277255907,0.9323605028070048,0.9093015833093927
2016-12-01,6.874795792330132,1.7778124412098852,-1.292953854295967,-0.16593493549308602,1.4672499759690425,-4.544267278532846e-5,-240.7757515174447,-69.33369988913361,0.14649702345975815,-0.1510346110469461,-0.10521897120863566,-0.00662563090571586,0.044661670725787236,4.507128880213e-4,-57.84073268332469,-10.135014508173269,2.0368676966378088,1.8091425071474783,-0.2980815410627713,0.7180953679957015,-1.7342722770541743,1.1381091949286317,2.1072240482102496,0.936107975810977,0.9143266039283555
2017-01-01,7.890647293698592,1.7175804607866727,-1.7491365392244835,-0.1616517628094332,1.3738776378751607,0.0011456902188689544,-267.64778329894006,-83.23754695298524,0.1566679086285415,0.13533453175015336,-0.30863978536124426,-0.01405425102421318,0.31645224780724823,-5.798642901147552e-4,-39.814944947277475,-16.577741391113197,2.0597989064665607,1.8695406498508733,-0.5030652077669604,0.7043835448546284,-1.9118322974762172,0.9057018819422964,2.3726058576178337,0.9391286345345551,0.9183770326713352
2017-02-01,12.572373854984571,1.062753268321604,-1.3220470869908998,-0.12743448091731388,0.5033764077908504,0.003157064025844879,-333.8495348389168,-38.8898781879694,0.12739542277948085,-0.2614614055949297,-0.06226420472741199,-0.005981536349726928,-0.10299215027764484,8.375035438356239e-4,-74.2903720590663,-8.102754897197421,2.1478797550862265,1.929601198738879,-0.2394225085738224,0.55835120623006,-1.3561249210339423,0.8772799038862975,2.1690237073127014,0.9432349786357505,0.923883266807029
2017-03-01,12.742882463816565,1.2337312915189322,-1.760201635021254,-0.14529097419139797,0.685917320086303,0.0033055158703147215,-330.1483366321291,-14.689575790912473,0.11302530070472086,-0.23182936238324606,-0.18134109043091115,-0.005946380823837254,-0.09114973864678705,5.368069401844625e-4,-75.48593291619301,-11.368905592164582,2.0319824518154372,1.866744917235142,0.2128415778833812,0.6171816459251552,-1.0215217139669293,1.4472048697336917,1.6539033393517608,0.9440000222472251,0.9249091207405973
2017-04-01,10.381783802666215,1.4172611799645225,-1.4134823095833993,-0.15784430486089834,0.8940347865381281,0.001930584189402123,-277.090462671448,48.257748888540505,0.11179900023175839,-0.12763285735228694,-0.1555247093794262,-0.007502867188128764,-0.02623818889849079,7.384889050207585e-5,-59.76301528946805,-17.379606396904624,1.9220573156095713,2.0495085463428855,-0.29072757290846063,0.57261318668141,-1.4359539462712807,0.8544988004543594,2.340236119251346,0.9470537465242087,0.9290038873847344
2017-05-01,10.367768194741304,1.3823437702912498,-1.3993540161041838,-0.1533554273877579,0.878275708718587,0.0018968081775432844,-280.32650822950296,47.27657336093579,0.11402230577792433,-0.10882235521302729,-0.16121927256030263,-0.009236393883439864,-0.0050959755787873305,1.0004408701472417e-4,-58.88529015613469,-19.24741036566268,1.6622324918625315,1.5602936815753101,-0.4140953900022204,0.5154371336083413,-1.444969657218903,0.6167788772144622,1.9743890715775305,0.9361800845858751,0.9144232952401508
2017-06-01,13.13231332925751,1.4703283256069628,-1.9003369926180325,-0.14770647982829344,0.4483735007002412,0.001007395132182097,-310.5635778940167,53.94050438106343,0.09774943454346456,-0.13331526963287876,-0.23442562476271817,-0.008660059377960765,-0.06451155420886001,-7.858942961285853e-5,-70.07847061988151,11.98966104075817,1.6472000145050616,1.4821005412137915,0.012331310648395544,0.5224837969438466,-1.0326362832392977,1.0572989045360888,1.469769230565396,0.9251563669960048,0.8996414921082792
2017-07-01,14.559081368644609,1.4934726669110616,-2.122083315678921,-0.1489472861355006,0.3147381333975285,0.0010124982655385386,-330.4539757428566,73.25993822554283,0.08528473566331699,-0.14262882928030968,-0.2849433620469873,-0.008590005195694177,-0.09031470843232862,-1.0369777880241091e-4,-77.73470197125687,20.183055974618895,1.4531079451959517,1.3799738002366642,0.26738347254420347,0.5414347591074744,-0.8154860456707453,1.3502529907591523,1.1125903276924607,0.9009757313243609,0.8672174579122113
2017-08-01,14.191746170844546,1.4672226234872345,-1.97276330927881,-0.14732322692309618,0.29801448620547943,0.0012209704058961037,-313.9678815977121,70.29160913229214,0.07601617844542471,-0.16030956991055234,-0.23964726707410913,-0.0073988297117931175,-0.10612730325296947,-3.292556313462751e-5,-73.81928882168316,17.89689901210768,1.532308574492042,1.5698430874373936,0.3242893755743186,0.5470210038216278,-0.769752632068937,1.4183313832175741,1.245553711863075,0.8591687725258086,0.8111581267959707
2017-09-01,12.181498068341448,1.4932568667511026,-1.4604011069862728,-0.14393393383216535,0.14961986428271076,0.001604400651439026,-231.24837591952158,33.46546996544783,0.05780119935430777,-0.2017491548166294,-0.0633663232730106,-0.003244635797079743,-0.14647574245478834,1.2597903529399217e-4,-55.14399061804755,14.368213319038256,1.5266619864255722,1.351537484588397,0.8164262430570766,0.5664372368035118,-0.316448230549947,1.9493007166641,0.5351112415313204,0.8282915419205901,0.7697545675753367
2017-10-01,9.574534011999205,1.3153744370983096,-0.9873856093258679,-0.13344436451903546,0.17445977982829192,0.0015384884943703964,-162.08085813573337,9.16254425843887,0.057027176484480344,-0.16757468691976746,0.03099839008922612,-0.003931096987894257,-0.08481826278326794,9.871793513191352e-5,-31.636968882233194,1.9825824364543154,1.5145542114366894,1.2518845892078012,0.7388332323644011,0.5526047435894602,-0.3663762548145193,1.8440427195433216,0.5130513568434001,0.7886343618753272,0.7165778943328251
2017-11-01,5.5532702804883876,1.0332142441394019,-0.615781569761752,-0.11963039175342718,0.07300779965675035,0.0018019099241992007,-21.32678500108474,-73.99738639556098,0.04448999355003691,-0.1958705419125988,0.0826217003474946,-0.001295271359511504,-0.06827236099764902,7.876481479519305e-5,-3.030953408059957,-4.7060849146120844,1.4279788202890504,1.3969788903263887,1.0679727874694294,0.5085047280890661,0.050963331291297154,2.084982243647562,0.3290061028569593,0.7964935835763377,0.7271163961591801
2017-12-01,5.356391193633294,1.029303549449954,-0.575131528445198,-0.12013534709322815,0.06731378675843555,0.0018717067389026993,-17.3296724177504,-74.42217511285635,0.048440660276246654,-0.1598022461201545,0.05987955788787279,-0.002370564301489858,-0.0422626067907942,-4.469749386077145e-5,-6.490083620549275,-3.100156323517364,1.2232840301543153,1.1753131945664985,0.7752349105633121,0.4837919201606949,-0.1923489297580777,1.7428187508847017,0.40007828400318646,0.7957189410950527,0.7260776710138206
2018-01-01,5.037395171252423,1.0243811582172122,-0.7248655867648693,-0.1172599986270399,0.014856372728012775,0.0019499587028005555,4.869467374537275,-83.52754247972722,0.038974940918346614,-0.22167954146046373,0.04020520331022381,-5.655144012633318e-4,-0.08359551149852669,7.589764553055229e-5,2.8750309115715473,-5.091521801051056,0.9845649958564126,1.0901497168314835,0.9150638188745273,0.4749995110377988,-0.03493520320107035,1.8650628409501249,0.17508589795695628,0.809900310034158,0.7450935975458027
2018-02-01,4.976431476001808,1.3186647469295099,-0.478773573461127,-0.13869963634764665,0.18914438977098239,0.002120220231678378,-4.549458729307156,-74.54708913765154,0.042695319344313025,-0.19617734965660508,0.1367024338524296,5.007682358270704e-4,-0.08524362487487104,1.3539276507475618e-5,2.6142380301096657,-3.744359528794996,1.0099342975664356,1.5633228260448948,0.6567015380990675,0.4539671948082074,-0.2512328515173473,1.5646359277154822,0.9066212879458273,0.8003694519169281,0.7323135832522445
2018-03-01,5.449561755325496,1.4243683794601718,-0.4921331149951713,-0.14404479774902595,0.21945538630348999,0.0021627618183117825,-19.5895902150095,-69.51951216251332,0.04193938326004064,-0.22416709760983938,0.16492735424090132,0.0018197048922588904,-0.10883607236088796,8.621321307521892e-5,3.919113940159375,-3.5696391085800427,1.0781663721735637,1.256203049316734,0.5881182162953307,0.427451547321605,-0.26678487834787934,1.4430213109385406,0.6680848330214033,0.8049966250921248,0.7385182018280765
2018-04-01,7.075471123739632,1.4638609973409304,-0.6953002968347839,-0.15725671295637142,0.18476106681081225,0.0025365775015432153,-53.85511867151025,-58.218671303862635,0.043437317176043405,-0.08852071249584877,0.09935749704544576,0.002132882175735574,0.02229037081553042,-4.1533221321032133e-4,-1.8539100810691622,0.157441890967386,1.0155723884991252,1.3204831508024693,0.8172740382500603,0.3306434291322118,0.15598717998563671,1.4785608965144839,0.503209112552409,0.7927539243318673,0.7221018530813675
2018-05-01,10.037227044785809,1.6374023693418502,-1.0741694833644702,-0.1647461299322403,0.050191184888722436,0.002975786418376739,-119.10646238001787,-38.23356480995371,0.0332772533077422,-0.10741286385712873,0.014731867700932754,0.0036142688029711777,0.03317523494087591,-3.529440531794756e-4,-0.5154307864900225,0.34830292629502296,1.1092429529309222,1.2748095789860545,0.979200697273475,0.3517356241909687,0.2757294488915376,1.6826719456554124,0.2956088817125795,0.8110088990784802,0.7465801146734166
2018-06-01,11.016279499117159,1.6548936196220654,-0.41847951617204415,-0.16770020837778649,0.036477471574348184,0.0033888630953248632,-161.8624992149092,-19.884572966912952,0.0402343360285152,-0.13511470356056443,0.1922838243271572,0.006328687617677623,0.01611827456473245,-2.529094407178196e-4,-6.386142693896699,1.21885584097748,1.2184687473779812,1.3109939872183454,0.7442822123984296,0.38630998692724827,-0.028337761456066923,1.5169021862529262,0.5667117748199157,0.8193631985694287,0.7577824708090067
2018-07-01,10.9473822128656,1.6536861440292152,-0.48739470684787217,-0.16797535763360277,0.046578006908043694,0.0033568272126539333,-159.149123345088,-21.489408054721054,0.0399711577904395,-0.13123329953022944,0.17877956526380478,0.00618670178290463,0.019122089119040103,-2.682944321100733e-4,-5.56923418731982,0.9710986722355669,1.119290349130723,1.1410088481304423,0.6462897531339529,0.41393551448693194,-0.18158127583991102,1.4741607821078166,0.4947190949964895,0.8218648164433818,0.7611369129581711
2018-08-01,11.038711858638031,1.6599176869234449,-0.6192766748988304,-0.16977136804857518,0.07662959014851578,0.0033291298940577394,-161.56500386563897,-23.384811940924063,0.039986622535669564,-0.13115059123798473,0.1758102047725002,0.006263855277116324,0.014262830417255111,-2.5034149163739524e-4,-6.099623147835147,1.105852791296528,1.2514415851323928,1.1487942595907565,0.6595998545396,0.3591066253541874,-0.05861339616877481,1.377813105247975,0.4891944050511565,0.8243374015836111,0.7644524248507513
2018-09-01,11.325235503348434,1.713117902674479,-1.073747558815298,-0.1760930480738774,0.17641604060298852,0.0030854014003264952,-170.38904806757134,-23.622104849038234,0.04130477917953121,-0.11670104608720692,0.13409655605939272,0.006051874446607632,0.015888540923370956,-2.915852136349014e-4,-5.571836860355606,1.1913238708112852,1.1906814177035965,1.200018464531693,0.6585733351758449,0.34124359580020214,-0.023913856424559343,1.3410605267762492,0.541445129355848,0.8292419279012581,0.7710289487766869
2018-10-01,13.989900809374346,1.7872885054863514,-1.2878305454526966,-0.18525331775431922,0.11623449332659896,0.003186556902506028,-237.86435125008555,0.23278307694993602,0.03881925027478383,-0.11833974615714259,0.14141746722719492,0.006355015336445935,-2.588706010894455e-4,-2.5012747413652285e-4,-11.990244151684966,3.714261797985148,1.2913000367293366,1.5370845675693903,0.7043097170613493,0.3881856017441297,-0.07206148642691013,1.4806809205496085,0.832774850508041,0.8301374837513611,0.7722298077575069
2018-11-01,15.774499760979314,1.802882608351514,-0.9982752105964471,-0.19785486214761608,0.24713491153476347,0.0034476617338186012,-305.83272239457824,22.78940115090847,0.04508567015469534,-0.14205687164079833,0.3921215338288743,0.01004774430048855,-0.014589172911677438,-2.2595936051557e-4,-20.980970076490962,4.836445672797853,1.3138676013839186,1.3971575218862666,0.2449737236483962,0.4096224036482736,-0.574271083648151,1.0642185309449435,1.1521837982378704,0.8507694763182803,0.7998954341540576
2018-12-01,17.163785218846673,1.8230506493715615,-0.7409854479788697,-0.2041216191193758,0.24885772244156593,0.0036193212660698203,-346.01067833927584,44.105574762011756,0.04026475436694904,-0.15169795615352946,0.5393319313928255,0.011984010048046992,-0.024293287164625924,-1.8799612695038608e-4,-29.571530049094463,6.433530152071839,1.2590504719593567,1.435481555979486,0.44209102682207657,0.3515962171729811,-0.26110140752388566,1.145283461168039,0.9933905291574094,0.8564376152877381,0.8074958932267398
2019-01-01,17.96236564606232,1.8576625831238494,-0.8848978704472588,-0.20603790656300738,0.24301802981420137,0.0035734292239289933,-364.2548046868808,53.56723820567941,0.034532451879017656,-0.15450734546790218,0.5138474892557792,0.011654189323156315,-0.02906064766488452,-1.6303011855553604e-4,-29.193556534317118,5.558770004009073,1.2313073779909256,1.4363710196672903,0.15479264628809375,0.3883940861612992,-0.6219955260345047,0.9315808186106922,1.2815783733791966,0.8571004026184722,0.8083846307838605
2019-02-01,17.872236672410036,1.898813104671441,-1.3696415089767626,-0.20896562453875617,0.2582323633766123,0.0035047130116933525,-352.941040846963,52.30198407429529,0.032490887102214094,-0.15181909218660447,0.4328855511144232,0.01102749202025008,-0.034537300758192134,-1.9495385501488118e-4,-22.584348145872653,2.791557518881084,1.1757538882391094,1.353079283376835,-0.055415558021888245,0.4066240976703219,-0.8686637533625321,0.7578326373187556,1.4084948413987233,0.859015769887696,0.8109529641675923
2019-03-01,16.273043724835965,1.7178002466548643,-0.2814427316212112,-0.19289711718710192,0.2708412772537793,0.0034363781780454338,-328.7877867121241,37.16073532648663,0.031827097598576146,-0.16314831775151448,0.4706048437802723,0.009383189572946675,-0.016359317634523765,-1.8735388931547976e-4,-18.94435562496537,1.1465296640158535,1.1662279043314407,1.3410932131440634,0.05999657632910882,0.3829721219059773,-0.7059476674828458,0.8259408201410634,1.2810966368149546,0.8637202162645983,0.817261199082075
2019-04-01,14.55544719546884,1.5952730890115892,0.1591625838096854,-0.1841666285684159,0.35053595486310196,0.0030090848146997386,-296.0501904001884,21.805035022490976,0.03590361457032883,-0.11955225554373025,0.426737934105232,0.006532075394311674,0.02119284852781384,-3.463300508619921e-4,-15.592480201953174,0.5843528199822307,1.0925166186778454,1.273292422653268,0.2875100131971742,0.4051053051799432,-0.5227005971627122,1.0977206235570605,0.9857824094560939,0.8651814750046634,0.8192206142107986
2019-05-01,14.680511707013146,1.611108137107585,0.09542869083659465,-0.18517921649044997,0.3526638678951515,0.003031837086289833,-296.8126420293097,22.427333093826434,0.03305307835780818,-0.12388203349643583,0.4334627453593484,0.006736754015297839,0.018656432516556794,-3.393152694866278e-4,-15.376443072812599,0.36194329687842525,1.116153965135764,1.1017515456227247,0.2225994501166113,0.3656809957974963,-0.5087625414783813,0.9539614417116039,0.8791520955061134,0.8673925116328276,0.8221854133258371
2019-06-01,14.333154194165209,1.573711115578168,0.2547764297491627,-0.18103665274611005,0.3567083675370632,0.003057161824453136,-292.6904560733501,24.83726382969811,0.033932832825685745,-0.11559910872920905,0.4249023492081217,0.004726850025307712,0.036252030985228306,-3.7235283862299364e-4,-15.925133046697455,-1.8588951842078434,0.9824032304665932,1.2985093726544874,0.482562474361524,0.2966027682786217,-0.1106430621957194,1.0757680109187673,0.8159468982929634,0.8659161744476059,0.8202057793729262
2019-07-01,13.039964490766566,1.523168281422666,0.3545096597788273,-0.1734283647876087,0.3490978993242782,0.0030019897700404104,-259.6143125280458,9.610339459100572,0.03665890932666822,-0.11956826016745183,0.37261505845872284,0.0037450509694295945,0.04740849891622385,-2.8799353525288255e-4,-10.495310670434208,-5.412250466524825,0.8112589190177335,1.19779695113358,0.3903542283777295,0.3265550419050461,-0.2627558554323627,1.0434643121878215,0.8074427227558505,0.862515692802877,0.8156460426220395
2019-08-01,13.925815070396615,1.4349501335635846,0.8196380511802296,-0.17019130342678107,0.3263031227908373,0.002750944212520712,-288.09145066801966,21.51068697359848,0.02992167152023483,-0.10170877391188322,0.3697160290240865,0.003956968632637767,0.054336558416198256,-2.5879549592397336e-4,-15.428117793008267,-3.4219474661962153,0.8351789748760353,1.102982137134186,0.3697230900420845,0.29894082785645465,-0.22815856567082482,0.9676047457549938,0.7332590470921014,0.8650950957729171,0.8191047875136843
2019-09-01,13.042864544460615,1.133511263880375,1.5404446844043278,-0.16738059149347226,0.44346266825012737,0.0019075815581813195,-273.43187575712636,15.499707292979322,0.027721106993219335,0.02662020652944937,0.21195864797696967,0.008254142802678853,0.08588321738124338,-2.491163819130263e-4,-17.833064674415947,-0.6690733848573105,0.6314628593531789,1.0527963609121844,0.44804443399660876,0.2541935090523182,-0.06034258410802762,0.9564314521012451,0.6047519269155757,0.8759579116768472,0.8336708361121361
2019-10-01,9.763127942045967,0.619065522959725,3.883240104573713,-0.1349207054679841,0.16400167301412674,0.0013818601284526046,-186.63156371083406,11.449463065360359,0.023254188129734076,0.024218509860186182,0.2878285125624658,0.006813155979925757,0.11535935920954274,-3.4380506953324345e-4,-14.007348790856074,1.5601469927375597,0.5676449014200925,0.8854896761755437,0.9613882364067017,0.2527674787263135,0.4558532789540747,1.4669231938593286,-0.07589856023115793,0.8930839314348218,0.8566352716966928
2019-11-01,9.215271563495381,0.3450719011282289,4.854498034756495,-0.13331845141347412,0.04082085059306078,0.001306588695185044,-156.29646060506226,9.767338142085125,0.01583080669448322,0.012887725610864265,0.3524281892816305,0.013146268026034982,0.0966896097524718,-2.1928432270795024e-4,-10.337324131165545,1.1766467782700125,0.5712729858763097,0.4596373986770361,0.9260005284440496,0.2074842571926802,0.5110320140586891,1.34096904282941,-0.46636312976701344,0.9176968668151264,0.8896389805021013
2019-12-01,8.54532971325782,0.07496853477755819,5.685862586576625,-0.13201412433177,-0.1267045810210653,0.0012593572286950653,-118.37564334930593,3.5194593057974375,0.013470872799629571,-0.022969442351644737,0.42807542180304425,0.014675020095321178,0.07705431269106956,-1.8506044072953446e-4,-5.624968317325301,0.27510537292535026,0.5855081805891017,0.5125697695745752,0.7920367548147205,0.16937926243385287,0.4532782299470147,1.130795279682426,-0.27946698524014524,0.9355239985481298,0.9135435435077196
2020-01-01,9.03858241108786,0.023911860264539488,5.609397086565776,-0.13549071142430752,-0.22245171278187406,0.0010863875130953193,-118.27366556224646,5.340078406861857,0.01601541274532207,-0.05257967247588445,0.43121729713689827,0.010449100079188924,0.06567166226060098,-2.612453441645121e-4,-5.206433080267525,0.7374735568750453,0.5671170883917118,0.4761553508924001,0.5970077157221905,0.17570872318388092,0.24559026935442863,0.9484251620899523,-0.12085236482979039,0.9379126170856451,0.9167464638193877
2020-02-01,9.980282648993239,-0.09663447854140074,5.5179619912722595,-0.14390573777397553,-0.4550727811903527,0.0011042091970005466,-106.0576465651899,10.380523902926006,0.013122134289196062,-0.08967957287238792,0.41475831117072365,0.007967551839225508,0.04155898219989279,-2.921035440029866e-4,-3.459931459859362,1.0537952151096726,0.5326186285298662,0.5901369842356571,0.4157620442338352,0.1614189920414366,0.09292406015096205,0.7386000283167085,0.17437494000182185,0.9417881342259024,0.9219431799847327
2020-03-01,11.63017357353168,-0.13212951259947395,5.089928911967988,-0.16217036014492642,-0.564665415497871,0.0010804908028700883,-115.74714533776833,19.85414684574014,0.008228388452285986,-0.07673459530909008,0.37504712559462133,0.012971300157824418,0.019711269912990676,-2.3662379323606368e-4,-3.9059386158668206,1.7696332834592239,0.7893571248760308,0.8051263848375748,0.31733458214988275,0.1693644117378505,-0.021394241325818242,0.6560634056255837,0.48779180268769207,0.9426468273963514,0.9230946094632894
2020-04-01,12.589840377868441,-0.12301763669460296,4.811975952811041,-0.1757901522819404,-0.6152283644140941,0.0015732433547459722,-121.02815843822314,5.818238453291402,0.008447370440089766,-0.0911536698981251,0.36861028984420813,0.014322453928722445,0.008058142938241858,-9.595918082428054e-5,-3.7716851247887515,-2.7283643464809795,0.8072885902699233,0.8400072671187087,0.5251506979102114,0.33340070565067914,-0.14165071339114688,1.1919521092115697,0.31485656920849725,0.9372876395583947,0.9159084257714838
2020-05-01,12.98568434757534,-0.2135227289606443,5.106297081032424,-0.2010437007917763,-0.6593029610585704,0.0011788156999651615,-97.1594846788585,-6.678593908335101,0.007376357967187481,-0.10167056273820334,0.4116643217405302,0.01865399334955618,-0.007620334559738954,-7.420861998137668e-5,1.2446078445336122,-3.0484042283758437,0.8143898547273767,0.7468422890403424,0.16394615424385428,0.2589108789318431,-0.35387560361983195,0.6817679121075405,0.5828961347964882,0.9377761788026998,0.9165635124854383
2020-06-01,13.409567235565254,-0.1425245354889709,4.900262892711135,-0.20467366886755023,-0.6126915459369894,0.0012655859878581536,-112.60878432766947,-5.08691871187719,0.009283126669932869,-0.08379424040105238,0.37867049179519574,0.017367964937749874,1.3477533830696982e-4,-6.228521202851792e-5,-1.338887017921575,-2.7379522545595125,0.6336468859077344,0.7626923901304422,-0.05302325133354735,0.2715415485208303,-0.5961063483752079,0.49005984570811323,0.8157156414639896,0.9334699185928245,0.9107892090221964
2020-07-01,11.943558719909129,-0.1918585386695819,5.075086999519848,-0.185899440388491,-0.64228451648898,0.0012069803952976495,-87.59867051621845,-0.07680291869515987,0.010542254918567239,-0.07449644619288771,0.36810581205718923,0.015782561694644016,0.0018987830956327537,-1.1440001597730646e-4,-0.06563679679529322,-3.6229914252537667,0.5850523963387874,0.39060101543820636,-0.1516061545472347,0.2648281399665771,-0.6812624344803889,0.37805012538591953,0.542207169985441,0.9291431618184831,0.9049874215293296
2020-08-01,10.41948961775486,-0.09995403398027948,4.8384073220891475,-0.16389506102815357,-0.6794248947030901,0.0018309535435770987,-63.05675417628742,13.049010388719344,0.007483218242315808,-0.025719420620539883,0.2988278006818388,0.016478108605026052,0.0011382268032103253,-7.717980149731929e-5,0.10695766094768583,-4.866787446751929,0.5495372462772049,0.26344281071389886,-0.01751265449333772,0.23380505673738186,-0.48512276796810144,0.450097458981426,0.2809554652072366,0.9288900333183833,0.9046479992223776
2020-09-01,10.5019472100983,-0.21336505091105398,5.149529273241872,-0.16009704091182878,-0.6536054834381153,0.0016551515141175984,-75.06011720647993,12.657211738922749,0.011160016928753003,-0.043248374310345734,0.3561514748401226,0.01674838231611862,0.004049756271162363,-8.453175012918354e-5,-1.482079558747698,-4.999738294607241,0.5486909286051814,0.5494881554368503,-0.15392375100155142,0.26580699303878097,-0.6855377370791134,0.3776902350760105,0.7034119064384017,0.9297770694199367,0.9058374339949151
2020-10-01,11.327313742377013,-0.18908021126868768,4.1142820904185875,-0.1887573701119833,-0.703788774879423,0.0011686225308236557,-51.42440102946159,17.50580256208333,0.013241157021120654,-0.0037456952829734965,0.1757862650324714,0.013329680550765877,-0.005324578815011961,-2.0015129833856197e-4,1.3791127342739058,-3.44986523306935,0.5081777354543425,0.7042645698514223,-0.21664522412646825,0.30946836225976004,-0.8355819486459883,0.40229150039305184,0.9209097939778905,0.9285646997641221,0.904211756501891
2020-11-01,10.963025993793869,-0.3174097978064765,4.531821274185581,-0.18562590036948298,-0.6342955101334709,0.0010313012003118258,-53.61265987918856,13.12253791820389,0.015492801655418434,-0.00281212878017501,0.21222736030326347,0.010877789120329289,0.007133090496304771,-2.4625469680868774e-4,-0.2881242486833095,-3.6131464248206178,0.4673754192103553,0.3522443911485137,-0.16436435976906694,0.2865366075787816,-0.7374375749266301,0.4087088553884962,0.5166087509175806,0.9292564517827137,0.9051393330722751
2020-12-01,9.592872782072472,0.1297708795868554,4.416484931658442,-0.14143785474698364,-0.6501784046678275,0.0012544506591803946,-69.60537848028294,15.055580052855788,0.013000589338856504,-0.02710360197265012,0.19786634548531998,0.007115662096584676,0.02117401129541736,-2.953879966939626e-4,-1.8041306338743597,-3.1621808840008794,0.4341823070942886,0.2912491851081759,0.00536743074085777,0.30155181420893173,-0.5977361976770057,0.6084710591587212,0.2858817543673181,0.9278208118118121,0.9032142703840207
2021-01-01,9.375417069256924,0.5024772182448086,3.957871460462044,-0.1191983357314823,-0.6189319347952325,0.0011856748945532631,-99.68124136241966,26.41067442675199,0.016198082963523482,0.060698625706486126,0.1687566960290684,0.017071094663333404,0.015298933652467182,-2.828467635595249e-4,-5.945123367637322,-4.249017229511393,0.4331516881079408,0.48212830103236964,0.02821199490250592,0.2907260889020793,-0.5532401829016527,0.6096641727066645,0.4539163061298637,0.9314515278936014,0.9080827305846019
2021-02-01,9.038959473165994,0.5505670254011701,4.057395249591487,-0.11415594956666521,-0.6267571387491874,0.0014121231633278787,-95.11931556984358,26.082340934905872,0.01302284978573429,-0.0032179624469033,0.1828587210495649,0.01171643260478841,0.026538103851204604,-2.986867657026559e-4,-4.657154416332166,-3.757329783826452,0.40232189424525344,0.30558764475820027,0.017196325407066837,0.2843683274670904,-0.551540329527114,0.5859329803412476,0.28839131935113343,0.9263763026838009,0.9012773149623694
2021-03-01,8.823589568256844,0.5372891235363388,4.252808022705374,-0.10827385187228214,-0.7169316563405471,0.0015477716773981249,-84.28177349483728,19.72776412481503,0.0104416749733302,-0.09511943805100317,0.19801832612724427,0.0033916583983557153,0.03214053946700982,-3.2329295928926356e-4,-2.126306424858849,-2.5030741189763472,0.407217202570109,0.2704703666610354,0.08035057505076537,0.2637430795829006,-0.44713558411503584,0.6078367342165666,0.19011979161027004,0.9220978982786951,0.8955403636009776
2021-04-01,8.862577949031808,0.4957183060281498,4.6230020789723545,-0.12540084053640022,-0.6736092769821755,8.900721451853646e-4,-72.67000877612507,8.726728626183762,0.013799256932017601,-0.10384131680022683,0.23170658240524847,7.953411426662151e-4,0.039068414180849914,-4.0758374708448866e-4,-0.4762707024901666,-2.5613554712573356,0.40388525162372296,0.39691517215662353,0.36622177900901853,0.23213149637667582,-0.09804121374433311,0.8304847717623702,0.030693393147604997,0.9192015177300371,0.8916565805925498
2021-05-01,9.4100119122126,0.5689885278234275,5.8468800574545385,-0.19361184295160616,-0.42421520879392455,-0.0022098954692029707,-52.81720018347037,-3.623770051327618,0.03034720019935284,-0.09600465200208291,0.4171827952309901,-0.0038906280200656095,0.06625975656675502,-7.811068866103327e-4,2.6588246890473552,-5.169302234457416,0.4053339761437705,0.582158300978762,0.10855727771479273,0.19344600905431977,-0.2783347403938468,0.4954492958234323,0.47360102326396925,0.9363961569401252,0.9147130286242589
2021-06-01,9.3681120383221,0.5180916739258191,5.904239329541813,-0.1936368023890993,-0.4323436753128541,-0.002225259640966381,-50.62487964193153,-6.140963220857185,0.03174198226449963,-0.10869769083770758,0.41496808200327107,-0.005297402253761189,0.06770662343957215,-7.885415365554607e-4,2.9210946122445254,-4.8191351750354015,0.3755567887947911,0.2840161366605767,0.05777530515319107,0.1847450346253747,-0.31171476409755833,0.42726537440394047,0.2262408315073856,0.9337297401864193,0.9111376061590623
2021-07-01,9.357580779104069,0.5889302796638919,5.920132879511467,-0.19799275496992147,-0.4890417323513309,-0.0018547639512918694,-42.590860472581454,-5.7958965863941785,0.03400118095468867,-0.10254439578187323,0.41771845788462725,-0.00578014087348176,0.059942906646895985,-7.286128353034659e-4,4.035058638494516,-5.08621459287428,0.3880380694032619,0.4059370664095424,-0.1580280867756052,0.21674862999394306,-0.5915253467634913,0.2754691732122809,0.5639651531851476,0.9309447509595915,0.907403188786725
2021-08-01,9.336653982923448,0.5790623596021002,5.90068899614672,-0.19739836997720264,-0.4986951409116966,-0.001756166884666651,-41.1933605123333,-6.373075286624172,0.03385566144443494,-0.104033642106395,0.41277108519209094,-0.0061250962023671855,0.059577495649441474,-7.259636279283111e-4,4.143701513232098,-4.971892384540946,0.3898887451930298,0.3415036592098603,-0.22339493767017693,0.2296747658021526,-0.6827444692744822,0.23595459393412826,0.5648985968800373,0.9256714365151643,0.9003321535089702
2021-09-01,9.149561045630637,0.4425342160124284,5.6871729675000875,-0.1949049310410448,-0.4348858971897859,-0.0017789519551121384,-39.25983031892169,-14.30732338323973,0.03157737843364871,-0.09312119244053046,0.37356503065738955,-0.00583165782087016,0.06436339001957302,-7.645069572630847e-4,4.047915118493515,-4.210972943441108,0.39043497332383154,0.47575874498899035,-0.1864132983398381,0.22867120324224668,-0.6437557048243314,0.27092910814465526,0.6621720433288285,0.9208071785114438,0.8938096257312542
2021-10-01,8.02115412014851,0.6162324186625534,3.278033168853851,-0.1191295807821365,-0.7418870920034055,0.001747553690233781,-40.08109809109091,12.3976316602699,0.0134273066699559,-0.0594761013353832,0.09288951298615941,0.001993535435618997,0.029008526382677473,-3.7658401422738556e-4,2.7891648979506156,-2.1314594634883623,0.38877926921759254,0.6443209546361292,0.5208055482437519,0.20595020759371974,0.10890513305631244,0.9327059634311914,0.12351540639237724,0.9239999034679868,0.898090779650255
2021-11-01,7.09200561427738,0.6067917502975797,1.974596908098508,-0.0948945842749857,-0.8304937766904908,0.0019778851522583804,-12.863259860321362,3.9994792651929827,0.002581701135531701,-0.03948450435904943,-0.1355197284648889,0.0052800303818518815,0.020218340333772525,-3.6143612059184974e-4,6.259734745273153,0.36447628431448637,0.49311296585574754,0.6352991982240527,0.5708473440927673,0.20061114790075552,0.16962504829125624,0.9720696398942783,0.0644518541312854,0.9271508614823819,0.9023159278968302
2021-12-01,6.7523055818021485,0.5431629267208362,1.506543991731891,-0.09006900155146998,-0.8718481616868781,0.002034354522410219,4.647221651246992,1.4093020624249721,-0.0019294091787088832,-0.024929362346134583,-0.2179803755422419,0.005448330505828525,0.015398380226243588,-3.3117076507269144e-4,7.537291009968364,1.1503624627368532,0.5488512560232925,0.6278012173450946,0.7412366169445495,0.2397927624938371,0.26165109195687525,1.2208221419322236,-0.11343539959945481,0.9259893027518198,0.9007583832353947
2022-01-01,6.614291825655491,0.4884033640974664,1.380599294535973,-0.08696755915490988,-0.9046169566873601,0.0020470911057284664,11.796860585199411,1.6613704758086116,-0.003103758352470956,-0.013888664228150957,-0.2395236768041527,0.0056303998212869095,0.010088705133441197,-2.558812448457232e-4,7.5429879945931635,1.3138126845773699,0.5683066456136773,0.6635634738118317,0.7668068058090238,0.21221121726868447,0.3423843712716549,1.1912292403463929,-0.10324333199719216,0.920966940853595,0.8940238525082296
2022-02-01,6.604656454321538,0.39152809113963366,1.681029627033896,-0.10276762127352136,-0.8626310478193159,0.0013780634506104102,23.931009934705173,-6.628730410818552,0.0022128009939729695,-0.0021387146444969024,-0.15859435815619832,0.003110395545625843,0.011460516572656298,-2.413906071769247e-4,7.933670759266143,0.7192456656068542,0.7011641344344272,0.6232937178262761,0.634323695158602,0.1516427323386228,0.3310382304813564,0.9376091598358476,-0.011029977332325913,0.9324303425247352,0.9093952320218041
2022-03-01,6.679206209984276,0.3337235147111194,1.9137144796841248,-0.10620560589705755,-0.9454913786639962,9.69013493437801e-4,33.826487333981426,-10.001620217049235,0.004937974341531382,0.002615145768790412,-0.10938557300821218,0.0017341478604460186,-0.005091417109343781,-4.2962894653290436e-5,8.455227835704344,0.564697909903482,0.7118692773576077,0.715807948612089,0.6745384440149591,0.21033390270955632,0.25387063859584647,1.0952062494340717,0.04126950459712986,0.9358811056423898,0.9140223916568408
2022-04-01,5.7758648306251414,0.34132228143317916,1.4200691113812993,-0.09463597231832539,-0.8212445591342584,5.138814369605004e-4,39.365599408809196,-10.86461716182023,9.776969512963146e-4,0.04534188306399366,-0.17667330229519318,0.004417198735985536,0.0027578812115696067,5.340648125824782e-6,7.849969160258309,0.6409198170218762,0.6701379935882956,0.7223247095679429,1.179940617395694,0.1767098228677051,0.8265209716602837,1.533360263131104,-0.45761590782775097,0.9332567735347924,0.910503400876199
2022-05-01,5.8018657728955105,0.33319320693520826,1.4504851465918593,-0.09609402954996978,-0.8100140530743438,3.909869521032777e-4,38.93621605471904,-11.609744825530397,0.0015011343847366296,0.04367409971626236,-0.16605051654014072,0.00412428321213708,0.0035534692421163795,-2.9248365613332777e-6,7.817465915253759,0.5965330237443335,0.7933513128408424,0.7323167240266782,1.0569339411197936,0.16440427200379676,0.7281253971122,1.3857424851273872,-0.3246172170931153,0.92726023932532875,0.9024625936407817
2022-06-01,5.765660814023389,0.32796979520839215,1.408943798567195,-0.09484956586475886,-0.7996534114123636,2.946896031132899e-4,37.997468085330226,-11.210800829337327,0.0014836101406348744,0.03853099913842653,-0.15753136714846838,0.003897484378469574,0.003132253244094445,5.908986053827661e-6,7.741486313201377,0.5933174700417688,0.7522201573772332,0.7846850670351486,0.939909604712895,0.16106256471002744,0.6177844752928401,1.2620347341329499,-0.15522453767774635,0.9216801074945,0.8949801441403523
2022-07-01,5.733743323579959,0.30077850556997543,1.4092755298338988,-0.09008735839870181,-0.775556363259971,1.0798174176016384e-5,31.28284819052236,-9.719957629156955,0.0019564046177248237,0.03286017620299784,-0.14793298706782504,0.004416184854348949,0.005907610509953188,2.7641130039922226e-6,6.819029031511213,0.6691804579408397,0.7412538984848588,0.8211076280399593,0.8707898720097633,0.18455875186978984,0.5016723682701836,1.239907375749343,-0.04968224396980403,0.9160033866008304,0.8873681774874771
2022-08-01,5.635818632330778,0.315301388835767,1.3607271986681042,-0.09107468944519319,-0.7509144051316927,6.864752633956387e-5,32.37501507517423,-7.667487969900321,0.001590246253818414,0.02802756823041952,-0.14349427204995682,0.004119667117378834,0.006842338881255318,-3.773646039477542e-6,6.983793912482189,0.49202439817230015,0.77810137113308675,0.7985888247744799,0.7993167681112352,0.15832819937241738,0.48266036936640044,1.11597316685607,-7.27943336755299e-4,0.9166978665857561,0.8882994120127184
2022-09-01,5.671808126234612,0.319423751931011,1.3342918505669303,-0.08664576221397648,-0.7587169252577773,3.141318823091439e-4,25.88411686396884,0.2272686927858815,0.0024423766858629992,0.049893966179492565,-0.1610031846628511,0.005450785584014094,0.0016866767069795075,1.8982598616611286e-5,4.936466354574945,0.1645172495802284,0.8141825012251097,0.7312809714116147,0.7582467495761627,0.16523965275168317,0.4277674440727963,1.088726055079529,-0.026965778164547927,0.9190131557603763,0.8914040043150501
2022-10-01,5.738945875724696,0.3371755179505445,1.3185033746382155,-0.08867419454712214,-0.777936218568628,3.2271287966768446e-4,28.660015991895847,0.25785409286425415,0.0022686556419477767,0.06198698268630544,-0.17549061097767593,0.0061534493831527,-0.00792290458527566,3.62952219739422e-5,4.7496126035062085,0.11329469818529933,0.8230091822170013,0.8597540307020368,1.7301707987225248,0.21842815958968334,1.2933144795431581,2.1670271179018914,-0.870416768020488,0.9230416983708721,0.8968059137245785
2022-11-01,4.965976202606783,0.2689079903585178,0.4322909914773451,-0.07018482145304301,-0.5306923429892337,-1.671814642139117e-4,7.61464358541268,22.765016708653384,0.007480639121897896,0.09094173315911618,-0.09913601756432713,0.0064882893432740615,0.0029516803159474986,6.144355217987062e-5,-1.9394702723526949,-1.6216554820208928,0.7459170497661667,0.9981356114560758,0.8159175514737473,0.17477589385707012,0.4663657637596071,1.1654693391878876,0.18221805998232843,0.8728657841346161,0.829524574180508
2022-12-01,4.9117756879759815,0.2976648002045713,0.22835505937885786,-0.06458759456508939,-0.5015575546219779,9.962398177368566e-5,0.03887436726936538,28.698681011764766,0.0068356815445262025,0.07450040044921585,-0.07009112346749466,0.006098162900428352,0.005492968673386901,5.27128431835783e-5,-3.0764605138502166,-1.8324111508193515,0.7116169981660111,0.8953566001108464,0.7022999475590659,0.1570436082369158,0.3882127310852343,1.0163871640328974,0.1930566525517805,0.8536257738319819,0.8037254694565212
2023-01-01,4.525013647330315,0.39207980873057596,0.08025423316000994,-0.0579104355955243,-0.4231549172742431,4.5135676308318733e-4,-3.4044257509967255,25.544012945840077,-0.0012134255160314168,0.0025255326664484225,-0.03026541264293462,1.5575104185110814e-4,0.05480784281917207,-1.9084871504929836e-5,3.8294805718022884,-2.2168767892564456,0.6743049649565485,0.7686690885260845,0.7974178266837129,0.13775557334266897,0.5219066799983749,1.0729289733690508,-0.02874873815762835,0.8782580164706336,0.8367550675401678
2023-02-01,4.726047013675082,0.4102876812370602,0.059199597088842086,-0.05159153073758701,-0.4651914697113415,5.731091035203404e-4,-12.750358655728153,23.562367281964683,2.3226802748320242e-4,-0.01524751540223386,-0.01348607138454491,-1.1948209137979085e-4,0.0508924253452524,-1.7310142458060212e-5,3.8507961897119474,-1.880547091956235,0.6023000832582549,0.739584635468879,0.7623222114217953,0.14319527339224553,0.4759316646373043,1.0487127582062863,-0.022737575952916367,0.8720381543741322,0.8284147979107682
2023-03-01,5.390843459719091,0.346035891594579,0.15169721897017072,-0.02875185687019885,-0.6026573038075153,5.776622142187261e-4,-42.42243765855118,28.906529000407364,0.0019471042951276587,-0.0018926750375873721,-0.0176948722689006,0.0016140074661997223,0.040946175803637866,2.3905551979393896e-5,0.8796087714252756,-1.542138528583213,0.5901817146889115,0.6971207705656935,0.6534531491131874,0.13794110994973147,0.3775709292137245,0.9293353690126503,0.043667621452506133,0.8837652562340421,0.8441397754047383
2023-04-01,5.514379459759795,0.17175799626799432,0.21777573652447588,-0.022898574331933638,-0.5957800962573794,4.0692664933795445e-4,-50.04611668752908,24.902519474405377,0.0029307490526424844,0.015290570286807754,-0.021941088754656023,8.516964975764283e-4,0.04395814785332519,3.156186972257416e-5,0.9581768351702004,-1.334568131556906,0.5881438746292291,0.718555170185549,0.6892905843035466,0.11907414588366176,0.45114229253622307,0.9274388760708702,0.029264585882002425,0.8786717339461191,0.8373098250641142
2023-05-01,5.5323051609289235,0.0882002246046053,0.24892845229105012,-0.020302948714877693,-0.590566761437156,3.169274232289271e-4,-52.75595191280681,24.070892346384007,0.003727408992314313,0.026835755618859845,-0.025774191753372963,9.15638035349813e-4,0.044395487021143924,3.826234276654646e-5,0.4160551995763988,-1.2556873005499694,0.5635018531958847,0.6872963029699518,0.6500901424321004,0.1169972630983829,0.4160956162353346,0.8840846686288661,0.03720616053785142,0.8709105706970957,0.8269028107074692
2023-06-01,5.473596881381081,0.06102864090857693,0.2622976901398082,-0.02374632946968434,-0.5986490407344417,8.49001863969025e-5,-46.84348746593401,20.04682315948966,0.007208999705456703,0.044644538737280526,-0.029323685744677874,7.511145878480539e-4,0.03875168770496298,4.646813140684526e-5,0.631290582299046,-1.1914920654260308,0.4721225386548072,0.571449951096642,0.5555696441453399,0.11551050687555188,0.3245486303942362,0.7865906578964437,0.015880306951302048,0.8635156375241607,0.8169868775892155
2023-07-01,5.461067484240088,0.053299855584071694,0.2796905773895351,-0.02271027997592823,-0.601439738790546,-4.572100394462899e-5,-47.804830414026384,18.776817832949305,0.008505538350357052,0.04788659730798346,-0.031566354913077174,3.7010201611891455e-4,0.039819603327800546,5.578346742598531e-5,1.2930137791109781,-1.2003023618389885,0.4759734620141192,0.5684785091412166,0.5214421902896955,0.11993825301639789,0.28156568425689976,0.7613186963224913,0.04703631885152104,0.8571546521778646,0.8084573745112275
2023-08-01,5.483656382469238,0.022405465383769706,0.3239383066566711,-0.01778894457599095,-0.6073002838190977,-2.792397842913411e-4,-53.473249808380125,18.9415019418393,0.00964039688968898,0.05031529201899827,-0.0308374578725061,0.0012912910666633786,0.03539002264949728,8.49377865884297e-5,0.0979318960456181,-1.017240653916333,0.4658775880089824,0.6175054392908568,0.4782651661663664,0.13513956608580224,0.2079860339947619,0.7485442983379709,0.1392402731244904,0.8411049082174435,0.7869361269279357
2023-09-01,5.453944711794086,0.030724285479643048,0.34399766959820294,-0.016539079003734185,-0.6088457314486584,-4.775153614283525e-4,-54.60507603627102,17.70121517873471,0.010877819882234132,0.05096628256955803,-0.033462261863462184,0.0011285908402800004,0.0367835573040329,1.0525720305795012e-4,0.7273096551218077,-1.0098858176001373,0.5157748344652832,0.6027968428199417,0.4760941710194446,0.14743448784255783,0.18122519533432896,0.7709631467045603,0.1267026718004971,0.8288172990198519,0.7704595600493469
2023-10-01,5.188164949788342,0.0393268428425688,0.330146814277217,-0.01597513983427598,-0.5674772595272131,-5.522050466809816e-4,-52.81711794620174,14.71989455456832,0.011143756140898412,0.04654732808711172,-0.03185291562432784,0.001340562960178614,0.04036156043956653,1.0468689520343321e-4,0.8778887037845708,-0.8052850609814317,0.5756833496930249,0.631455589984713,0.3942984481289029,0.1481284754498892,0.09804149722912453,0.6905553990286812,0.23715714185581005,0.8127993604826103,0.7489809606471365
2023-11-01,4.88266684209236,0.056140175225439945,0.31747843622124094,-0.015592597528266092,-0.5154726089289173,-5.464609992701519e-4,-51.25062383684388,12.001717236815196,0.010850459399055316,0.021936968219705116,-0.021060613126089228,-1.889968686629116e-5,0.04892742805915715,1.0712742933344783e-4,2.729075034149752,-0.7110937971459651,0.49790946454690505,0.5789410487477978,0.4097299962311194,0.13636421480533567,0.13700156662044805,0.6824584258417907,0.16921105251667845,0.7941565981579832,0.7239827111663866
2023-12-01,3.5560837936017036,0.01744928569630869,0.23992374249310297,-0.019469909847959245,-0.2604541094127993,-6.536503319642336e-4,-37.162918388226565,5.220783681910411,0.008804216092170407,0.0028309768981623178,-0.023476876858408893,-9.730935025704789e-4,0.08392753944562872,7.962672703951954e-5,4.838807730715291,-0.5604328824460278,0.476622321850823,0.51840408248232,0.4292411141528354,0.13622551133697164,0.1567900914788921,0.7016921368267787,0.08916296832948456,0.7902782140168176,0.71878215061346
2024-01-01,2.764767536317596,-0.006435931084752191,0.19648199511215167,-0.022720094193681862,-0.11626046882371503,-7.826325382456986e-4,-27.53567549042893,-2.2169245284214543,0.00938796403930155,-0.011877917134926242,-0.013575762095442798,-8.031735874987065e-4,0.08766919209213027,8.434298166015322e-5,4.8824679961742685,-0.023177617670539514,0.4370666467027883,0.529133728887233,0.4173515973774786,0.13921161611710894,0.13892836514326073,0.6957748296116966,0.11178213150975436,0.7793114596248372,0.7040767299514862
2024-02-01,2.699900472724527,3.3018644227642046e-4,0.18603091995952964,-0.02306844120008737,-0.10645260818754547,-7.139344252447483e-4,-27.41412720775093,-5.277329869259344,0.010732919158789399,-0.019857578138967803,-0.008485793025040756,-0.0013469797509783135,0.08591545597554527,7.438358865582308e-5,5.673082212946465,0.14625579503779865,0.4137452572321588,0.5034189692460226,0.39786111141064273,0.12279603604746876,0.1522690393157052,0.6434531835055802,0.10555785783537985,0.7477959202638705,0.6618172567174627
2024-03-01,2.6131036858326206,0.005736192971707748,0.17275768427474628,-0.024163051582844604,-0.09477570290261152,-6.309736531969074e-4,-26.1173492679675,-8.128774835325919,0.012253656158743971,-0.025854391989875214,-0.002262850933986729,-0.0016571475311355553,0.0778954282539474,6.924046900302834e-5,6.0320702924485605,0.3511285307131277,0.36924581565998926,0.471903528980913,0.37474298823366947,0.1179435809300546,0.13885582637356028,0.6106301500937786,0.0971605407472435,0.7089278820015348,0.6096987508656944
2024-04-01,2.518074598639408,0.020242496044497654,0.1279083593607536,-0.033025202805246894,-0.09290800783868548,-5.456355910319644e-4,-15.893443461023935,-12.337103859958466,0.01723671230609603,-0.0072398062024625065,0.0014512575244847573,-0.002277283350644706,0.0512362833394549,3.660159552090345e-5,6.428487989050322,0.32737273524106,0.3780051580321434,0.3144839825905644,0.26601167765866895,0.16705417067790865,-0.06809666369714834,0.6001200190144862,0.04847230493189547,0.7156830773124452,0.6187568536689605
2024-05-01,2.241173231877608,0.003706194384479071,0.10667725356697272,-0.024475008250350268,-0.05277451557727563,-1.2430647741502342e-4,-22.872694764823358,-11.210593316564482,0.01591571292577444,-0.006229548758652723,0.005681936713176252,-0.0013101752338102242,0.03481922393412313,1.7971461652350365e-5,5.126178044304284,0.7337690025629858,0.35537506188476164,0.2575817842491978,0.28678900399508866,0.1339841030540227,0.018820797887043272,0.5547572101031341,-0.029207219745890856,0.7698138791010385,0.6913413378854834
2024-06-01,2.225229909420936,0.030383697197037433,0.10545507928196052,-0.02039687500478929,-0.07541752514935299,1.537545133671579e-4,-26.355374749248448,-3.4878838110351293,0.016091529503519705,-0.0015968472614576467,0.0048405900738034,-0.0017583342104954827,0.02321412827400014,7.629047020672654e-6,4.964554137577006,0.2957548371003458,0.3954388337620899,0.40007239264673106,0.2535908841779779,0.10868222809088067,0.03622642799621659,0.4709553403597393,0.14648150846875313,0.8030437228380155,0.7358995374418844
2024-07-01,2.5424089351326447,0.10934130818930618,0.1169354249748983,-0.018091206766136802,-0.17444761573246684,3.7686376647632275e-4,-29.641218356461483,4.940117286372759,0.017312579258278032,0.014260328098534763,3.4189049865704043e-4,-0.0022874610716894935,-0.004503923021802762,1.185781548121412e-5,5.2630622536271705,-0.34714735255698054,0.3690083634542154,0.378750051376036,0.20237253133383426,0.09987442162415615,0.0026236880855219635,0.4021213745821466,0.17637752004220175,0.8444457037898176,0.7914158300818009
2024-08-01,1.830231662448231,0.10629952225760571,0.10122190792107023,-0.00925568979358265,-0.05111771600267986,4.919080920467544e-4,-34.1685905319664,10.418761480940752,0.01473030174639403,0.007001940437156425,-0.004626177181559032,-0.0014074944553780684,0.005122301579156873,1.4523506133999556e-5,4.674114804506974,-0.3868504676097828,0.391445210196832,0.43267884703997755,0.2068056355844563,0.0699663747861739,0.0668728860121085,0.3467383851568041,0.22587321145552125,0.8831051558664235,0.843254640820886
2024-09-01,1.7054183725754968,0.13263125585101163,0.10301641632088802,-0.0059623784024458,-0.04851935815892736,5.627087889946042e-4,-35.686983000873894,13.234816444814449,0.014280422425685788,0.008793526456929126,-0.006634868198859999,-0.0010962040464476705,-0.0014510037840476996,2.1750611481650145e-5,4.4332146118612075,-0.4711667019540677,0.3718509653252563,0.4097224429803309,0.1988183528599945,0.06630782010095569,0.06620271265808311,0.3314339930619059,0.2109040901203364,0.8906454128368065,0.8533654399402633
2024-10-01,2.011450466171911,0.14228386156883965,0.12965809927836228,-0.004155061558872051,-0.11054631402080019,5.526847068101623e-4,-39.41825878082677,15.091382364837424,0.014299944068743322,0.012526544523659668,-0.00561943518440629,-7.891292761970454e-4,-0.009134451487120948,3.224582070773078e-5,3.9182028501678805,-0.4908225603808154,0.3371124202932704,0.3888952147996529,0.13011914603019403,0.07431595910932179,-0.018512772188449544,0.2787510642488376,0.25877606876945886,0.8903998107382967,0.8530361098536251
2024-11-01,2.0365501299920408,0.14353601907856223,0.1355043211230654,-0.004148687485083527,-0.11912179983367539,5.207918897688333e-4,-39.399367061349835,15.054570182306305,0.01479468979180828,0.013906345810777225,-0.006265064843385873,-7.490177638522544e-4,-0.00930213514592273,3.418906876787872e-5,3.875181442785597,-0.49862992470703826,0.3397968809918232,0.3652772213830215,0.1338309449906343,0.07421046745355922,-0.014589989916484136,0.28225187989775274,0.23144627639238718,0.893063130851118,0.8566073800049082
2024-12-01,2.019823997311038,0.14570858785106866,0.1354463020209383,-0.0038682771703237636,-0.12043131257644196,5.326579551768391e-4,-39.36225361718454,15.057379620404229,0.015061614418934496,0.013729747047188537,-0.005702577269716652,-7.00225261975338e-4,-0.010033479182926335,3.289651067609665e-5,3.8018037009247814,-0.4843629933266082,0.3258770828908862,0.316180457765695,0.12493757145662965,0.06852098148619576,-0.01210439151576187,0.26197953442902117,0.19124288630906533,0.8963282736229518,0.8609856396307762
2025-01-01,2.1159630340844577,0.1426057635155169,0.1323227517182019,-0.004376425383304796,-0.12144814658976422,5.192650287339462e-4,-41.28983079321219,15.184558931245173,0.015340280001840768,0.012767839327725126,-0.004490602239215022,-6.884967727318098e-4,-0.011132104739792984,3.4609789100227e-5,3.8368393191541554,-0.4818848952810182,0.33022252725299306,0.3114111162762229,0.11395650230552778,0.06594875257544587,-0.017941002845363957,0.24585400745641953,0.19745461397069514,0.8994820249157444,0.8652145334097481
2025-02-01,2.7280145893084784,0.10834777397626219,0.11706956708855654,-0.00873285813401759,-0.11842073109898074,3.329660875333743e-4,-51.79413023045599,12.692000311156754,0.015766847402436238,0.00817711078885928,1.9193530886487339e-4,-8.270246900249292e-4,-0.01145816972140378,3.8175325736031037e-5,4.238806249213248,-0.3839206606150987,0.3261862426582198,0.29772556110283466,0.07396067840681386,0.056280694396391065,-0.03860071038596827,0.186522067199596,0.2237648826960208,0.905431089509484,0.873191688205899
2025-03-01,3.2256011557242257,0.06729286505590482,0.14982947763618673,-0.011768693469021076,-0.16883848435130483,1.4162096821018086e-4,-55.20689595658192,12.450271543390416,0.01647342298510811,-0.0014843432138295011,-0.005228594324947156,-0.0017572999880946071,-0.02117727515920519,-1.5496937981216924e-5,-1.164496398144014,-1.653873489631803,0.32610446005653954,0.3740670053558675,0.04166993561292687,0.05755273377117253,-0.0734355319294182,0.15677540315527194,0.33239706974294064,0.9094481253135752,0.8785781680341123
2025-04-01,3.442109887794445,0.06720515469504977,0.16433776104243755,-0.011884913050638315,-0.20109849602847543,4.502953748816747e-5,-56.46044664709183,8.625107091630511,0.015689785496764995,-7.515035319745658e-4,-0.006612434063589933,-0.0017206408807191697,-0.02399560632372069,-3.8362412405099304e-5,-3.7754755998764526,-0.9602184407741556,0.3349148160163607,0.35731456254058597,0.04296523431655519,0.07975880518088443,-0.11655237604521368,0.20248284467832406,0.3143493282240308,0.9070348077500755,0.8753421285739649
2025-05-01,3.683183275900458,0.022856618744174752,0.17609299067240244,-0.012391201943373682,-0.20350455713166868,-5.107353549520521e-5,-60.47852503817358,5.82973312716732,0.015088177408036989,-0.006839994335988771,-0.00106327127279205,-0.001510284505241908,-0.02370684416855708,-2.410028556481899e-5,-3.4881745363201,-1.5884294429679449,0.2915348974097233,0.364886766225552,0.037963705781028256,0.059000396923463753,-0.08003708806589925,0.15596449962795578,0.32692306044452374,0.9128370383199431,0.883122392292651
2025-06-01,3.766859234789181,0.009192189457183874,0.19613844464199087,-0.010639248190686654,-0.234585412027187,4.337456769342924e-5,-61.04248044164799,4.7333842538666175,0.014575109872811938,-0.005415364210038857,-0.00453842976951537,-0.0014240779256033756,-0.01750994803676683,-3.217534307771104e-5,-5.943622319276559,1.680030530422933,0.27415577466450636,0.3625332677988199,0.06282254519164354,0.05351634734234763,-0.044210149493051715,0.1698552398763388,0.29971072260717635,0.9203114891465054,0.8931449513555414
2025-07-01,3.899579559265254,-0.002725823836396195,0.19689084806362311,-0.013433661606398492,-0.23458767282712184,-1.0834717497164455e-4,-60.98422831565971,3.090178274235455,0.01522176896644693,-0.005085612634765412,-0.0039536683512642334,-0.001419846579908805,-0.015523720902544839,-2.4850790899192916e-5,-6.082787680189575,2.0861000092711235,0.26016784654036307,0.3342736279847032,0.039827666999249445,0.06741744668695623,-0.09500722637466302,0.1746625603731619,0.2944459609854538,0.9171289502974193,0.8888774560806304
2025-08-01,3.605466603810635,0.012833029337835688,0.1797684842860979,-0.012999619086839203,-0.21163489407843009,-1.266715672587171e-4,-55.30353520553997,-13.936919835491219,0.014474965621541325,-0.0036207758590995945,-0.010401991496630732,-0.0012396571747540848,-0.010667972713078358,-2.5654855415713404e-5,-6.073373381565398,0.474956265520767,0.25383690951404597,0.31653344406105866,0.06746732540033529,0.05596989474471622,-0.04447246408909715,0.17940711488976774,0.24906611866072337,0.9242694658132421,0.8984522382495747
2025-09-01,3.575790361022759,0.012394072024511983,0.17150961628867603,-0.012464123573981106,-0.1749074198872306,-1.510404513424497e-4,-58.98608610974973,-13.349716963955021,0.013501812651425237,-0.00399411393554437,-0.013200883213886865,-0.0013914169173617611,-0.003433171618978722,-3.2041285054040106e-5,-7.491395764482809,0.9970315693235842,0.27037744616292436,0.3052245137511127,0.10572641259942328,0.05798575023268017,-0.010245087865937058,0.22169791306478362,0.19949810115168942,0.9314140261012527,0.908032444090316
