iso3,country,vintage,forecast_year,debt_gdp
AUT,Austria,2005-Oct,2005,63.9
AUT,Austria,2005-Oct,2006,64.4
AUT,Austria,2005-Oct,2007,64.3
AUT,Austria,2006-Oct,2006,62.9
AUT,Austria,2006-Oct,2007,62.7
AUT,Austria,2006-Oct,2008,62.5
AUT,Austria,2007-Oct,2007,60.4
AUT,Austria,2007-Oct,2008,59.4
AUT,Austria,2007-Oct,2009,58.0
AUT,Austria,2008-Oct,2008,60.2
AUT,Austria,2008-Oct,2009,62.4
AUT,Austria,2008-Oct,2010,65.3
AUT,Austria,2009-Oct,2009,69.3
AUT,Austria,2009-Oct,2010,74.2
AUT,Austria,2009-Oct,2011,78.8
AUT,Austria,2010-Oct,2010,70.014
AUT,Austria,2010-Oct,2011,72.352
AUT,Austria,2010-Oct,2012,74.021
AUT,Austria,2011-Oct,2011,72.331
AUT,Austria,2011-Oct,2012,73.875
AUT,Austria,2011-Oct,2013,74.135
AUT,Austria,2012-Oct,2012,74.336
AUT,Austria,2012-Oct,2013,74.94
AUT,Austria,2012-Oct,2014,74.356
AUT,Austria,2013-Oct,2013,74.42
AUT,Austria,2013-Oct,2014,74.789
AUT,Austria,2013-Oct,2015,74.236
AUT,Austria,2014-Oct,2014,80.113
AUT,Austria,2014-Oct,2015,78.616
AUT,Austria,2014-Oct,2016,76.917
AUT,Austria,2015-Oct,2015,86.712
AUT,Austria,2015-Oct,2016,85.558
AUT,Austria,2015-Oct,2017,84.103
AUT,Austria,2016-Oct,2016,84.87
AUT,Austria,2016-Oct,2017,83.713
AUT,Austria,2016-Oct,2018,82.277
AUT,Austria,2017-Oct,2017,80.217
AUT,Austria,2017-Oct,2018,77.545
AUT,Austria,2017-Oct,2019,74.818
AUT,Austria,2018-Oct,2018,74.237
AUT,Austria,2018-Oct,2019,71.322
AUT,Austria,2018-Oct,2020,68.082
AUT,Austria,2019-Oct,2019,70.733
AUT,Austria,2019-Oct,2020,67.734
AUT,Austria,2019-Oct,2021,65.056
AUT,Austria,2020-Oct,2020,84.757
AUT,Austria,2020-Oct,2021,84.281
AUT,Austria,2020-Oct,2022,82.442
AUT,Austria,2021-Oct,2021,84.202
AUT,Austria,2021-Oct,2022,81.051
AUT,Austria,2021-Oct,2023,79.797
AUT,Austria,2022-Oct,2022,78.532
AUT,Austria,2022-Oct,2023,77.25
AUT,Austria,2022-Oct,2024,75.609
AUT,Austria,2023-Oct,2023,74.761
AUT,Austria,2023-Oct,2024,73.999
AUT,Austria,2023-Oct,2025,71.671
AUT,Austria,2024-Oct,2024,78.734
AUT,Austria,2024-Oct,2025,79.6
AUT,Austria,2024-Oct,2026,79.68
BEL,Belgium,2005-Oct,2005,94.3
BEL,Belgium,2005-Oct,2006,91.6
BEL,Belgium,2005-Oct,2007,89.5
BEL,Belgium,2006-Oct,2006,89.2
BEL,Belgium,2006-Oct,2007,86.3
BEL,Belgium,2006-Oct,2008,83.7
BEL,Belgium,2007-Oct,2007,85.3
BEL,Belgium,2007-Oct,2008,82.9
BEL,Belgium,2007-Oct,2009,80.7
BEL,Belgium,2008-Oct,2008,88.5
BEL,Belgium,2008-Oct,2009,88.6
BEL,Belgium,2008-Oct,2010,88.4
BEL,Belgium,2009-Oct,2009,97.6
BEL,Belgium,2009-Oct,2010,101.7
BEL,Belgium,2009-Oct,2011,104.9
BEL,Belgium,2010-Oct,2010,100.2
BEL,Belgium,2010-Oct,2011,103.1
BEL,Belgium,2010-Oct,2012,104.958
BEL,Belgium,2011-Oct,2011,94.561
BEL,Belgium,2011-Oct,2012,94.276
BEL,Belgium,2011-Oct,2013,93.922
BEL,Belgium,2012-Oct,2012,99.033
BEL,Belgium,2012-Oct,2013,99.433
BEL,Belgium,2012-Oct,2014,98.575
BEL,Belgium,2013-Oct,2013,100.936
BEL,Belgium,2013-Oct,2014,101.238
BEL,Belgium,2013-Oct,2015,100.201
BEL,Belgium,2014-Oct,2014,101.927
BEL,Belgium,2014-Oct,2015,101.725
BEL,Belgium,2014-Oct,2016,100.536
BEL,Belgium,2015-Oct,2015,106.747
BEL,Belgium,2015-Oct,2016,106.171
BEL,Belgium,2015-Oct,2017,104.862
BEL,Belgium,2016-Oct,2016,105.833
BEL,Belgium,2016-Oct,2017,105.031
BEL,Belgium,2016-Oct,2018,104.024
BEL,Belgium,2017-Oct,2017,104.29
BEL,Belgium,2017-Oct,2018,102.852
BEL,Belgium,2017-Oct,2019,101.513
BEL,Belgium,2018-Oct,2018,101.195
BEL,Belgium,2018-Oct,2019,99.867
BEL,Belgium,2018-Oct,2020,98.331
BEL,Belgium,2019-Oct,2019,101.009
BEL,Belgium,2019-Oct,2020,99.8
BEL,Belgium,2019-Oct,2021,98.761
BEL,Belgium,2020-Oct,2020,117.696
BEL,Belgium,2020-Oct,2021,117.068
BEL,Belgium,2020-Oct,2022,118.34
BEL,Belgium,2021-Oct,2021,113.416
BEL,Belgium,2021-Oct,2022,112.853
BEL,Belgium,2021-Oct,2023,114.032
BEL,Belgium,2022-Oct,2022,103.929
BEL,Belgium,2022-Oct,2023,105.057
BEL,Belgium,2022-Oct,2024,107.212
BEL,Belgium,2023-Oct,2023,105.983
BEL,Belgium,2023-Oct,2024,106.766
BEL,Belgium,2023-Oct,2025,108.533
BEL,Belgium,2024-Oct,2024,104.99
BEL,Belgium,2024-Oct,2025,107.083
BEL,Belgium,2024-Oct,2026,109.754
DEU,Germany,2005-Oct,2005,67.7
DEU,Germany,2005-Oct,2006,69.2
DEU,Germany,2005-Oct,2007,70.2
DEU,Germany,2006-Oct,2006,68.2
DEU,Germany,2006-Oct,2007,66.8
DEU,Germany,2006-Oct,2008,66.2
DEU,Germany,2007-Oct,2007,64.5
DEU,Germany,2007-Oct,2008,62.8
DEU,Germany,2007-Oct,2009,60.9
DEU,Germany,2008-Oct,2008,64.4
DEU,Germany,2008-Oct,2009,65.8
DEU,Germany,2008-Oct,2010,65.9
DEU,Germany,2009-Oct,2009,74.4
DEU,Germany,2009-Oct,2010,79.1
DEU,Germany,2009-Oct,2011,82.5
DEU,Germany,2010-Oct,2010,75.342
DEU,Germany,2010-Oct,2011,76.518
DEU,Germany,2010-Oct,2012,76.998
DEU,Germany,2011-Oct,2011,82.643
DEU,Germany,2011-Oct,2012,81.896
DEU,Germany,2011-Oct,2013,80.957
DEU,Germany,2012-Oct,2012,83.038
DEU,Germany,2012-Oct,2013,81.542
DEU,Germany,2012-Oct,2014,79.566
DEU,Germany,2013-Oct,2013,80.393
DEU,Germany,2013-Oct,2014,78.128
DEU,Germany,2013-Oct,2015,75.24
DEU,Germany,2014-Oct,2014,75.501
DEU,Germany,2014-Oct,2015,72.54
DEU,Germany,2014-Oct,2016,69.347
DEU,Germany,2015-Oct,2015,70.746
DEU,Germany,2015-Oct,2016,68.222
DEU,Germany,2015-Oct,2017,65.858
DEU,Germany,2016-Oct,2016,68.169
DEU,Germany,2016-Oct,2017,65.948
DEU,Germany,2016-Oct,2018,63.601
DEU,Germany,2017-Oct,2017,65.006
DEU,Germany,2017-Oct,2018,61.816
DEU,Germany,2017-Oct,2019,58.664
DEU,Germany,2018-Oct,2018,59.768
DEU,Germany,2018-Oct,2019,55.97
DEU,Germany,2018-Oct,2020,52.59
DEU,Germany,2019-Oct,2019,58.577
DEU,Germany,2019-Oct,2020,55.704
DEU,Germany,2019-Oct,2021,53.114
DEU,Germany,2020-Oct,2020,73.278
DEU,Germany,2020-Oct,2021,72.206
DEU,Germany,2020-Oct,2022,68.492
DEU,Germany,2021-Oct,2021,72.498
DEU,Germany,2021-Oct,2022,69.812
DEU,Germany,2021-Oct,2023,67.976
DEU,Germany,2022-Oct,2022,71.112
DEU,Germany,2022-Oct,2023,68.322
DEU,Germany,2022-Oct,2024,65.6
DEU,Germany,2023-Oct,2023,65.861
DEU,Germany,2023-Oct,2024,64.035
DEU,Germany,2023-Oct,2025,61.822
DEU,Germany,2024-Oct,2024,62.679
DEU,Germany,2024-Oct,2025,62.098
DEU,Germany,2024-Oct,2026,60.947
ESP,Spain,2005-Oct,2005,43.7
ESP,Spain,2005-Oct,2006,41.1
ESP,Spain,2005-Oct,2007,39.0
ESP,Spain,2006-Oct,2006,39.8
ESP,Spain,2006-Oct,2007,37.0
ESP,Spain,2006-Oct,2008,34.3
ESP,Spain,2007-Oct,2007,35.8
ESP,Spain,2007-Oct,2008,32.9
ESP,Spain,2007-Oct,2009,30.4
ESP,Spain,2008-Oct,2008,37.8
ESP,Spain,2008-Oct,2009,41.3
ESP,Spain,2008-Oct,2010,45.3
ESP,Spain,2009-Oct,2009,52.0
ESP,Spain,2009-Oct,2010,60.1
ESP,Spain,2009-Oct,2011,66.9
ESP,Spain,2010-Oct,2010,63.453
ESP,Spain,2010-Oct,2011,70.224
ESP,Spain,2010-Oct,2012,75.053
ESP,Spain,2011-Oct,2011,67.423
ESP,Spain,2011-Oct,2012,70.151
ESP,Spain,2011-Oct,2013,72.805
ESP,Spain,2012-Oct,2012,90.693
ESP,Spain,2012-Oct,2013,96.934
ESP,Spain,2012-Oct,2014,100.01
ESP,Spain,2013-Oct,2013,93.706
ESP,Spain,2013-Oct,2014,99.06
ESP,Spain,2013-Oct,2015,102.539
ESP,Spain,2014-Oct,2014,98.639
ESP,Spain,2014-Oct,2015,101.101
ESP,Spain,2014-Oct,2016,102.143
ESP,Spain,2015-Oct,2015,98.603
ESP,Spain,2015-Oct,2016,98.813
ESP,Spain,2015-Oct,2017,98.306
ESP,Spain,2016-Oct,2016,100.077
ESP,Spain,2016-Oct,2017,100.222
ESP,Spain,2016-Oct,2018,99.965
ESP,Spain,2017-Oct,2017,98.689
ESP,Spain,2017-Oct,2018,97.222
ESP,Spain,2017-Oct,2019,95.802
ESP,Spain,2018-Oct,2018,97.154
ESP,Spain,2018-Oct,2019,95.788
ESP,Spain,2018-Oct,2020,94.654
ESP,Spain,2019-Oct,2019,96.412
ESP,Spain,2019-Oct,2020,95.208
ESP,Spain,2019-Oct,2021,93.961
ESP,Spain,2020-Oct,2020,123.038
ESP,Spain,2020-Oct,2021,121.31
ESP,Spain,2020-Oct,2022,120.375
ESP,Spain,2021-Oct,2021,120.224
ESP,Spain,2021-Oct,2022,116.443
ESP,Spain,2021-Oct,2023,116.246
ESP,Spain,2022-Oct,2022,113.571
ESP,Spain,2022-Oct,2023,112.149
ESP,Spain,2022-Oct,2024,110.061
ESP,Spain,2023-Oct,2023,107.281
ESP,Spain,2023-Oct,2024,104.709
ESP,Spain,2023-Oct,2025,103.925
ESP,Spain,2024-Oct,2024,102.31
ESP,Spain,2024-Oct,2025,100.7
ESP,Spain,2024-Oct,2026,99.648
FIN,Finland,2005-Oct,2005,45.8
FIN,Finland,2005-Oct,2006,47.5
FIN,Finland,2005-Oct,2007,47.7
FIN,Finland,2006-Oct,2006,41.3
FIN,Finland,2006-Oct,2007,42.3
FIN,Finland,2006-Oct,2008,42.6
FIN,Finland,2007-Oct,2007,36.8
FIN,Finland,2007-Oct,2008,35.2
FIN,Finland,2007-Oct,2009,32.2
FIN,Finland,2008-Oct,2008,33.3
FIN,Finland,2008-Oct,2009,32.6
FIN,Finland,2008-Oct,2010,32.9
FIN,Finland,2009-Oct,2009,37.0
FIN,Finland,2009-Oct,2010,45.6
FIN,Finland,2009-Oct,2011,55.1
FIN,Finland,2010-Oct,2010,50.0
FIN,Finland,2010-Oct,2011,52.2
FIN,Finland,2010-Oct,2012,55.429
FIN,Finland,2011-Oct,2011,50.224
FIN,Finland,2011-Oct,2012,50.311
FIN,Finland,2011-Oct,2013,50.952
FIN,Finland,2012-Oct,2012,52.579
FIN,Finland,2012-Oct,2013,53.884
FIN,Finland,2012-Oct,2014,54.065
FIN,Finland,2013-Oct,2013,58.022
FIN,Finland,2013-Oct,2014,59.813
FIN,Finland,2013-Oct,2015,60.502
FIN,Finland,2014-Oct,2014,57.925
FIN,Finland,2014-Oct,2015,59.348
FIN,Finland,2014-Oct,2016,59.687
FIN,Finland,2015-Oct,2015,61.907
FIN,Finland,2015-Oct,2016,64.0
FIN,Finland,2015-Oct,2017,65.379
FIN,Finland,2016-Oct,2016,63.848
FIN,Finland,2016-Oct,2017,65.341
FIN,Finland,2016-Oct,2018,65.883
FIN,Finland,2017-Oct,2017,63.258
FIN,Finland,2017-Oct,2018,62.579
FIN,Finland,2017-Oct,2019,61.839
FIN,Finland,2018-Oct,2018,60.516
FIN,Finland,2018-Oct,2019,60.316
FIN,Finland,2018-Oct,2020,59.608
FIN,Finland,2019-Oct,2019,58.944
FIN,Finland,2019-Oct,2020,59.099
FIN,Finland,2019-Oct,2021,59.909
FIN,Finland,2020-Oct,2020,67.912
FIN,Finland,2020-Oct,2021,68.59
FIN,Finland,2020-Oct,2022,69.12
FIN,Finland,2021-Oct,2021,72.224
FIN,Finland,2021-Oct,2022,72.156
FIN,Finland,2021-Oct,2023,73.61
FIN,Finland,2022-Oct,2022,66.674
FIN,Finland,2022-Oct,2023,67.407
FIN,Finland,2022-Oct,2024,69.562
FIN,Finland,2023-Oct,2023,73.634
FIN,Finland,2023-Oct,2024,76.495
FIN,Finland,2023-Oct,2025,78.981
FIN,Finland,2024-Oct,2024,81.391
FIN,Finland,2024-Oct,2025,83.418
FIN,Finland,2024-Oct,2026,84.298
FRA,France,2005-Oct,2005,66.9
FRA,France,2005-Oct,2006,67.7
FRA,France,2005-Oct,2007,68.3
FRA,France,2006-Oct,2006,65.8
FRA,France,2006-Oct,2007,65.1
FRA,France,2006-Oct,2008,63.9
FRA,France,2007-Oct,2007,65.1
FRA,France,2007-Oct,2008,66.2
FRA,France,2007-Oct,2009,67.2
FRA,France,2008-Oct,2008,66.4
FRA,France,2008-Oct,2009,69.7
FRA,France,2008-Oct,2010,72.8
FRA,France,2009-Oct,2009,76.2
FRA,France,2009-Oct,2010,84.2
FRA,France,2009-Oct,2011,90.8
FRA,France,2010-Oct,2010,84.196
FRA,France,2010-Oct,2011,87.559
FRA,France,2010-Oct,2012,89.421
FRA,France,2011-Oct,2011,86.811
FRA,France,2011-Oct,2012,89.371
FRA,France,2011-Oct,2013,90.706
FRA,France,2012-Oct,2012,89.968
FRA,France,2012-Oct,2013,92.079
FRA,France,2012-Oct,2014,92.933
FRA,France,2013-Oct,2013,93.464
FRA,France,2013-Oct,2014,94.783
FRA,France,2013-Oct,2015,94.797
FRA,France,2014-Oct,2014,95.203
FRA,France,2014-Oct,2015,97.67
FRA,France,2014-Oct,2016,98.934
FRA,France,2015-Oct,2015,97.085
FRA,France,2015-Oct,2016,98.04
FRA,France,2015-Oct,2017,98.012
FRA,France,2016-Oct,2016,97.15
FRA,France,2016-Oct,2017,97.79
FRA,France,2016-Oct,2018,97.913
FRA,France,2017-Oct,2017,96.838
FRA,France,2017-Oct,2018,96.986
FRA,France,2017-Oct,2019,97.022
FRA,France,2018-Oct,2018,96.688
FRA,France,2018-Oct,2019,96.483
FRA,France,2018-Oct,2020,95.604
FRA,France,2019-Oct,2019,99.309
FRA,France,2019-Oct,2020,99.219
FRA,France,2019-Oct,2021,98.972
FRA,France,2020-Oct,2020,118.738
FRA,France,2020-Oct,2021,118.573
FRA,France,2020-Oct,2022,119.959
FRA,France,2021-Oct,2021,115.825
FRA,France,2021-Oct,2022,113.452
FRA,France,2021-Oct,2023,114.564
FRA,France,2022-Oct,2022,111.827
FRA,France,2022-Oct,2023,112.527
FRA,France,2022-Oct,2024,113.48
FRA,France,2023-Oct,2023,110.031
FRA,France,2023-Oct,2024,110.501
FRA,France,2023-Oct,2025,110.439
FRA,France,2024-Oct,2024,112.32
FRA,France,2024-Oct,2025,115.276
FRA,France,2024-Oct,2026,117.551
GRC,Greece,2005-Oct,2005,108.1
GRC,Greece,2005-Oct,2006,106.1
GRC,Greece,2005-Oct,2007,104.2
GRC,Greece,2006-Oct,2006,103.9
GRC,Greece,2006-Oct,2007,100.9
GRC,Greece,2006-Oct,2008,98.0
GRC,Greece,2007-Oct,2007,93.2
GRC,Greece,2007-Oct,2008,90.3
GRC,Greece,2007-Oct,2009,87.5
GRC,Greece,2008-Oct,2008,93.0
GRC,Greece,2008-Oct,2009,91.9
GRC,Greece,2008-Oct,2010,91.3
GRC,Greece,2009-Oct,2009,111.5
GRC,Greece,2009-Oct,2010,119.9
GRC,Greece,2009-Oct,2011,126.8
GRC,Greece,2010-Oct,2010,130.243
GRC,Greece,2010-Oct,2011,139.349
GRC,Greece,2010-Oct,2012,143.583
GRC,Greece,2011-Oct,2011,165.559
GRC,Greece,2011-Oct,2012,189.149
GRC,Greece,2011-Oct,2013,187.944
GRC,Greece,2012-Oct,2012,170.731
GRC,Greece,2012-Oct,2013,181.837
GRC,Greece,2012-Oct,2014,180.209
GRC,Greece,2013-Oct,2013,175.735
GRC,Greece,2013-Oct,2014,173.994
GRC,Greece,2013-Oct,2015,168.62
GRC,Greece,2014-Oct,2014,174.247
GRC,Greece,2014-Oct,2015,170.982
GRC,Greece,2014-Oct,2016,160.523
GRC,Greece,2015-Oct,2015,196.95
GRC,Greece,2015-Oct,2016,206.586
GRC,Greece,2015-Oct,2017,203.648
GRC,Greece,2016-Oct,2016,183.436
GRC,Greece,2016-Oct,2017,184.741
GRC,Greece,2016-Oct,2018,184.745
GRC,Greece,2017-Oct,2017,180.176
GRC,Greece,2017-Oct,2018,184.489
GRC,Greece,2017-Oct,2019,177.947
GRC,Greece,2018-Oct,2018,188.064
GRC,Greece,2018-Oct,2019,176.928
GRC,Greece,2018-Oct,2020,169.339
GRC,Greece,2019-Oct,2019,176.638
GRC,Greece,2019-Oct,2020,171.392
GRC,Greece,2019-Oct,2021,167.07
GRC,Greece,2020-Oct,2020,205.249
GRC,Greece,2020-Oct,2021,200.533
GRC,Greece,2020-Oct,2022,187.331
GRC,Greece,2021-Oct,2021,206.688
GRC,Greece,2021-Oct,2022,199.439
GRC,Greece,2021-Oct,2023,192.389
GRC,Greece,2022-Oct,2022,177.591
GRC,Greece,2022-Oct,2023,169.848
GRC,Greece,2022-Oct,2024,163.756
GRC,Greece,2023-Oct,2023,167.972
GRC,Greece,2023-Oct,2024,160.211
GRC,Greece,2023-Oct,2025,155.743
GRC,Greece,2024-Oct,2024,159.01
GRC,Greece,2024-Oct,2025,152.866
GRC,Greece,2024-Oct,2026,149.095
IRL,Ireland,2005-Oct,2005,29.9
IRL,Ireland,2005-Oct,2006,29.8
IRL,Ireland,2005-Oct,2007,29.5
IRL,Ireland,2006-Oct,2006,27.4
IRL,Ireland,2006-Oct,2007,27.4
IRL,Ireland,2006-Oct,2008,27.4
IRL,Ireland,2007-Oct,2007,25.0
IRL,Ireland,2007-Oct,2008,24.9
IRL,Ireland,2007-Oct,2009,25.6
IRL,Ireland,2008-Oct,2008,29.7
IRL,Ireland,2008-Oct,2009,37.6
IRL,Ireland,2008-Oct,2010,45.1
IRL,Ireland,2009-Oct,2009,61.3
IRL,Ireland,2009-Oct,2010,76.7
IRL,Ireland,2009-Oct,2011,87.9
IRL,Ireland,2010-Oct,2010,93.634
IRL,Ireland,2010-Oct,2011,101.677
IRL,Ireland,2010-Oct,2012,103.995
IRL,Ireland,2011-Oct,2011,109.273
IRL,Ireland,2011-Oct,2012,115.433
IRL,Ireland,2011-Oct,2013,118.303
IRL,Ireland,2012-Oct,2012,117.743
IRL,Ireland,2012-Oct,2013,119.307
IRL,Ireland,2012-Oct,2014,118.406
IRL,Ireland,2013-Oct,2013,123.341
IRL,Ireland,2013-Oct,2014,120.973
IRL,Ireland,2013-Oct,2015,118.284
IRL,Ireland,2014-Oct,2014,112.44
IRL,Ireland,2014-Oct,2015,111.676
IRL,Ireland,2014-Oct,2016,108.731
IRL,Ireland,2015-Oct,2015,100.626
IRL,Ireland,2015-Oct,2016,95.936
IRL,Ireland,2015-Oct,2017,92.874
IRL,Ireland,2016-Oct,2016,74.641
IRL,Ireland,2016-Oct,2017,72.599
IRL,Ireland,2016-Oct,2018,69.691
IRL,Ireland,2017-Oct,2017,69.282
IRL,Ireland,2017-Oct,2018,67.796
IRL,Ireland,2017-Oct,2019,66.211
IRL,Ireland,2018-Oct,2018,66.577
IRL,Ireland,2018-Oct,2019,64.178
IRL,Ireland,2018-Oct,2020,60.642
IRL,Ireland,2019-Oct,2019,60.934
IRL,Ireland,2019-Oct,2020,57.662
IRL,Ireland,2019-Oct,2021,56.182
IRL,Ireland,2020-Oct,2020,63.676
IRL,Ireland,2020-Oct,2021,61.254
IRL,Ireland,2020-Oct,2022,59.227
IRL,Ireland,2021-Oct,2021,57.35
IRL,Ireland,2021-Oct,2022,58.752
IRL,Ireland,2021-Oct,2023,58.045
IRL,Ireland,2022-Oct,2022,47.04
IRL,Ireland,2022-Oct,2023,42.824
IRL,Ireland,2022-Oct,2024,39.168
IRL,Ireland,2023-Oct,2023,42.685
IRL,Ireland,2023-Oct,2024,38.996
IRL,Ireland,2023-Oct,2025,35.721
IRL,Ireland,2024-Oct,2024,42.362
IRL,Ireland,2024-Oct,2025,40.66
IRL,Ireland,2024-Oct,2026,38.981
ITA,Italy,2005-Oct,2005,108.8
ITA,Italy,2005-Oct,2006,110.4
ITA,Italy,2005-Oct,2007,112.1
ITA,Italy,2006-Oct,2006,106.9
ITA,Italy,2006-Oct,2007,107.2
ITA,Italy,2006-Oct,2008,107.3
ITA,Italy,2007-Oct,2007,105.0
ITA,Italy,2007-Oct,2008,104.2
ITA,Italy,2007-Oct,2009,102.9
ITA,Italy,2008-Oct,2008,103.8
ITA,Italy,2008-Oct,2009,105.3
ITA,Italy,2008-Oct,2010,106.7
ITA,Italy,2009-Oct,2009,114.8
ITA,Italy,2009-Oct,2010,118.3
ITA,Italy,2009-Oct,2011,120.9
ITA,Italy,2010-Oct,2010,118.358
ITA,Italy,2010-Oct,2011,119.692
ITA,Italy,2010-Oct,2012,119.744
ITA,Italy,2011-Oct,2011,121.065
ITA,Italy,2011-Oct,2012,121.385
ITA,Italy,2011-Oct,2013,120.105
ITA,Italy,2012-Oct,2012,126.332
ITA,Italy,2012-Oct,2013,127.848
ITA,Italy,2012-Oct,2014,127.273
ITA,Italy,2013-Oct,2013,132.266
ITA,Italy,2013-Oct,2014,133.124
ITA,Italy,2013-Oct,2015,131.822
ITA,Italy,2014-Oct,2014,136.718
ITA,Italy,2014-Oct,2015,136.427
ITA,Italy,2014-Oct,2016,134.06
ITA,Italy,2015-Oct,2015,133.109
ITA,Italy,2015-Oct,2016,132.28
ITA,Italy,2015-Oct,2017,130.473
ITA,Italy,2016-Oct,2016,133.242
ITA,Italy,2016-Oct,2017,133.404
ITA,Italy,2016-Oct,2018,132.027
ITA,Italy,2017-Oct,2017,133.023
ITA,Italy,2017-Oct,2018,131.421
ITA,Italy,2017-Oct,2019,128.75
ITA,Italy,2018-Oct,2018,130.281
ITA,Italy,2018-Oct,2019,128.705
ITA,Italy,2018-Oct,2020,127.597
ITA,Italy,2019-Oct,2019,133.153
ITA,Italy,2019-Oct,2020,133.725
ITA,Italy,2019-Oct,2021,133.935
ITA,Italy,2020-Oct,2020,161.849
ITA,Italy,2020-Oct,2021,158.305
ITA,Italy,2020-Oct,2022,156.569
ITA,Italy,2021-Oct,2021,154.753
ITA,Italy,2021-Oct,2022,150.41
ITA,Italy,2021-Oct,2023,149.411
ITA,Italy,2022-Oct,2022,147.212
ITA,Italy,2022-Oct,2023,147.071
ITA,Italy,2022-Oct,2024,146.108
ITA,Italy,2023-Oct,2023,143.733
ITA,Italy,2023-Oct,2024,143.213
ITA,Italy,2023-Oct,2025,142.812
ITA,Italy,2024-Oct,2024,136.894
ITA,Italy,2024-Oct,2025,138.659
ITA,Italy,2024-Oct,2026,140.165
NLD,Netherlands,2005-Oct,2005,53.9
NLD,Netherlands,2005-Oct,2006,54.9
NLD,Netherlands,2005-Oct,2007,55.3
NLD,Netherlands,2006-Oct,2006,50.6
NLD,Netherlands,2006-Oct,2007,48.6
NLD,Netherlands,2006-Oct,2008,46.5
NLD,Netherlands,2007-Oct,2007,46.5
NLD,Netherlands,2007-Oct,2008,44.7
NLD,Netherlands,2007-Oct,2009,42.3
NLD,Netherlands,2008-Oct,2008,48.6
NLD,Netherlands,2008-Oct,2009,48.3
NLD,Netherlands,2008-Oct,2010,48.7
NLD,Netherlands,2009-Oct,2009,63.8
NLD,Netherlands,2009-Oct,2010,69.4
NLD,Netherlands,2009-Oct,2011,73.9
NLD,Netherlands,2010-Oct,2010,65.971
NLD,Netherlands,2010-Oct,2011,69.378
NLD,Netherlands,2010-Oct,2012,72.116
NLD,Netherlands,2011-Oct,2011,65.521
NLD,Netherlands,2011-Oct,2012,66.516
NLD,Netherlands,2011-Oct,2013,66.908
NLD,Netherlands,2012-Oct,2012,68.202
NLD,Netherlands,2012-Oct,2013,70.183
NLD,Netherlands,2012-Oct,2014,71.854
NLD,Netherlands,2013-Oct,2013,74.417
NLD,Netherlands,2013-Oct,2014,75.565
NLD,Netherlands,2013-Oct,2015,76.737
NLD,Netherlands,2014-Oct,2014,69.413
NLD,Netherlands,2014-Oct,2015,69.615
NLD,Netherlands,2014-Oct,2016,68.831
NLD,Netherlands,2015-Oct,2015,67.62
NLD,Netherlands,2015-Oct,2016,65.645
NLD,Netherlands,2015-Oct,2017,65.319
NLD,Netherlands,2016-Oct,2016,63.526
NLD,Netherlands,2016-Oct,2017,61.787
NLD,Netherlands,2016-Oct,2018,60.386
NLD,Netherlands,2017-Oct,2017,57.404
NLD,Netherlands,2017-Oct,2018,54.227
NLD,Netherlands,2017-Oct,2019,51.228
NLD,Netherlands,2018-Oct,2018,53.099
NLD,Netherlands,2018-Oct,2019,49.862
NLD,Netherlands,2018-Oct,2020,47.189
NLD,Netherlands,2019-Oct,2019,49.228
NLD,Netherlands,2019-Oct,2020,47.257
NLD,Netherlands,2019-Oct,2021,45.463
NLD,Netherlands,2020-Oct,2020,59.319
NLD,Netherlands,2020-Oct,2021,61.14
NLD,Netherlands,2020-Oct,2022,61.011
NLD,Netherlands,2021-Oct,2021,58.059
NLD,Netherlands,2021-Oct,2022,56.247
NLD,Netherlands,2021-Oct,2023,54.787
NLD,Netherlands,2022-Oct,2022,48.278
NLD,Netherlands,2022-Oct,2023,46.379
NLD,Netherlands,2022-Oct,2024,45.61
NLD,Netherlands,2023-Oct,2023,49.517
NLD,Netherlands,2023-Oct,2024,48.615
NLD,Netherlands,2023-Oct,2025,48.682
NLD,Netherlands,2024-Oct,2024,44.264
NLD,Netherlands,2024-Oct,2025,45.11
NLD,Netherlands,2024-Oct,2026,46.187
PRT,Portugal,2005-Oct,2005,66.3
PRT,Portugal,2005-Oct,2006,69.8
PRT,Portugal,2005-Oct,2007,72.6
PRT,Portugal,2006-Oct,2006,65.6
PRT,Portugal,2006-Oct,2007,66.4
PRT,Portugal,2006-Oct,2008,66.8
PRT,Portugal,2007-Oct,2007,65.6
PRT,Portugal,2007-Oct,2008,65.8
PRT,Portugal,2007-Oct,2009,65.5
PRT,Portugal,2008-Oct,2008,64.5
PRT,Portugal,2008-Oct,2009,66.4
PRT,Portugal,2008-Oct,2010,68.6
PRT,Portugal,2009-Oct,2009,74.9
PRT,Portugal,2009-Oct,2010,82.0
PRT,Portugal,2009-Oct,2011,88.2
PRT,Portugal,2010-Oct,2010,83.134
PRT,Portugal,2010-Oct,2011,87.086
PRT,Portugal,2010-Oct,2012,89.958
PRT,Portugal,2011-Oct,2011,106.03
PRT,Portugal,2011-Oct,2012,111.793
PRT,Portugal,2011-Oct,2013,114.928
PRT,Portugal,2012-Oct,2012,119.066
PRT,Portugal,2012-Oct,2013,123.737
PRT,Portugal,2012-Oct,2014,123.556
PRT,Portugal,2013-Oct,2013,123.56
PRT,Portugal,2013-Oct,2014,125.293
PRT,Portugal,2013-Oct,2015,124.215
PRT,Portugal,2014-Oct,2014,131.257
PRT,Portugal,2014-Oct,2015,128.722
PRT,Portugal,2014-Oct,2016,126.462
PRT,Portugal,2015-Oct,2015,127.796
PRT,Portugal,2015-Oct,2016,125.006
PRT,Portugal,2015-Oct,2017,122.627
PRT,Portugal,2016-Oct,2016,128.448
PRT,Portugal,2016-Oct,2017,128.204
PRT,Portugal,2016-Oct,2018,127.732
PRT,Portugal,2017-Oct,2017,125.723
PRT,Portugal,2017-Oct,2018,122.472
PRT,Portugal,2017-Oct,2019,119.81
PRT,Portugal,2018-Oct,2018,120.825
PRT,Portugal,2018-Oct,2019,117.231
PRT,Portugal,2018-Oct,2020,115.141
PRT,Portugal,2019-Oct,2019,117.554
PRT,Portugal,2019-Oct,2020,114.799
PRT,Portugal,2019-Oct,2021,109.3
PRT,Portugal,2020-Oct,2020,137.24
PRT,Portugal,2020-Oct,2021,130.047
PRT,Portugal,2020-Oct,2022,124.059
PRT,Portugal,2021-Oct,2021,130.787
PRT,Portugal,2021-Oct,2022,125.732
PRT,Portugal,2021-Oct,2023,122.779
PRT,Portugal,2022-Oct,2022,114.739
PRT,Portugal,2022-Oct,2023,111.183
PRT,Portugal,2022-Oct,2024,106.657
PRT,Portugal,2023-Oct,2023,108.35
PRT,Portugal,2023-Oct,2024,104.037
PRT,Portugal,2023-Oct,2025,99.902
PRT,Portugal,2024-Oct,2024,94.394
PRT,Portugal,2024-Oct,2025,89.838
PRT,Portugal,2024-Oct,2026,86.212
