Date,AT,BE,FI,FR,DE,GR,IE,IT,NL,PT,ES
2005-01,,,,,,,,,,,
2005-02,,,,,,,,,,,
2005-03,,,,,,,,,,,
2005-04,,,,,,,,,,,
2005-05,,,,,,,,,,,
2005-06,,0.0,0.0,0.0,0.0,,,0.0,0.0,0.0,0.0
2005-07,,0.0,0.0,0.0,0.0,,,0.0,0.0,0.0,0.0
2005-08,,0.0,0.0,0.0,0.0,,,0.0,0.0,0.0,0.0
2005-09,,0.0,0.0,0.0,0.0,,,0.0,0.0,0.0,0.0
2005-10,,0.0,0.0,0.0,0.0,,,0.0001661275733628471,0.0,0.0,0.0
2005-11,0.0,0.0,0.0,0.0,0.0,0.0,,0.0,0.0,0.0,0.0
2005-12,0.0,0.0,0.0,0.0,0.0,0.0,,0.0,0.0,0.0,0.0
2006-01,0.0,0.0,0.0,0.0,0.0,0.0,,0.0,0.0,0.0,0.0
2006-02,0.0,0.0,0.0,0.0,0.0,0.0,,0.0,0.0,0.0,0.0
2006-03,0.0,0.0,0.0,0.0,0.0006821315922412784,0.0,,0.0,0.0,0.0,0.0
2006-04,0.0,0.0,0.0,0.0,0.0,0.0,,0.0,0.0,0.0,0.0
2006-05,0.0018162138488598291,0.0,0.0016925071664805726,0.0012142683040964049,0.0041154233115862976,0.0010793725370433645,0.0018975962841046806,0.002126855242404789,0.0015625777173967,0.0012262248269033936,0.0016691208368196004
2006-06,0.0,0.004769002126119695,0.0014742208456847614,0.005298384298413893,0.005758747832532321,0.0,0.0,0.0026199730876407326,0.0,0.0,0.0
2006-07,0.0,0.005200590992358207,0.0,0.0055959562189380726,0.005949639567566804,0.0,0.0,0.0019491668691038837,0.0,0.0,0.0
2006-08,0.0,0.003277358908207409,0.0,0.003466020733392511,0.004178363607918099,0.0,0.0,0.0,0.0,0.0,0.0
2006-09,0.0,0.0,0.0,0.0018180623645665972,0.0,0.0,0.0,0.0,0.0,0.0,0.0
2006-10,0.0013524378439285388,0.0,0.0,0.0,0.0,0.0,0.0,0.0,0.0,0.0,0.0
2006-11,0.0015718529705215241,0.0,0.0015855633845102317,0.0,0.0,0.0,0.0,0.0,0.0,0.0,0.0015954452850206156
2006-12,0.003972884641328166,0.0,0.0032796975606422807,0.0029967875671288863,0.0,0.002845366723025973,0.002534452571821625,0.0,0.002874111602797477,0.002866528455765974,0.0017791323070337566
2007-01,0.0032978368940721255,0.0,0.0017244332027205643,0.0,0.0,0.002297932649254817,0.0,0.0,0.0019492276717915649,0.002358191943059208,0.0
2007-02,0.003439631022132426,0.0,0.0,0.001463920819271927,0.0,0.001703641519633136,0.0014493924879753096,0.0009050285818875573,0.001890400226081489,0.0025937930475795575,0.0
2007-03,0.00304737531423355,0.003095257517205345,0.00171340778995245,0.003059455400792012,0.0027073189657854254,0.002429830326965854,0.002296115187276151,0.0,0.002130934487427051,0.002410008082618392,0.0
2007-04,0.0,0.004244983427189104,0.0017482896232858141,0.003543376076129847,0.003995060190578231,0.0023865393691942763,0.0024922774954646417,0.0,0.0016722675637705728,0.0017470996824126609,0.0
2007-05,0.0016384993087433714,0.00569739838764252,0.002827532969580379,0.004385299152225492,0.005264318270305354,0.0016510523962805811,0.001980020344158968,0.0,0.001040752317720687,0.000515903596979013,0.0009749003280000492
2007-06,,0.0056304634908237615,0.0,0.0037231371849566937,0.00474653035733783,0.0,0.0,0.0,0.0,0.0,0.0
2007-07,,0.003900387849672518,0.0,0.0013605417935266969,0.0024079471564261816,0.0,0.0,0.0,0.0,0.0,0.0
2007-08,,0.0,0.0,0.0,0.0,0.0,0.0,0.0,0.0,0.0,0.0016911053938253272
2007-09,,0.0,0.0,0.0,0.0,0.0,0.0,0.0,0.0,0.0,0.0018093837239585248
2007-10,,0.0,0.0,0.0,0.0,0.0,0.0,0.001028443957223332,0.0,0.0,0.004474839079859245
2007-11,,0.007030711422114091,0.004819091306558879,0.007207549325734903,0.007590146864039488,0.002578977418888338,0.004630250702571531,0.002281339751048027,0.0027399122827645984,0.00258399747416925,0.0054128096593352
2007-12,,0.005514551025893202,0.0016887886746709392,0.006637896255765487,0.006794865976938181,0.0018778534578157034,0.00423197248055758,0.0024438583857071235,0.0023796012618235015,0.0022914063913604243,0.0037000109646496216
2008-01,,0.00667642234920853,0.0053977147231682515,0.007022881761939507,0.008702033132218397,0.0047926115646179275,0.004596050448809626,0.0,0.0048059583860030845,0.0050982821888456535,0.0020746217347043963
2008-02,0.004410329210937647,0.008078423272958955,0.005435728031055643,0.0073175973585348116,0.008581475945554624,0.005381536975866638,0.0036319958320395426,0.0,0.005131911418338364,0.0055484634280246045,0.0031347843957643087
2008-03,0.004241945035782044,0.00964970028427023,0.006017262128745058,0.009818617769714875,0.009578866716439803,0.005551803189395983,0.005373125944074028,0.0,0.005589970934436953,0.003636270901063882,0.004071983195816999
2008-04,0.0031961289923481775,0.005568494775492894,0.0022348797716581544,0.0,0.0,0.003534067810355334,0.0,0.0,0.0,0.001829908032754499,0.003437050340615449
2008-05,0.0,0.004315377937532932,0.0,0.0,0.0,0.0,0.0,0.0,0.0,0.0,0.0
2008-06,0.0,0.0,0.0,0.0,0.0,0.0,0.0,0.0,0.0,0.00433875169211096,0.0036192674552437388
2008-07,0.005649211957951517,0.006226691090169664,0.0013098891287402104,0.0031770164391254343,0.0,0.0063967603421967445,0.0,0.0022665571085989577,0.0035300715185094356,0.005942947978692833,0.0048918927191713805
2008-08,0.0,0.004732968686072869,0.0,0.0,0.0,0.0039759382047342695,0.0,0.0,0.0,0.0035670848211941976,0.0
2008-09,0.0037984547409237288,0.005442076812221014,0.0,0.004956809149408823,0.0,0.004445440876240232,0.0,0.0,0.0,0.004278382865183501,0.002522945550547786
2008-10,0.005461649249311149,0.005560558553819194,0.004390219478458203,0.0065387703376252795,0.004625337980875216,0.00543200363744814,0.0,0.0,0.0032850598249610525,0.0038778476297537993,0.0018378018845139179
2008-11,0.004773992296285078,0.00464818994898159,0.007050670642333776,0.004759503810751607,0.0,0.0040817344438135025,0.00376121454585249,0.008396619102564513,0.0017572058706889755,0.003513853461802037,0.004412779592029216
2008-12,0.0012542281973163699,0.004870716579153084,0.008517335665334939,0.005138006959443673,0.0,0.00543503527100914,0.005899243777482566,0.008221311883301347,0.0,0.0035555335148405674,0.0038026921947672183
2009-01,0.0,0.0,0.006923697662364459,0.0008763368002660819,0.0,0.0074682254728284225,0.00311012178186909,0.006280418640370195,0.004072882165029832,0.0,0.0
2009-02,0.0,0.0,0.006856102366685988,0.0,0.0,0.008678203349523983,0.0043577309175377825,0.006286086295561789,0.002360902338020517,0.0,0.0
2009-03,0.0,0.0,0.007595916410852709,0.0,0.0,0.01128710185221646,0.006513485053142667,0.007431483797277562,0.0023712293317095534,0.0,0.0
2009-04,0.0014927023167994504,0.0,0.0,0.0,0.0,0.007969761954780602,0.0,0.0,0.0,0.0,0.0
2009-05,0.0029470583624593063,0.0,0.0,0.0,0.0,0.005270971570446158,0.0,0.0,0.002736127031158505,0.0,0.0
2009-06,0.0038620768347834606,0.0,0.0034870296851124425,0.0021297404919105568,0.0,0.0,0.0,0.0027846605674889426,0.0,0.0,0.0
2009-07,0.0,0.0,0.005111046059850049,0.0019175741117878,0.0,0.0,0.0,0.0024106883607318886,0.001257731491147048,0.0,0.0
2009-08,0.0,0.0,0.00457528070170203,0.0,0.0,0.00335179619545886,0.0011864119657569656,0.0033062008554571045,0.002541977863515615,0.0,0.0
2009-09,0.0,0.0,0.0,0.0,0.0,0.0,0.007207874511989448,0.003345850811425891,0.0018969644877417835,0.0,0.0
2009-10,0.0016059056626088755,0.0,0.002910254875842076,0.0,0.003217646465674597,0.0,0.0,0.0036114072492319112,0.0,0.0,0.0
2009-11,0.002873728640078562,0.00288183529665531,0.0045250814871612985,0.003290451098861616,0.0036856018960079264,0.004570717100990263,0.006677327806398655,0.001405748180401753,0.003551907446325999,0.00413712727554709,0.004864552891416679
2009-12,0.006609120239767046,0.0029323194850809056,0.002793820443747826,0.003893162890793888,0.0035168007784052552,0.011022030480733344,0.006518775365442929,0.0029604023094899267,0.003718771317325857,0.004699205701967318,0.006136730392931299
2010-01,0.006118661665360921,0.0016965065266356825,0.0,0.0014116143742662704,0.0,0.012252749833000912,0.005054333929058033,0.0035074029048057474,0.002684278529107599,0.0019134217825786237,0.005320897501014068
2010-02,0.004550864062649613,0.0,0.0,0.001182720691790187,0.0,0.006225061105935911,0.0032395671158022975,0.00348175915193723,0.0027118524228598494,0.0,0.003924672362218451
2010-03,0.004294341241641824,0.0005237011052430165,0.0,0.0011500035222684328,0.0,0.0,0.0,0.0,0.0005500947481828377,0.0,0.0
2010-04,0.003756620580603847,0.0,0.0,0.0015862896586079664,0.0,0.0,0.0,0.0,0.0013906056644297747,0.0,0.0
2010-05,0.00484576782483065,0.0038611898821917486,0.006918154698966654,0.005076678071695178,0.005255138114364262,0.0,0.0,0.0,0.005071366242974659,0.0,0.0
2010-06,0.002083033236974464,0.0022394374740258745,0.006964246931346427,0.005080425838140819,0.005454699405043016,0.025866907276556026,0.0,0.0,0.005444122175993468,0.00724609774719396,0.0
2010-07,0.0031807256757416303,0.0022891574179819416,0.008264678751923575,0.005345330656816128,0.005012912768771083,0.028567270334404208,0.0,0.0026317278616610146,0.005619412477933566,0.008250435160662832,0.0
2010-08,0.0035862607173532796,0.0035819896203279538,0.010017998281798939,0.006677913148443671,0.0062678739160980336,0.031439853289421144,0.005396902900302327,0.001770425105507529,0.006181445239037709,0.010931486897660783,0.0
2010-09,0.0,0.0,0.009423141542559655,0.0011638954316507755,0.002884339510145296,0.03208587457016951,0.007161640219246187,0.0,0.005604011758166169,0.0,0.0
2010-10,0.0,0.0,0.007813142910999145,0.006339878533328571,0.005679205855785335,0.00634685820627474,0.007446176851464939,0.00045984404473480283,0.007633397339981231,0.008218983984097783,0.0
2010-11,0.006976004455575506,0.0,0.009960366046064232,0.007734879932481284,0.010282788984591314,0.0,0.0,0.000799518972998121,0.010570227434304722,0.0,0.0
2010-12,0.007585385147559336,0.006828723533583218,0.008454790495937793,0.0053008852306363425,0.00710108193414956,0.0,0.0,0.0,0.008010622151554837,0.0,0.0
2011-01,0.00835175293961438,0.006446369146830547,0.007276730917210023,0.007055437614115574,0.008327248705991542,0.0,0.0016860042875229179,0.0,0.008834714026432678,0.0,0.0
2011-02,0.004662617698482796,0.0019246706133541778,0.003933089408056054,0.0,0.00044989755131590763,0.0,0.0,0.003245278138239658,0.0021235473284021036,0.009694337650182974,0.0
2011-03,0.004074957071863094,0.0036646422165779236,0.0,0.0,0.0,0.015666580857895088,0.0,0.0045222831508108605,0.0036619104624575935,0.005347499027889181,0.004991631240911764
2011-04,0.0037189772410391253,0.0067881072069721545,0.0,0.0,0.0,0.009283264192802948,0.010430414159173012,0.003208679211750065,0.0,0.005725835047023133,0.005571980140077865
2011-05,0.003444302737361871,0.005767646835929495,0.000535054832711617,0.0,0.0,0.0,0.009970737045127862,0.003924238385502066,0.0,0.009676153716836057,0.005699387332607047
2011-06,0.0,0.0016905946632469972,0.0,0.0,0.0,0.0,0.010418508476199954,0.0019194702340217895,0.0,0.008338453505326793,0.006154783266264106
2011-07,0.0,0.003755367316262564,0.0013240226060984618,0.0,0.0,0.0,0.010893707834744804,0.006637608990540889,0.0,0.008162438873171302,0.006309078065858939
2011-08,0.0,0.003283881543315372,0.0,0.0,0.0,0.0,0.008587422927236939,0.00668106909137148,0.0,0.009929604111701915,0.004650234573864932
2011-09,0.0020853481843621136,0.00537752520969474,0.0,0.0,0.0,0.025852234282447213,0.006144007977975743,0.006493497965493161,0.0,0.010920247379002258,0.005596566015225962
2011-10,0.0068581482702010045,0.006056565770239093,0.0038519526774788942,0.0,0.0022090062491759506,0.02826723383047775,0.011098557708187361,0.006181455225788634,0.005474062566470068,0.0046275572298612325,0.004968742064984964
2011-11,0.007005559029945035,0.010838897488619636,0.01678330788061371,0.009195290612965363,0.015972976071424082,0.0,0.012855315468076027,0.0,0.015463089837660551,0.009982294822519692,0.017517781818809627
2011-12,0.012460244243031863,0.008780647053446387,0.016560089939592244,0.006125999611444198,0.016975145730935476,0.0,0.009227280457186673,0.0021921144720874297,0.01612542047383323,0.01506384391688317,0.020011199262049778
2012-01,0.01590832560054198,0.007144969031213457,0.019706528170895386,0.008933713866003562,0.021696771315743903,0.030999361137433307,0.011776029943454926,0.0,0.020309148920881474,0.0,0.019728797590811857
2012-02,0.013468364948269035,0.008375829143935278,0.018131608944690167,0.007256195935719821,0.021646017129247592,0.03279264423850425,0.01442390692031934,0.0,0.018960010385532727,0.0,0.018946756315455435
2012-03,0.013787567985283697,0.009305391658939791,0.01809884495720556,0.0,0.021886170264926202,0.0558735634969611,0.013577574851754513,0.0,0.017768851237270344,0.0,0.019063127219780755
2012-04,0.0,0.005204326402899029,0.008860676229897993,0.006831945242542733,0.0071784353962016335,0.08424311560331482,0.006744666069540393,0.006447364116372128,0.01071577482877646,0.019602824086124765,0.008539117249789178
2012-05,0.0,0.006279160784912678,0.0036701286007160086,0.006478805902476045,0.0,0.08768364892823052,0.01783660415455118,0.00772108623869887,0.004694657783140806,0.02253921574829382,0.0
2012-06,0.004323753391731183,0.00604767341710562,0.005384477285429854,0.009003151982879485,0.0,0.054665651443271256,0.014614205131064484,0.006563947155768179,0.004992217136179436,0.02811838625630652,0.0
2012-07,0.003589544143110613,0.003213381030220176,0.007434791958718774,0.011542085237062884,0.0040145073738078255,0.03967287845158432,0.011720752695172906,0.005750276032847261,0.006953031271349429,0.01949564317920639,0.0054870838918121365
2012-08,0.0037744573279432083,0.003661755514822438,0.008580147369697333,0.008236159230359065,0.0,0.0,0.01196664998447016,0.005161047361188789,0.008941291048209017,0.02021107392817576,0.005474239755588889
2012-09,0.0008288383627164242,0.0,0.004929598610074199,0.00609831762705339,0.0,0.0,0.013750794260097251,0.004060033793805231,0.006539210487076888,0.01585380691080902,0.016291913952660508
2012-10,0.0,0.0,0.001398741670853813,0.002910687143621965,0.006082939174609645,0.0,0.0007446834242493522,0.00326107659358024,0.005103765387241012,0.006319683520235472,0.015995842375693303
2012-11,0.0,0.0,0.0,0.0,0.0039778479600102185,0.0,0.0014919639940910022,0.0008856092257848063,0.0006088923129832319,0.008648076606789554,0.016876804570067055
2012-12,0.001240418898258858,0.0,0.0,0.0,0.0018201891725084342,0.0,0.0,0.00371559351370475,0.0,0.009403412937990472,0.00995539663616746
2013-01,0.001486755402500874,0.0058942772049148705,0.0,0.0,0.0,0.0,0.0,0.0028868750883119286,0.0,0.009248626838628775,0.009925982534670169
2013-02,0.0013809755878491823,0.006578205339754601,0.003155842468507916,0.0018134135868111184,0.0,0.0,0.0,0.0,0.0,0.007636606285321445,0.0035936841421543336
2013-03,0.0,0.005433256484054605,0.0,0.0,0.0,0.004427994281837933,0.0017654931933953114,0.0,0.0,0.006918535691191317,0.0
2013-04,0.0,0.0036187971874113004,0.0,0.0,0.0,0.007528367842879861,0.003959114213626651,0.0,0.0,0.004755555889758706,0.0034354300513259957
2013-05,0.0,0.0,0.0,0.0,0.0,0.0044849285663394025,0.004198559324875491,0.0,0.0,0.0,0.004837876954045984
2013-06,0.0,0.0,0.0,0.0,0.0015343618065017494,0.0033569279129673714,0.006046040828477309,0.0,0.0,0.004437787417774088,0.0
2013-07,0.0,0.0005894091843111218,0.0,0.0,0.0014372346841353874,0.0,0.007141904616671619,0.0,0.0,0.0,0.0
2013-08,0.0,0.0014525024417931579,0.0,0.0,0.004648393990054775,0.0,0.006761120971646922,0.0,0.0,0.0,0.0
2013-09,0.0,0.0,0.0,0.002007565709436225,0.004228205022292254,0.0,0.003831503606428308,0.0,0.0,0.0,0.0
2013-10,0.0,0.0013333519425780525,0.0,0.0,0.004962683103474865,0.0,0.0,0.0,0.0,0.0,0.0
2013-11,0.0019801539608005066,0.0049897881494115675,0.003352904361667423,0.0046407405995359365,0.005613755187256606,0.0,0.0011026772733114506,0.0,0.0,0.0,0.0
2013-12,0.0,0.004773944475212128,0.0030346922180632587,0.0005844142316128217,0.0039388630544336225,0.0,0.0,0.0,0.0,0.0,0.0
2014-01,0.0,0.003150002310503341,0.0015073468290010435,0.0,0.0008670835339851631,0.0,0.0,0.0,0.0008258854746691193,0.0,0.0030106710192611286
2014-02,0.0,0.0021305164162941114,0.0,0.0,0.0,0.0,0.0,0.0009535649627819332,0.0017204345117332318,0.004788189441794381,0.0030533115634546384
2014-03,0.0013964606170412913,0.0037978143393890716,0.00396902891702637,0.0,0.0017662684470804602,0.0,0.0,0.0014960451026959304,0.0042158510410034555,0.004833400810081327,0.003451663270089253
2014-04,0.00117209563684375,0.00405390198060638,0.003612307256817237,0.0007446594687032673,0.0018855600005101341,0.0,0.0,0.0014140074030705102,0.00393847223163301,0.005227950274844751,0.002304233438016227
2014-05,0.002156052593935774,0.0033572139704309456,0.005372140330174924,0.0,0.003112062449508059,0.008509665218368719,0.002437169624296536,0.0,0.004590027655380709,0.0,0.0017486718696168894
2014-06,0.0,0.0030627961618020934,0.005637797064865951,0.0029030688064659283,0.002657158945051017,0.010630224741501182,0.0005118643576580995,0.0,0.00406770714895677,0.0,0.0007521382018412176
2014-07,0.002070101696093229,0.0033730889195540716,0.0033634254338489027,0.003048345015014806,0.0027844749936643868,0.009736149876921583,0.0,0.0006082736683160041,0.003924253260362307,0.0,0.0015611065723590844
2014-08,0.0,0.0,0.0,0.0,0.0,0.009361006193288779,0.0,0.0016492046394554214,0.0,0.002938081756768798,0.0026184319721458803
2014-09,0.0,0.0018170082315022839,0.0,0.0,0.0,0.011038611521359964,0.001635197720765497,0.0,0.002474163034596947,0.002622179574306473,0.0037063844048652074
2014-10,0.0004191276974394119,0.001935769593834549,0.0,0.0006693512645237138,0.0,0.014857221537300505,0.0,0.0027484180817498186,0.0018171035646125345,0.0017377771869743137,0.005262487692583308
2014-11,0.002231464587500373,0.0022367687620490264,0.00035701952339351666,0.0006451893258667035,0.0015137040268036626,0.00966700485939758,0.0,0.0005123553510567591,0.0025119318854902144,0.0,0.0046260813314241865
2014-12,0.0015244977556675874,0.0015350657065401334,0.0031335218547046645,0.0,0.0013757248844889507,0.009754489927647322,0.0,0.0015052777873823054,0.0018151102725325432,0.0037257243363849474,0.005644535665339903
2015-01,0.0,0.0020517166106129997,0.0,0.0,0.0019052949643193532,0.010126808589713201,0.0,0.003429138648933844,0.0012504096622816972,0.0,0.005228785672447526
2015-02,0.002082031209603602,0.0027226526170365407,0.0,0.0,0.002648862885142457,0.011079956861571165,0.0,0.004036662535025603,0.0006030226813687579,0.0,0.0045227497336925975
2015-03,0.0,0.0024210402879558616,0.0,0.0,0.002070051917349382,0.008505815313774773,0.0,0.0,0.0,0.0,0.0012634063119831324
2015-04,0.0,0.0008210288916231281,0.0,0.0,0.0014741620293100687,0.0,0.0,0.0,0.0,0.0,0.001807427831019651
2015-05,0.0,0.004389187041971078,0.0,0.002468795402421821,0.0,0.0,0.0010545142163397878,0.0,0.002409308011915487,0.0,0.002463563607342678
2015-06,0.0,0.003312652546850228,0.0,0.003574717081263718,0.0,0.0,0.0,0.0,0.002563968607410348,0.0,0.0
2015-07,0.003441862770645888,0.005626493732405453,0.005206061400614778,0.004058581153917788,0.0,0.0,0.00874744622457217,0.0,0.003306358538712879,0.0,0.0
2015-08,0.0016024057605733167,0.0040389004519688,0.004157109940990454,0.005501161424482715,0.0,0.0,0.009791713888425283,0.004069484078486824,0.005298935100744012,0.0,0.0
2015-09,0.002310905721466817,0.0032071286572623293,0.006583121448785697,0.0056478018486921895,0.0,0.0,0.009852332077754404,0.004657682999382429,0.004940913355957115,0.003317468186109308,0.0
2015-10,0.0018003130918118255,0.00421749747567162,0.0,0.003205060951922617,0.0,0.0,0.0033925770409217004,0.0,0.0034098658644479717,0.0,0.0
2015-11,0.001419962994242457,0.0035474877702796706,0.0,0.0024330532224221945,0.002049767167646202,0.0,0.0023598224333823492,0.0005957301741688742,0.003770159868942631,0.0,0.002323339445684309
2015-12,0.0017237932126544233,0.0019544109119940464,0.0,0.0016302417584754345,0.0018862332778644998,0.0,0.0012161149853322421,0.00034015463842706703,0.002379550502536054,0.0,0.0022522013938185716
2016-01,0.0009309096920399871,0.0024108784004438673,0.0,0.0,0.001130116055809838,0.0,0.0026469067372195815,0.002177397608154281,0.0,0.003189521654522541,0.0022018878651388616
2016-02,0.0034299755317189124,0.0,0.00472398457436256,0.0,0.0,0.007949123095627194,0.0,0.0025684710597539593,0.0,0.006876543721164109,0.002444165953877699
2016-03,0.0028690620865907505,0.0,0.003962360323230603,0.0,0.0,0.005512354001749352,0.0032269253640123388,0.0035272249428187257,0.0,0.0,0.002921378488795035
2016-04,0.002688702463131386,0.0,0.006494899451602516,0.0,0.0,0.006840701848703903,0.00441485601645917,0.0026213175374579633,0.0,0.0,0.0024048391511454423
2016-05,0.00220649386153857,0.0038613742308641094,0.0068460280939621225,0.0013858688249216956,0.002465936537184766,0.02141671662453248,0.004242446699222844,0.0032290663086338924,0.0018821257073090233,0.0,0.0012065955949364321
2016-06,0.0023916270369086987,0.0034580037935409524,0.005270805365837595,0.0021244055217481917,0.0015490834275820764,0.02080195246780089,0.0020747906824335424,0.0030644499710668033,0.0007754203037856024,0.0,0.0026913660942249726
2016-07,0.008510833050080772,0.0032256787797475825,0.0,0.0025367941548661136,0.003481452888866592,0.01173313019943107,0.0,0.0,0.005644830627756866,0.0,0.0028369468621032836
2016-08,0.008857080405890835,0.0026955523596692,0.0013287965397356094,0.002645397850486754,0.0032683479763625403,0.01646676047213042,0.0,0.0,0.005573203676949277,0.0,0.003135969161431307
2016-09,0.007664964781258081,0.002069049971339243,0.0,0.0,0.0026506932924843466,0.016164077886050746,0.0,0.0,0.005025620135972947,0.0,0.004392902450560827
2016-10,0.004987400680860644,0.0,0.0,0.0,0.0022548281257564755,0.0030253703842712232,0.0,0.0,0.000954831027135488,0.0,0.0007455301961227587
2016-11,0.003081022008798149,0.0,0.0,0.0,0.005270253560656545,0.006577672556790927,0.0,0.0,0.0014163039866820363,0.0,0.0
2016-12,0.0,0.0,0.0,0.002383251277382078,0.0020006312396162254,0.006561858037302108,0.0,0.0,0.0,0.0,0.0
2017-01,0.003034015625823012,0.0022821655783493463,0.0031535097997821985,0.004459166251444907,0.0005875136625288718,0.006296464723028328,0.0,0.0,0.0,0.003355611397866826,0.0
2017-02,0.0033085322712192405,0.010316780647603212,0.005241337141911825,0.004380545239663326,0.0023674488945513716,0.0049009056848015025,0.0,0.0,0.001786968570827942,0.0032919657033574747,0.0
2017-03,0.004012012984351545,0.00993069835645142,0.0061904051951753745,0.004812149850220099,0.003100372881654658,0.0068092134570339625,0.0023057870512965136,0.0,0.002394431318840901,0.003706782257937316,0.0
2017-04,0.0028441666412374242,0.008507328065904986,0.004460307718850104,0.0,0.0011682838830624233,0.005950216043091824,0.0031640846021322023,0.0,0.002948330404918648,0.005025234445930209,0.0
2017-05,0.003174940165696264,0.007521273438014144,0.004241592638375127,0.0,0.0022044735009381406,0.0,0.0017762857019384556,0.0,0.003922217518519112,0.008011810458983925,0.0
2017-06,0.0024656826597327344,0.004277566024470115,0.0017163640042012645,0.0,0.001556721862817826,0.0,0.0,0.0,0.0034881717074184645,0.005295834435999454,0.0
2017-07,0.00424618369686108,0.0036295408452913526,0.0032179846341034405,0.0034108906656199534,0.0014106911168739757,0.0,0.0017001296001240688,0.0,0.003528337986406035,0.005166031754539365,0.0021052562138256944
2017-08,0.0018785552752725746,0.0033730592714547236,0.0,0.0033738719568156394,0.001704324353946467,0.0,0.0013482166898396608,0.000381765978797877,0.0029354974522569953,0.00485188306648958,0.0
2017-09,0.0020001950749994222,0.003318273628868497,0.0034531073262169575,0.0032342903466029403,0.0016376143396912876,0.0,0.0012066526564062348,0.0012907189407848772,0.003496432982354578,0.0052613009329829106,0.002775078511106224
2017-10,0.0031063290050479496,0.0033788048130878575,0.0032575924366029705,0.0,0.0009535707486613604,0.008698418561890919,0.0008393756672463113,0.0021518525283843134,0.003307946277613283,0.0024225684667548227,0.001961239251209287
2017-11,0.0026382249418201447,0.0026512117673584508,0.0029848397752479474,0.0,0.0016448101473056094,0.0019407939504926146,0.001181696413832561,0.0,0.0031230466652017916,0.001795996442722343,0.0009858784505318355
2017-12,0.001120666680101535,0.0008296495969860126,0.0017785773879120345,0.0,0.0006524496445305664,0.01074122972699867,0.003123221873780936,0.0,0.0023137679832598763,0.0018464580183746066,0.002320922736515052
2018-01,0.0,0.003341012284169889,0.0,0.0,0.0024832445725779346,0.011737996724494434,0.0022795510645003225,0.0,0.0,0.0,0.0015631112165438747
2018-02,0.0,0.0,0.0,0.0016175609974779191,0.0025468216597491658,0.00812423503458436,0.0,0.0,0.0,0.0,0.0
2018-03,0.0,0.0,0.0,0.0013048588326881017,0.0016084625561230096,0.009318022443491262,0.0,0.0,0.0,0.0,0.0008573442146832264
2018-04,0.0,0.0,0.0,0.0014732728826717732,0.0,0.00938016010990855,0.0,0.0,0.0,0.0,0.0013019712973225963
2018-05,0.0,0.0,0.0,0.0,0.0014631688301577834,0.007641324228560709,0.0,0.0,0.0,0.001512018416066963,0.002082907268541636
2018-06,0.001941889017152549,0.0,0.0005404004430026118,0.0,0.0,0.00393959358342961,0.0,0.008656677655314507,0.0,0.0,0.0011633438875443397
2018-07,0.004692680198102334,0.0,0.0,0.0,0.0018074599794987586,0.004563821655302497,0.0004107494344703642,0.006137369557867758,0.0022606281889482856,0.0,0.0014826639822803896
2018-08,0.003982259794416352,0.0,0.0012605009425892403,0.0,0.0022900362552044137,0.004394417824992317,0.0036869107483828278,0.007939700339497782,0.0024124553156899876,0.0,0.0
2018-09,0.003205767353872544,0.0,0.002166645153669807,0.0,0.0024006924798460646,0.004686433212290646,0.004052912636087461,0.011387600833114991,0.0026561786386823084,0.0,0.0
2018-10,0.0065522888247097595,0.0,0.001247911720560591,0.0,0.0023113952633379074,0.0029465790094186386,0.004228656405361405,0.009950004458223449,0.0028223642799548965,0.0,0.0
2018-11,0.0061451296330632,0.0,0.0,0.0,0.0,0.002649360912866984,0.0,0.0,0.0,0.0017066544177005705,0.0
2018-12,0.004796081291209114,0.0009484238339547978,0.0033657195265558576,0.002170145635826089,0.0,0.0024010498132344795,0.0,0.0,0.0,0.0,0.0
2019-01,0.004181074392951211,0.0013859899063846494,0.0019136660901494507,0.0021096507580101237,0.0,0.003100587834094585,0.0,0.0,0.0,0.0,0.0
2019-02,0.004893342891902514,0.0015786881213395527,0.0016988015905934238,0.001492227676991311,0.0008463126998503373,0.0017608602887800133,0.0,0.0,0.001195604169730918,0.0,0.0
2019-03,0.0010616840068571167,0.004184811551022795,0.003144554821056238,0.0015675374899982132,0.00139042702891691,0.0,0.0010958369965936789,0.0025637565085604996,0.0010091464706967997,0.0,0.0008346649857231982
2019-04,0.0015211607094943432,0.00434165461711555,0.0018204074445506901,0.0011443807087279452,0.0,0.0,0.002861042274398859,0.0,0.0017508912283408385,0.0,0.0
2019-05,0.0015307005520630698,0.004122012042012952,0.0,0.0012080333705042985,0.0,0.0,0.0025016374554707003,0.0,0.0013858378944119135,0.0014723429886026723,0.0
2019-06,0.0,0.0017037283611328832,0.0,0.0,0.0,0.0,0.0,0.0,0.0,0.0,0.0
2019-07,0.0,0.0,0.0,0.0,0.0,0.0030175889767347914,0.0,0.0,0.0,0.0,0.0
2019-08,0.0,0.0007409417145486242,0.0,0.0017710571456855972,0.0,0.0033548754521729373,0.0,0.0,0.0,0.0,0.0
2019-09,0.002905495716812387,0.0023314308729597256,0.0010830938031744846,0.0034812873471432356,0.0011622453202230858,0.003986469331875847,0.0006577760113811117,0.0,0.0026736616952051746,0.0,0.005766212954592514
2019-10,0.0,0.0,0.0,0.0,0.0,0.005668951573765884,0.0,0.0,0.0,0.0,0.005086965487007034
2019-11,0.0,0.003537439157279363,0.0016122137753213212,0.0027212182254062363,0.0018214184918220174,0.0053458877938671176,0.0016886172869095368,0.0,0.0035377489936231393,0.0036791813993991363,0.006301353650685617
2019-12,0.0,0.0038357984115940085,0.0013342738020791325,0.0024434266270745345,0.0,0.004386357103997641,0.0018527314615559905,0.0,0.0,0.0025839376311280345,0.005526613503883892
2020-01,0.0006934777442501726,0.0031856280402761156,0.0028147343869897243,0.0,0.0020979764049656457,0.006697017614257349,0.002335200868713523,0.0,0.0,0.0,0.0030540965770441486
2020-02,0.0,0.003119431244244142,0.0016700191408216191,0.0,0.0,0.0,0.0007968558980307558,0.0,0.0,0.0,0.002398484343165038
2020-03,0.0038997050417298247,0.004598528934086064,0.0029791534237439228,0.004163756357596514,0.0,0.0,0.0,0.008739913486136173,0.0,0.000691418517307897,0.005600627393243091
2020-04,0.04049066713843792,0.005056509637099126,0.00676156241099464,0.0038763971072311807,0.005150180484619857,0.007494004443876312,0.0,0.009300340295994454,0.0036834584554697033,0.001953725890397597,0.006022212441472029
2020-05,0.03006422951583425,0.0034837595068979,0.006270826052390368,0.003777201216994867,0.005868359601623778,0.004755617192122393,0.0,0.008258151765610641,0.0068012540307131305,0.0,0.004749677185658626
2020-06,0.030305508748426923,0.004360644479495255,0.006034157545223947,0.0038292476618547806,0.004592962154924942,0.001597937533378297,0.0,0.007382698524861693,0.0053797284362699024,0.0,0.006292342189154628
2020-07,0.030392450435049394,0.004962918873995536,0.006200348533478717,0.003511832141847749,0.003958772605825859,0.00233931358096655,0.0,0.008358240435043712,0.00585548299986032,0.004382430134715304,0.007037542721686437
2020-08,0.030835354805529454,0.005579407068809028,0.006724845255119892,0.002395242431638301,0.004187986606686127,0.007477890890129354,0.004178853694601342,0.002583986577094813,0.005816287133661671,0.0031539521323817794,0.005470384952324252
2020-09,0.0,0.0030026958528956544,0.003458803520282357,0.002633536126993574,0.0,0.004288496462043127,0.003789837014365753,0.004099217081559678,0.0034490697568199525,0.0012268969888772534,0.0038233251916800996
2020-10,0.0023057836901204023,0.003271805138937482,0.00356907762300576,0.0027943947538282585,0.0,0.004369993818834501,0.0031141161048050675,0.0035042167159296117,0.0034909135488098743,0.0028382662911714744,0.0036803549368899374
2020-11,0.003387831142616235,0.003405645722655401,0.003987418448854796,0.003540194272680189,0.0008556975265720327,0.0033006875501094546,0.0019597077365018636,0.003316475459261579,0.004236817352619351,0.0032789125771531392,0.003421852222109036
2020-12,0.0023637345545112374,0.0029041594180855166,0.0018830948851092577,0.002529380463131546,0.0016674377173464946,0.006494855224985487,0.0011702808941799214,0.001880604109848554,0.0027894741987265353,0.0025334678759540217,0.0019885285796410325
2021-01,0.0022070091088832212,0.0032057918603941725,0.002036436019614297,0.0023550438336802505,0.0017697208789843764,0.003080327680290737,0.0014197879779258603,0.0036371604379503396,0.0028596039243468656,0.004669674754324452,0.0029170544113510575
2021-02,0.0018033371578846785,0.0021584518876867492,0.001760107811457275,0.0030292519112487823,0.0017662815988331803,0.0,0.0013680289630007717,0.0039706200033671245,0.0019479500930557488,0.005071975184400932,0.0023828803594486123
2021-03,0.0029914834493948226,0.0026529914211633867,0.0,0.003685065029010199,0.0020456467484800326,0.010007026306392237,0.0037990894256968973,0.005822614653372236,0.00026177427550836606,0.004953490062119053,0.00248241224982234
2021-04,0.0027269601435189537,0.0018302870362823741,0.0006688753897917093,0.002830510694492146,0.001743955572472705,0.010280186168374669,0.003403845413888166,0.0032881439147476824,0.0,0.00255028558794253,0.0
2021-05,0.0013842306411143254,0.0018540463621672533,0.0,0.0018098955349952778,0.0007483289350800194,0.0,0.002448383625516522,0.0,0.0,0.0,0.0
2021-06,0.0037379719746941354,0.00346161024949786,0.0036978641048585623,0.0034441606153938573,0.0024092031765236737,0.0,0.004090493222415524,0.002773458996931425,0.002179188498738472,0.004494298441352494,0.0023070262802180404
2021-07,0.004365917701848162,0.004276100234003137,0.004050865289773366,0.0043097270817821385,0.003430413710098802,0.0020027940053360077,0.003982658420059507,0.004220722109124446,0.0033237236055688557,0.004100882099636395,0.0026541571824989997
2021-08,0.003098554016444021,0.0007777725732247079,0.002985661230313971,0.0027791885763968306,0.0012047163438950875,0.0026372400158798186,0.002549234032606111,0.002642142000953695,0.0021787652250217417,0.0032675776569180666,0.0018327589746526536
2021-09,0.0017505140950056616,0.0,0.004057983943530159,0.002913222097697046,0.0,0.0,0.0031563828166950155,0.003078397592308628,0.002682492788968797,0.0029700064019996847,0.0024840454660938287
2021-10,0.0026940543696049694,0.002198377465904452,0.004928966995925501,0.003380468653837541,0.0011036097541682075,0.0,0.004427306751649107,0.0037440703229237524,0.0034905213583108627,0.0016702325864970148,0.0034738056575084543
2021-11,0.004399046480203418,0.003494016908450158,0.005671138620270495,0.003567234388797657,0.0,0.0022842711020134533,0.00500465011269717,0.0055385658906529035,0.004666706670280727,0.00356404274422838,0.003858422505542146
2021-12,0.0040093122421732625,0.0028987966255294407,0.0054644850046028075,0.0029592668310532933,0.0,0.003158618333598086,0.005816894631300603,0.005506076937218738,0.004505385068541008,0.004232986713883055,0.003546292733360959
2022-01,0.0036062681268905442,0.0012743412297014727,0.004617652950890504,0.0,0.0,0.0,0.0046054032337717625,0.006213713924322521,0.0022799982543028883,0.005819088434312337,0.003909356746150769
2022-02,0.004063657911890674,0.0009600007887691759,0.0037280761012444125,0.001371861568703695,0.0,0.0,0.004946651051809257,0.00628291070811648,0.0016037035493988827,0.0056992008628836376,0.0035293940822301883
2022-03,0.004291435708461108,0.002327242286578737,0.003507983251457854,0.0011752387188935223,0.0013394836478630818,0.0,0.004745840389123936,0.005865750309194257,0.0018672441919179803,0.006483584916188772,0.004008971332924091
2022-04,0.0,0.0,0.0,0.0,0.0,0.0,0.0,0.0,0.0,0.0,0.0
2022-05,0.0,0.0,0.0,0.0,0.0,0.001448594490645812,0.0,0.0,0.0,0.0,0.0
2022-06,0.0,0.0,0.0,0.0,0.0,0.0029775978889537056,0.0,0.0,0.0,0.0,0.0
2022-07,0.0,0.0,0.0,0.0,0.0,0.0,0.0,0.0,0.0,0.0,0.0
2022-08,0.0,0.0,0.0,0.0,0.0,0.0,0.0,0.0,0.0,0.0,0.0
2022-09,0.0,0.0,0.0,0.0,0.0,0.0,0.0,0.0,0.0,0.0,0.0
2022-10,0.0,0.0,0.0,0.0,0.0,0.0,0.0,0.0,0.0,0.0,0.0
2022-11,0.0,0.0,0.0,0.0,0.0,0.0,0.0,0.0,0.0,0.0,0.0
2022-12,0.0,0.0,0.0,0.0,0.0,0.0,0.0,0.0,0.0,0.0,0.0
2023-01,0.0,0.0,0.0,0.0,0.0,0.0,0.0,0.0,0.0,0.0,0.0
2023-02,0.0,0.0023737590262208137,0.0,0.0033798513766957897,0.0,0.0,0.004608354630822585,0.0048629288180052285,0.0017029958998192932,0.003373836124747821,0.0008552624260186759
2023-03,0.00579816249277757,0.007283772931792749,0.007394198219607746,0.006643035817503818,0.006907895994300295,0.0,0.007901778966021483,0.005455491356191129,0.007323794366267613,0.007248549868452874,0.0059765958973297005
2023-04,0.007224333360229968,0.00849542814494837,0.008275046933876328,0.0075268929250174015,0.006964617324262513,0.0013747344346854429,0.008800144200989993,0.007118570503135466,0.008287547420668026,0.007813042275741445,0.007816524244931114
2023-05,0.005822810500645966,0.006872176075924017,0.005655423151278697,0.004757729408244961,0.004148695497575627,0.00751633295351287,0.009590215001895412,0.003862127186811029,0.0063707246620131625,0.004099666284007603,0.00531113793438824
2023-06,0.005472107493964869,0.0058344700427407055,0.005708868676149596,0.004202475692371973,0.0037443023049848253,0.007978308059037653,0.0067872923564304966,0.002082031406511125,0.005110805962491817,0.0029477187582177496,0.0044017113293329906
2023-07,0.004285488306279571,0.005240760040275828,0.005288737514554588,0.003722986073675505,0.0033578858057912568,0.008612570581706856,0.006844767699613022,0.0027046238819826243,0.004569083190809175,0.003729239129466813,0.004688868664718122
2023-08,0.003025629534891103,0.0036051971098503806,0.0036719891335757946,0.0031934254876625893,0.0011067365606370365,0.007661450368187968,0.00542896317747711,0.0029878551287441856,0.002520553586543863,0.00122114002431528,0.0034200692643646595
2023-09,0.0,0.002805394322296179,0.002584943372660042,0.001685855668616787,0.0014864149516323425,0.008703487473376818,0.008395574256129678,0.0,0.0013265844526582661,0.0027934426568375684,0.0024172455696140323
2023-10,0.0,0.002251561789631682,0.001863645410423564,0.000339386943510194,0.0013980593179459843,0.004505325892278802,0.0016425461764641366,0.0,0.0010996603911019895,0.0035805811739425667,0.0022085921484133143
2023-11,0.004150433945016625,0.00720774417658568,0.004308028497609664,0.004581553603438011,0.004855377857241169,0.006012930294848337,0.004086064659459719,0.005846089292886946,0.00521043909321561,0.0036601153235698964,0.0054763214144302194
2023-12,0.0037117341457803344,0.005031357837922876,0.0,0.0,0.004082989597328866,0.005610351964694545,0.0,0.0,0.0,0.002282513478578992,0.001104825811222935
2024-01,0.0,0.00865671451786038,0.005755195506975286,0.00416824556307033,0.006889712509042788,0.004950892506094005,0.006239512708640609,0.005913032194689521,0.0,0.009493707090009892,0.0
2024-02,0.0,0.008927549812122682,0.005855349273385891,0.003075030441386896,0.006080275106327376,0.0048190986893908785,0.005566999484983581,0.007157249102137803,0.0,0.009153029225500237,0.0
2024-03,0.0,0.008826439939875514,0.006409566424600503,0.003648608256137697,0.006108329284816946,0.004475352876175731,0.0063667599345755815,0.007542592527009957,0.0,0.009793230195975985,0.0
2024-04,0.0,0.007174665079768018,0.0021675595490769244,0.0022489822065795088,0.004816048288595523,0.0052903679759059635,0.004375317187930749,0.006541989166379069,0.0,0.008707440645608541,0.0
2024-05,0.006320714067930182,0.004942945084810821,0.004536855675445863,0.0034900819776329623,0.003528416044681269,0.006705016110741688,0.004903053246600179,0.006199475653979289,0.008768653433455655,0.007484506650580048,0.003922118736641359
2024-06,0.0052624377850651995,0.004773186905196817,0.005948932380735645,0.004833826361175571,0.005263689725388522,0.007051803607775604,0.0019347703935888281,0.005540858353727383,0.00677822340329691,0.004676770961846794,0.005487456677511093
2024-07,0.005020147713046553,0.004585819222694628,0.0047767003790771265,0.0046221626420049865,0.006974845439278729,0.00899127037863764,0.001992545724085972,0.005057488822991973,0.006620389086857496,0.002972862025990098,0.0028647960874821177
2024-08,0.002792104754224599,0.0033260456249235857,0.0,0.003322861513414836,0.006028763208918359,0.008071557799045016,0.001996371827995641,0.0041268830828538085,0.004699211141673879,0.0,0.0
2024-09,0.002557851877354585,0.002407882952885889,0.0,0.0051190142503920325,0.004632130340686696,0.007397903328845995,0.0,0.004944740181077048,0.0018207179962262262,0.0025442967233858106,0.0019797607337984123
2024-10,0.0031162100010672087,0.0023003322174069245,0.0024902658579637705,0.0034419041441579356,0.0020965336318423972,0.0015546864611996345,0.0012093805277849144,0.00406957864182017,0.0014731539335603623,0.0004202736503735017,0.0024212636330642606
2024-11,0.0017556235459776342,0.0010681968365494293,0.001811095389394584,0.0035432660942534945,0.0031028364809658586,0.0045041465283704955,0.0,0.0018830145157231833,0.0,0.0,0.0010150750942792758
2024-12,0.0,0.0,0.0,0.003469454924986305,0.0010753912116951822,0.001181595058393879,0.0,0.001482648978066216,0.0,0.0,0.0
2025-01,0.0,0.0,0.003104962732146062,0.004973655039298924,0.0,0.0030189578955705215,0.0,0.002705572413422139,0.0,0.0,0.002555760481979947
2025-02,0.0,0.0,0.0,0.0025529880057258538,0.0,0.0012670347242871435,0.0,0.0009617192312997194,0.0,0.0,0.0
2025-03,0.0,0.0,0.0,0.0014439626428882765,0.0,0.0,0.0,0.0,0.0,0.0,0.0
2025-04,0.0,0.0,0.0,0.0,0.0,0.007100864244549034,0.0,0.0010922648050406948,0.0,0.0,0.0
2025-05,0.0,0.003434640931647888,0.0,0.0,0.0,0.005459857380422109,0.0031437740473954563,0.0032939210176535978,0.0,0.0019236922516136824,0.0
2025-06,0.0,0.0017850458800908748,0.0,0.0,0.0,0.005300916635783375,0.004819017171150901,0.0038271795412310196,0.0,0.0034585453772255736,0.00222281007340338
2025-07,0.003949391487503336,0.004140025889352841,0.0,0.004120781044327139,0.0,0.00399515954621307,0.0056533280315766675,0.004887633001254777,0.003546203554383908,0.0029550349632928388,0.005298000013420477
2025-08,0.004509886963733864,0.0040133679984214405,0.0,0.004015328532414983,0.001673890913339306,0.006160054581767129,0.00475400106997466,0.005478500938679068,0.0040667793451553596,0.0033591774997401313,0.004582465828682125
2025-09,0.004588230412317452,0.004422577490192296,0.0019617752281434727,0.004135588961075211,0.001775189560627062,0.0016890091937284775,0.004262932591745094,0.004352191141977017,0.004172936811223951,0.003441613482032261,0.004897689306590879
2025-10,0.004092646619068524,0.004080246205130505,0.0004884173573860034,0.003991231615294982,0.0010443004933408742,0.0035177119463892324,0.0033953611382258947,0.003373226185333417,0.0036996895692729156,0.0033211027154787507,0.004331265486980821
2025-11,0.0022107271281096475,0.003589687921429049,0.0012109215986538682,0.0032579854628912155,0.0015158212198185589,0.0028433677981771063,0.0024283484176468605,0.004020154994741559,0.002545070614136781,0.002839017716366675,0.003457440539614541
2025-12,0.0005753038367635796,0.003248749948030597,0.0012833219715004491,0.0016959312734332389,0.0,0.002732911788280838,0.0032347888855948116,0.002827701221171414,0.0016516452081872855,0.0025541028895779225,0.0011078201149256363
2026-01,0.0012617914248962483,0.0034941554988140613,0.0010422518716894302,0.0028795072590372672,0.0005041340133599512,0.0031119531126016335,0.003315230718164647,0.0025849628107978287,0.0016050831488310091,0.002690982098961688,0.0012894961423199154
2026-02,0.0029352178252567843,0.0,0.0,0.0,0.0,0.00332335835662529,0.002147159514914367,0.0016321253609074178,0.0,0.0020901676613239353,0.0
2026-03,0.006908426489226708,0.0,0.0,0.0,0.0004905468038409478,0.004864912326445048,0.0,0.0,0.0,0.0,0.0
2026-04,0.009087507583681374,0.006520137875442927,0.006142478340136222,0.005263990856767623,0.0039061120454387246,0.005052201920171137,0.0032729689661674687,0.008394083262712439,0.005369514650634554,0.0038466116218954243,0.006525169164807936
2026-05,0.008954961065207207,0.006373656064263463,0.006368897235072056,0.005331434842398323,0.00437804519432345,0.0034125951795635576,0.0042728497026226645,0.008665454670841483,0.005460323986875278,0.004138355756281359,0.006725735001542046
2026-06,0.009074413917711834,0.007202336660953266,0.007143926812445449,0.006633789757679502,0.00642637416031348,0.003516930070432309,0.004450408701774113,0.009480915671942163,0.006518339911602575,0.005113308528518256,0.0066480639357996505
