Date,DE,ES,FR,GR,IE,IT,BE,NL,PT
1985-01,,,,,58.7773687861256,,,,
1985-02,,,,,57.3723783429961,,,,
1985-03,,,,,55.9673878998667,,,,
1985-04,,,,,152.20643851135,,,,
1985-05,,,,,179.654706743919,,,,
1985-06,,,,,84.9467703205666,,,,
1985-07,,,,,112.171143281955,,,,
1985-08,,,,,122.132598454861,,,,
1985-09,,,,,60.2951725771407,,,,
1985-10,,,,,83.1682196414946,,,,
1985-11,,,,,106.041266705848,,,,
1985-12,,,,,179.991688404781,,,,
1986-01,,,,,117.831797122886,,,,
1986-02,,,,,63.3607240679421,,,,
1986-03,,,,,107.871652829975,,,,
1986-04,,,,,116.22053229145,,,,
1986-05,,,,,106.346440521443,,,,
1986-06,,,,,88.2148580799241,,,,
1986-07,,,,,29.4620338549423,,,,
1986-08,,,,,66.0389085196096,,,,
1986-09,,,,,56.9117954096274,,,,
1986-10,,,,,152.771854879696,,,,
1986-11,,,,,80.1812030799411,,,,
1986-12,,,,,77.0973106537895,,,,
1987-01,,,69.95834350585938,,183.992080959888,,,,
1987-02,,,60.321319580078125,,63.3418357912786,,,,
1987-03,,,97.61026763916016,,83.9621396846064,,,,
1987-04,,,77.49410247802734,,85.7928081407176,,,,
1987-05,,,58.174766540527344,,55.6303673679392,,,,
1987-06,,,87.84770202636719,,54.3497092113682,,,,
1987-07,,,41.39510726928711,,29.0869525204441,,,,
1987-08,,,46.29237747192383,,63.6168228029473,,,,
1987-09,,,43.17304229736328,,52.5161117552753,,,,
1987-10,,,121.77263641357422,,78.0507609263538,,,,
1987-11,,,152.81002807617188,,176.060761971225,,,,
1987-12,,,94.86508178710938,,89.0777759202811,,,,
1988-01,,,102.48279571533203,,127.043460784361,,,,
1988-02,,,80.34040069580078,,173.807924876764,,,,
1988-03,,,92.95789337158203,,55.5939791108958,,,,
1988-04,,,80.040283203125,,147.987315894863,,,,
1988-05,,,88.56708526611328,,80.5866706049977,,,,
1988-06,,,80.0807113647461,,82.8705882066474,,,,
1988-07,,,54.98030090332031,,79.8197551321728,,,,
1988-08,,,84.8853988647461,,66.0227186822034,,,,
1988-09,,,89.29541778564453,,52.225682232234,,,,
1988-10,,,63.32862091064453,,25.8932717720989,,,,
1988-11,,,101.43791961669922,,101.555831359467,,,,
1988-12,,,75.76390075683594,,99.5689728968341,,,,
1989-01,,,58.823360443115234,,119.069872884194,,,,
1989-02,,,58.72576141357422,,74.6155407334112,,,,
1989-03,,,58.736995697021484,,76.8463609988585,,,,
1989-04,,,50.2437858581543,,113.793111882096,,,,
1989-05,,,54.236663818359375,,75.3208749244395,,,,
1989-06,,,100.25264739990234,,96.8349951745899,,,,
1989-07,,,87.73609924316406,,25.8397407469104,,,,
1989-08,,,70.94529724121094,,85.7005330042393,,,,
1989-09,,,79.52281188964844,,53.0802368628139,,,,
1989-10,,,91.54791259765625,,111.071713623546,,,,
1989-11,,,108.77421569824219,,100.940706965247,,,,
1989-12,,,67.24018096923828,,28.9996162360917,,,,
1990-01,,,75.87445068359375,,87.5845787971327,,,,
1990-02,,,113.9344482421875,,77.2561585850844,,,,
1990-03,,,134.37509155273438,,98.9545642854087,,,,
1990-04,,,96.06861114501953,,107.137369550911,,,,
1990-05,,,63.14082717895508,,74.5544519866119,,,,
1990-06,,,101.2841796875,,51.1138292426856,,,,
1990-07,,,63.81174850463867,,26.7337931758737,,,,
1990-08,,,55.494625091552734,,116.014298750666,,,,
1990-09,,,157.42015075683594,,137.013275833018,,,,
1990-10,,,157.21353149414062,,157.821382640637,,,,
1990-11,,,123.0710220336914,,50.9605919563122,,,,
1990-12,,,119.05860900878906,,170.165660567414,,,,
1991-01,,,102.56120300292969,,162.653882236676,,,,
1991-02,,,120.2046127319336,,151.836635816667,,,,
1991-03,,,129.19830322265625,,165.289916889805,,,,
1991-04,,,120.8372802734375,,56.9575628365752,,,,
1991-05,,,116.28113555908203,,128.932153010828,,,,
1991-06,,,149.96432495117188,,143.315923487012,,,,
1991-07,,,98.35049438476562,,134.754051345665,,,,
1991-08,,,97.8092269897461,,92.2489963076023,,,,
1991-09,,,76.76366424560547,,58.8180451659083,,,,
1991-10,,,128.87905883789062,,144.741272589812,,,,
1991-11,,,99.0020751953125,,80.0603572576654,,,,
1991-12,,,103.47968292236328,,182.438627500152,,,,
1992-01,,,64.890869140625,,153.837379207822,,,,
1992-02,,,73.6872787475586,,117.311353022412,,,,
1992-03,,,68.80318450927734,,86.1406168223691,,,,
1992-04,,,86.3440933227539,,138.351470348902,,,,
1992-05,,,112.58643341064453,,155.038444481462,,,,
1992-06,,,138.4561767578125,,172.234683730217,,,,
1992-07,,,125.34593200683594,,110.86886937743,,,,
1992-08,,,90.83674621582031,,88.4842538153153,,,,
1992-09,,,220.3040771484375,,174.402343224496,,,,
1992-10,,,165.472900390625,,107.816916484508,,,,
1992-11,,,139.11331176757812,,57.6373764171555,,,,
1992-12,,,121.13797760009766,,204.729706418845,,,,
1993-01,178.75274658203125,,129.5369873046875,,93.6723827311582,,,,
1993-02,114.21302795410156,,99.14981842041016,,154.531045935886,,,,
1993-03,139.1031036376953,,142.02040100097656,,101.616541445167,,,,
1993-04,56.50121307373047,,129.25759887695312,,29.7507964382307,,,,
1993-05,120.8239974975586,,163.31033325195312,,77.125295158564,,,,
1993-06,88.19375610351562,,119.87845611572266,,54.3984096676508,,,,
1993-07,97.81391906738281,,114.90540313720703,,111.626051043785,,,,
1993-08,123.00511932373047,,63.69197463989258,,95.6256472375535,,,,
1993-09,170.83865356445312,,88.6894302368164,,52.2835108665954,,,,
1993-10,103.00763702392578,,88.74532318115234,,102.523613105835,,,,
1993-11,93.76766204833984,,126.64505767822266,,78.4252662998932,,,,
1993-12,39.29359436035156,,105.48301696777344,,76.3676248335368,,,,
1994-01,94.05158233642578,,109.18220520019531,,140.622229094536,,,,
1994-02,46.18510055541992,,95.94908905029297,,79.5111094531036,,,,
1994-03,104.71058654785156,,78.75138854980469,,68.4757293463886,,,,
1994-04,74.11193084716797,,74.15968322753906,,119.9368865217,,,,
1994-05,59.12601089477539,,86.5576171875,,95.0588024435047,,,,
1994-06,81.18619537353516,,136.3363494873047,,124.504973726617,,,,
1994-07,95.34850311279297,,95.00139617919922,,76.7445899934423,,,,
1994-08,68.05472564697266,,115.10946655273438,,115.025139078005,,,,
1994-09,46.682769775390625,,77.29764556884766,,98.143273977757,,,,
1994-10,73.9838638305664,,148.32244873046875,,24.4202032136357,,,,
1994-11,114.62066650390625,,98.58875274658203,,88.913144957357,,,,
1994-12,113.42728424072266,,115.61131286621094,,101.15695699207,,,,
1995-01,107.05697631835938,,150.71795654296875,,54.0249652076898,,,,
1995-02,133.1592254638672,,85.12712097167969,,54.8194499901558,,,,
1995-03,98.76192474365234,,124.21914672851562,,71.7515268443867,,,,
1995-04,78.15823364257812,,92.98818969726562,,80.1106653871474,,,,
1995-05,57.6782341003418,,91.00518035888672,,22.5778544428694,,,,
1995-06,79.876220703125,,61.667808532714844,,23.5435111536669,,,,
1995-07,58.487239837646484,,60.23467254638672,,24.2917786854743,,,,
1995-08,81.3525161743164,,59.16339874267578,,26.4509135020346,,,,
1995-09,86.2607650756836,,122.84263610839844,,67.5469497176573,,,,
1995-10,75.79679870605469,,133.4619140625,,23.3008211604171,,,,
1995-11,74.94922637939453,,93.48212432861328,,129.613778870584,,,,
1995-12,58.76146697998047,,128.46170043945312,,48.6113448093901,,,,
1996-01,76.96334838867188,,51.3209342956543,,77.6987523751258,,,,
1996-02,123.0071792602539,,98.08697509765625,,25.1099253322907,,,,
1996-03,136.3991241455078,,73.19598388671875,,94.028183720254,,,,
1996-04,69.27928924560547,,83.35417175292969,,58.8914047011762,,,,
1996-05,127.69841766357422,,53.38554382324219,,86.5029942306326,,,,
1996-06,104.27190399169922,,83.06488800048828,,24.5471566730411,,,,
1996-07,100.25531768798828,,81.5721435546875,,23.4499711027308,,,,
1996-08,53.11515808105469,,45.330162048339844,,50.3209445025089,,,,
1996-09,81.13969421386719,,81.5411376953125,,101.738179632197,,,,
1996-10,80.00975036621094,,92.87281799316406,,69.9638420025828,,,,
1996-11,100.17250061035156,,76.70374298095703,,22.2772266892267,,,,
1996-12,80.47577667236328,,75.19550323486328,,131.047359172224,,,,
1997-01,86.68221571865736,31.018169403076172,88.7641348466974,83.4301798169627,48.71913703889586,147.87014396070614,,,
1997-02,56.295874759072916,50.6950798034668,68.00467423017723,97.9036293963677,95.62895916264343,193.4988627853617,,,
1997-03,47.05063576030318,43.75434112548828,62.072923389829846,96.5376961361221,34.50138476814571,164.87624231758213,,,
1997-04,101.56806078024442,43.42786407470703,93.86884800390176,91.1090289756016,45.61874159389073,142.68882335033464,,,
1997-05,76.70815113235085,120.41384887695312,82.8998660080552,89.8353255755987,87.44648048945274,138.6943425441784,,,
1997-06,100.66197886782011,95.48297119140625,88.14983929876234,95.2020640834237,117.33815830773105,155.14021748587564,,,
1997-07,69.24737505165172,69.27427673339844,82.05876299884302,82.2211516217041,55.24357714066832,75.07657686064141,,,
1997-08,118.19356051268623,61.15518569946289,32.73998762773351,93.7256789557035,37.744776252252976,106.58140522164973,,,
1997-09,64.00720280535826,65.68701171875,66.51674492823093,102.082269948671,64.7268120592963,107.70080167345554,,,
1997-10,72.82928943741346,64.61637878417969,59.29633258344483,97.2476245776401,62.48880086903655,114.75605842190551,,,
1997-11,68.68808542561318,48.6326789855957,79.60984289967669,105.90366523066,56.78160207652937,80.10122650072171,,,
1997-12,88.88281197638807,57.48029708862305,62.68272508868932,112.594568454866,52.1556435244296,92.25221848828238,,,
1998-01,49.256680518146474,58.23797607421875,51.94140813868915,80.95994084115888,99.04385322926233,78.99841262833966,,,134.6558101723065
1998-02,32.46657086395255,41.42932891845703,55.64112840253191,83.90097433824751,41.56925922383798,84.05859570984187,,,91.74259591100004
1998-03,79.80081036211486,59.954559326171875,32.828402341789655,67.86052651745425,58.71244938425093,125.53818916856285,,,92.13571731279686
1998-04,42.08200341367815,55.19156265258789,100.12669092288616,47.0175816027078,54.14783163689488,105.60758684415103,,,112.0261939152613
1998-05,103.61317482620571,70.7042236328125,59.027400528337196,60.13514150879342,66.39353471644343,82.74916141352155,,,125.8794062055497
1998-06,73.61322488736954,62.38226318359375,52.636965362317575,85.35442508033721,50.487574671145296,65.63902288968633,,,94.40611876631716
1998-07,103.73401211333515,60.37129211425781,52.46161871244352,92.8336028203665,72.4888541911159,83.75285928435055,,,133.1312250887843
1998-08,87.88340715374936,72.37319946289062,26.054697858561624,132.2756937363234,111.42433488292012,142.4458520360548,,,69.63732909390382
1998-09,155.45720542788212,89.86407470703125,95.31884349030877,136.54919613184813,151.0782514474999,243.8862301659081,,,114.0216405690439
1998-10,77.70742898532083,74.40351104736328,59.14083004092387,149.63141247930122,66.113136020432,109.75393938849649,,,153.2370729983976
1998-11,127.06005819215508,59.79561996459961,62.61157504274507,88.83730476157615,86.75290013777695,112.45782962794458,,,118.8459901688505
1998-12,127.4077295320247,64.2464370727539,66.0553605636823,86.57640564619227,125.55326853266929,104.41275145220166,,,111.1022867096291
1999-01,111.26028205484364,53.541954040527344,83.07643131319251,57.91408932372214,89.02527803551932,106.93924406651598,,,159.9470029350163
1999-02,104.85598058713028,47.74877166748047,42.25163557094723,85.64400754420966,59.85335608470656,72.18669763112707,,,130.6453457541315
1999-03,65.63091167721247,44.43549728393555,49.74752337471343,81.53706234984294,41.382449344559305,107.49728886606161,,,113.0634170030562
1999-04,95.32921641769202,59.07439422607422,55.283689764796385,108.13874537812843,62.626612676534336,64.25144994241599,,,108.6816712297408
1999-05,87.84144128943548,64.0623779296875,24.7851126354569,117.58531964336339,49.343008686217004,76.10186940504198,,,118.2502720380813
1999-06,131.98173205111178,58.63789367675781,32.234884792301784,112.04975316206281,56.36315014720387,101.81967156628635,,,137.108669332135
1999-07,102.22409481821562,52.72996139526367,20.791727831773528,82.17018044100048,53.68704074662979,122.38406863129252,,,106.5313371858918
1999-08,118.17872224933525,57.33949661254883,11.287311495195063,87.84252017003607,65.26822056870711,53.951402950858466,,,94.11716063425078
1999-09,106.54349173588984,53.418758392333984,28.035704793875233,96.36029694269962,38.45231948900772,60.675237040267625,,,85.95873795780166
1999-10,104.13790151360904,61.063419342041016,27.945577509914855,81.41807645310186,55.052641300340944,79.26862510984911,,,118.7387052051925
1999-11,139.88605224963786,71.7184829711914,49.83722355210018,58.11319962091013,52.87766246765717,84.96528964776877,,,129.3042942531884
1999-12,52.08928192590473,67.75049591064453,33.27027640976616,70.03123719584467,64.6506030969031,84.8860477862694,,,95.20707646942785
2000-01,73.23399039109798,71.13204956054688,18.451337693532892,83.62772728589735,43.91058239366715,50.616802232989954,121.20618352243812,,107.0962010943167
2000-02,97.35842859948187,81.57538604736328,33.225142953395185,72.91782749372636,35.70922408597022,78.89507808037102,99.65892403047026,,105.5398778508387
2000-03,96.09150486323746,60.32898712158203,42.40265960668037,74.48791966705069,53.81370708595941,83.25488192855968,100.6408536943212,,68.84414978390637
2000-04,69.44795177444624,75.03840637207031,16.592833334234534,90.26221439499744,72.13465966732605,97.98117551930824,93.65783581484958,,70.29277764705489
2000-05,135.28713300338737,61.14234161376953,55.373056640155205,84.30068971386717,66.32015818148328,61.069562753886096,87.75843465776856,,78.4516662742197
2000-06,58.29011651241134,83.65390014648438,35.07029337006553,61.09165767035727,51.49317158576602,71.40203243907702,90.3237014286897,,74.86429654141119
2000-07,75.23576564987916,70.68115234375,40.53876511115642,38.666159056990665,34.188115535989425,60.31278859104269,80.17284292782502,,53.39496238369802
2000-08,76.06293220684518,55.153785705566406,23.92303093211002,59.85161072904827,38.617471266391625,74.96423532943331,61.99785608562941,,43.03605990452814
2000-09,68.36932810552202,67.98590850830078,40.68970434228278,77.43680753001235,31.301736670305488,85.7436269519693,98.95380300254064,,54.404882706121
2000-10,84.14410179373088,73.0166015625,52.013865414486304,84.78853006252844,66.55307555772139,80.528927702174,83.54331176940889,,66.94144165714424
2000-11,91.13113630869447,77.79109191894531,50.24769569009961,94.12256232213805,83.10144937399679,134.05470281053084,82.39506822971587,,59.19295331971527
2000-12,91.88847358572939,73.60120391845703,42.71172951338729,54.06617887745917,66.48285337301263,129.79676653012436,89.75644765242649,,29.69760717429995
2001-01,109.33141709289418,92.20196533203125,35.25222456452099,76.94478576052519,59.74481685344274,76.65537247860496,97.58224828228057,,53.02296255295368
2001-02,134.36820468226048,78.52617645263672,40.809090281757285,55.31701394153419,72.09694408635818,88.95004379815121,105.97563389180061,,28.95032040905574
2001-03,180.83043599503594,84.30609893798828,53.7391199007212,90.99429123569864,87.63397153281926,64.78539756901951,104.77081190326416,,44.64345371973538
2001-04,92.08272094759214,79.385986328125,48.075521086745866,99.2528493442088,110.72200375042434,104.39130996908861,87.08354912670376,,76.56509023808522
2001-05,73.97757803345682,73.22339630126953,50.06756407899452,80.91922507214947,66.92256686557843,73.36490782604407,82.16373862945366,,56.52851112217439
2001-06,69.78983008922256,75.02169036865234,40.9166117266267,96.25257499946487,107.00011328230251,102.68873782741206,95.38814145187038,,73.18446200695004
2001-07,106.67740606516504,81.68081665039062,74.39383950295765,102.89890777291578,79.90967260737294,108.88249695435519,88.2166660932248,,59.72056352093311
2001-08,88.27506958963274,64.99149322509766,39.037048223339255,90.71564562803724,87.76984012403281,68.85107225516388,84.15403203796268,,47.56639510044024
2001-09,248.30523634993318,104.69123077392578,133.80024615008614,151.0089141666502,145.6830295006402,201.7386598980081,115.99809327167193,,87.69426630362763
2001-10,276.7237071686786,115.58148193359375,142.71621456808293,125.76059468214531,187.1890705091687,180.49073400928626,118.49745264274647,,80.22740673032581
2001-11,177.75169326457495,99.73676300048828,77.61001760719314,91.54487058547194,168.2151829718274,190.29062568355008,107.9726311308176,,96.20018292979908
2001-12,108.11981033731382,86.3096923828125,53.654400038782725,71.94116090132601,165.97778671504548,117.27114365213079,116.55068830524665,,90.46016459102181
2002-01,95.4794815945334,84.9452133178711,82.98913295806202,70.01453796097269,82.56485878116894,117.5427784259019,91.55452065899911,,73.0355314444176
2002-02,86.47942414486471,79.21485137939453,56.497034027627166,93.43654062868532,74.34974096696985,113.07114205655635,90.25085691348673,,106.885607827421
2002-03,73.08976468316277,67.93749237060547,96.0106765032162,91.49972183353765,92.42940338018589,79.44411221685469,82.5514218928362,,74.25607288507481
2002-04,106.96279239825948,68.64689636230469,100.06084478352018,118.47126887641772,76.77373746486137,106.7112447214253,83.7660941040624,,92.52526089940531
2002-05,80.44455210907353,74.11054229736328,102.20846341062608,89.89459133177625,80.2620038447228,121.63528664395471,70.02793995719504,,58.80475832425423
2002-06,120.43538030171108,83.24368286132812,113.7811153669916,109.76497667534291,98.0534146969697,158.26320995171173,80.47246545449468,,68.22848649948261
2002-07,124.33025641444333,75.79765319824219,129.77660437440747,106.32855809326075,80.9319428832938,117.70550076176423,78.56825299914082,,104.4084812175187
2002-08,107.22740961621358,75.36091613769531,132.480488245369,110.54285048505558,103.90615326841596,161.01407937336197,87.19413788396491,,63.48360922544519
2002-09,115.5399473684955,89.8293228149414,192.17465646309148,145.18637158686914,179.79233934249115,203.66310017647095,92.17120296144385,,159.7341576980522
2002-10,96.34648901811337,122.80380249023438,160.02907814624544,117.56154692393224,92.9946765073346,153.39405974165646,87.80654971196424,,152.2869710188745
2002-11,103.2367900660397,97.29573822021484,143.5795752296855,103.62101582483099,154.21993379523389,156.2179595067358,82.87664283496244,,151.8587212293084
2002-12,128.2414533256568,105.2298583984375,108.72427378612377,113.38892009731401,191.67002329905392,133.9278097795711,101.96463768353834,,106.5808191806585
2003-01,84.12832350406268,94.36715698242188,196.79139561815404,113.98894562193918,167.17937898013187,126.10830185084095,89.26635600291331,,118.285661672758
2003-02,230.90956804267844,115.29331970214844,210.70568627481614,142.32097088565956,174.898515781541,125.58943760403145,93.02448045090676,,135.1221038197998
2003-03,230.06300904584606,99.81376647949219,227.44424408772036,179.12492867957877,182.6609536398918,142.61327363065303,98.56240055087162,111.97281060375126,128.7462127195503
2003-04,155.8158241072787,112.58623504638672,163.98829341298745,138.0506925607674,150.65468339925633,110.2761462588889,84.05833847253518,97.93281727627048,112.6253433491407
2003-05,120.43969312871911,103.77159118652344,112.24477553281294,135.24176647999724,112.24859523469,150.13939895191825,104.2653773514968,131.71159285046275,83.08300494943231
2003-06,78.66607555977765,95.58781433105469,110.51318809066453,80.74967511248671,77.09827116473394,82.60993447607272,85.44472007286642,186.5958438475077,90.60605084723265
2003-07,59.337750413737076,91.59559631347656,90.50466993483332,78.58704287705756,81.04828399871978,95.0433057866375,91.05156364437512,115.47150580304817,88.11736929748767
2003-08,59.89029265740471,78.77227783203125,30.62036753131553,78.94314775910539,71.5524918058968,79.42846607012834,62.25478552541618,39.25968254616553,78.53959300623204
2003-09,89.45635685600394,88.26129913330078,95.08572423979163,107.06095432156208,73.80747942644628,88.49612964452814,78.45386937446888,132.81792147887185,93.83013324533485
2003-10,87.12670455794284,86.33527374267578,80.04882987721244,91.10837928949846,87.56699658715046,102.58529949518412,89.82931037893385,61.62483479440207,88.12686889067021
2003-11,106.28778810147415,93.20716094970703,78.83217926508614,110.15478823607422,56.6550269492968,82.61743143260296,76.49287447280125,65.51658169399187,69.94559922432722
2003-12,61.57172265552139,91.28174591064453,75.70652767779616,93.88328246635183,64.20203373893872,94.45005870488077,82.09069698502663,82.01817519200297,83.44420172260855
2004-01,59.47798619103748,83.77072143554688,76.26369945252054,100.41936486760336,69.24369071990697,92.18943690601158,90.04635665304431,54.9160047736999,52.1883337021816
2004-02,83.9258711432114,89.25048828125,51.82107709596744,88.79695540598098,27.363743636363637,73.69560899443312,73.33399278105136,42.199578597382825,83.41621269343376
2004-03,117.33881019613577,71.30262756347656,156.44855883824565,90.26795116304334,50.7198404230355,134.71387609168883,64.25852460819148,69.74753245207181,87.41291962263591
2004-04,104.87960417696438,82.53748321533203,169.8411115861124,92.15784854458678,47.93664475665992,107.23698313007688,62.40824071461322,41.04091188632631,71.91490210220827
2004-05,126.78747015041037,86.30039978027344,170.88303595401322,115.3012554596015,57.02183193146852,91.05515258690932,68.37376671466652,63.3750494228164,77.48185800167391
2004-06,104.78895377091062,94.50663757324219,128.39175889406027,83.76631496945593,44.865960703392986,104.18458235056296,76.27653753109547,82.67210392817113,67.42079822787781
2004-07,57.15773499220167,90.30413055419922,99.18595921664118,73.49641372344679,54.264764474879456,168.23732870249657,58.707734551130415,41.111671123794025,97.37409000002788
2004-08,60.6418377273354,69.51374053955078,99.52498681814467,95.49720963249723,49.767292051634165,76.95778875628767,46.59220030583423,64.95390109036805,81.36420492742879
2004-09,65.45806272004832,86.81231689453125,143.28975635656326,104.70982876111545,50.54782237361684,92.8344412284876,81.75435642440306,135.37761577919227,72.95850401380032
2004-10,115.98436874512058,81.75411224365234,122.15467489215935,130.24143743825914,69.18187728502949,96.10472155734692,78.9072289574882,71.75050078816925,103.0396569040956
2004-11,68.12167174409154,84.2336196899414,195.9334152315251,87.58476224405037,76.5106447684729,133.16458209065166,65.8198994895636,79.44518474048576,119.7940437295146
2004-12,54.96220544833391,70.70520782470703,110.08412534789858,124.70855327873696,68.40690406277017,103.2715252621333,65.22709515881675,93.36709043607657,130.8548289488948
2005-01,48.37983740069616,65.31719207763672,65.62034218882098,108.65581164802673,32.5338518810222,65.03635842622201,65.32436612226883,72.95808862043624,105.0477535475284
2005-02,53.16243109667042,73.1854248046875,90.66367573464957,89.08405094155638,54.42745650474247,89.35125420211816,66.00580518628678,50.129559855208804,108.5956561423486
2005-03,40.669957235420945,69.89508819580078,107.57062160498508,83.07676784030608,26.301816298721448,103.46142194971316,63.926446898991,68.50949797408707,88.5669225720894
2005-04,34.602835639855265,68.86882019042969,117.04656631343488,105.66613606533457,47.33613123301984,103.64127487483617,67.8059715858005,57.912437522834544,77.06101166521596
2005-05,66.3990496390438,75.66001892089844,149.0582620569789,87.97793142690293,63.82414177896331,104.25213261739965,82.82257862790655,42.58609906541583,94.74230145114589
2005-06,95.04406016582327,83.5529556274414,117.74842391633919,89.32432447862644,74.62361092889174,87.67657005099656,91.57900761036072,108.47030347486785,94.58574559736242
2005-07,80.35967702934185,70.46212768554688,101.27151544606296,76.45739446832084,36.51014924072652,81.49494186998265,63.11204587123851,81.89519200633293,108.8315119796599
2005-08,68.51801349178504,57.76059341430664,85.01700716945757,79.63436945580197,42.996861934451935,90.10993817414783,51.19013623777451,120.03211055940386,56.70643350706329
2005-09,202.56433474513778,78.24829864501953,156.94859127349847,79.74104679620626,82.73256865056818,136.10192177098463,65.70967211822116,184.3046929012114,99.83046602505885
2005-10,83.17199665092349,89.1936264038086,62.82376911433869,87.63689233865394,37.96853215775749,55.540821639904,70.61373147806424,48.54337964107997,65.99955983589243
2005-11,140.06554212817812,102.55602264404297,85.19086768815166,79.73137414320244,67.94043793961904,74.4959471618418,65.88306873019259,80.5274563899464,99.54891497758733
2005-12,63.6154050499558,81.38726806640625,53.46963972935783,75.22750124687751,50.58496940457301,71.64258994987742,70.3230195309745,140.37030213384026,95.92280088450805
2006-01,88.12340394353109,79.99264526367188,78.6029530513306,70.49065228624912,60.098838051622884,94.97697756731071,70.49750529243613,98.84447849902824,73.85858090316367
2006-02,76.18671685064949,83.89810180664062,55.290862984446356,61.78923919707048,28.592018325407295,43.25146122161768,75.05370622809563,34.514424364057426,71.00302186723552
2006-03,94.21290379259074,68.02899932861328,68.9437112935308,73.3926097744308,42.489813035353535,73.51680321337692,63.676462916607406,94.44407325155944,65.28839827238342
2006-04,79.12750266059231,81.189453125,103.31400928722697,72.56450189833384,68.12446485802667,113.6910987889451,67.46337748303193,73.20135249898664,71.56511373537651
2006-05,71.28854596288191,86.23274230957031,88.35649545965298,90.40781698204307,47.3250504421543,58.35718185722283,65.0198629200905,77.19875214937677,84.65311595642372
2006-06,105.83663170679209,78.8291015625,96.58041982730865,83.88018586636663,49.67187965365709,61.92200755851839,72.29508861312323,60.369298173249454,74.02113201100882
2006-07,98.15416648054796,71.52699279785156,84.71546207170978,99.29241225208716,46.315764767828234,64.34290844911955,57.85003168390657,53.40936501195078,70.96210723279164
2006-08,59.319844743592974,114.00367736816406,47.267433648879276,69.40856751953645,28.452411746315065,52.17372766536074,53.315504222826895,129.28870977271228,53.36748448204315
2006-09,93.78133334123447,74.19085693359375,58.60936451536982,61.329296714419044,34.019937876993,67.13686049011915,67.77156370360287,80.54421048893585,56.19014568308645
2006-10,54.061633674535656,81.35377502441406,102.57925409670943,66.62074715380207,40.088784012389276,64.07449981858576,61.642926587641995,60.354759668746006,57.93863719658177
2006-11,71.95194214462464,75.65469360351562,45.52824124092153,49.70419590339542,24.553613263891933,71.0372454830128,73.85546674601527,82.70718469101418,67.63360675041989
2006-12,84.13798832246272,76.45452117919922,65.25806222707149,55.45197246255732,57.29360930895975,67.54638643512739,71.6468040436529,64.3254899565107,77.8448358567494
2007-01,74.49567051040587,66.01924896240234,100.06441369622368,47.18147610874957,46.67900487277098,31.984301823857486,63.87289020706501,31.19423879338321,67.24092301721522
2007-02,47.327861646506086,74.44132232666016,110.79165106115727,67.28389310412528,55.160791682845755,52.37931407529158,64.56598382996766,69.432669935277,79.35049635449192
2007-03,100.44765689827757,73.77008056640625,69.78369729596294,65.00856171684428,65.94465039668097,69.38379003751233,60.87458446664776,50.75562078211991,71.27373738119896
2007-04,69.16750924248205,74.1784439086914,79.72940408804384,62.10172339006235,98.20819514637297,63.664647919128825,61.01330152472421,33.25898322772836,74.95855313968448
2007-05,28.43398526879477,63.01616287231445,110.59763190086566,65.94273670712325,81.181279421753,49.49992566345983,69.02799842815193,25.9458837953952,58.6111133501338
2007-06,45.65317418249696,70.7771224975586,74.18858887978831,73.27382450699113,44.57442402303578,74.48583618795439,77.10445399481178,58.77734687941208,63.09370639413029
2007-07,37.95064848676274,54.16145324707031,48.651727688714956,72.05192824234415,38.48766849463097,59.82310908166711,60.38912923652177,48.08032333036854,70.85249820850608
2007-08,117.56629546281631,85.71142578125,151.14529944409944,85.66967946581921,59.73278123360926,58.47851575582125,78.6248312367093,47.698732852700125,45.63494531186041
2007-09,186.62085178002786,128.672119140625,267.5460894768444,89.88684806771238,65.34807848301077,80.54474338504754,103.11217894430742,100.08916610156408,83.75339266213462
2007-10,141.72016684007986,90.02992248535156,147.15820111723855,82.38633018684237,59.73610092023129,38.65604125854878,68.8748011346818,43.80209287373871,104.9296252784338
2007-11,88.44246169796206,88.38692474365234,113.97406655995692,88.76863919371921,87.97528165624561,77.55107252315851,107.039136059849,24.098957281940166,83.174320463068
2007-12,116.04005343689624,87.30826568603516,120.65788018224077,103.07737894853544,134.07913587637216,65.23635829874091,111.46461226284303,42.713687340614,83.1784159540698
2008-01,186.53909847098527,101.71246337890625,224.4404664361354,94.81130931279701,129.49748885975504,102.74791776765171,99.69847562926253,123.01326113372454,94.02806861945281
2008-02,127.34865349203675,106.20491027832031,144.97713695025962,95.01790772386629,102.20105400448013,99.82234705204188,92.4794310600455,67.95053176301519,71.99309423899226
2008-03,91.6252059386235,81.70159912109375,191.32722243012856,104.94923798991627,117.11966382493256,99.05816220895011,92.06512847628584,59.6610512216613,84.95712028086123
2008-04,78.17948454621734,93.16232299804688,120.20120403563726,82.04873157166999,91.35861660205704,72.35314012773966,76.3831744326319,121.73245852120006,71.5995305707397
2008-05,53.69578469161943,80.36939239501953,73.11942262103744,73.77247371166779,57.247944374486096,67.74436282508289,97.65013277694648,28.276192075230316,68.31110313231989
2008-06,114.42536936618252,85.5974349975586,108.19528821392532,86.73100689104119,210.34370790218594,73.36587019786525,103.24618416967101,74.7176468431459,66.72517606097992
2008-07,85.72581954918986,85.8595199584961,87.52263720867832,105.68821922147342,165.37603383463062,61.35955540887832,131.53849978529544,44.859221224501105,81.30245789151542
2008-08,86.2592500228169,82.7666015625,107.71617814569292,94.6482638505191,141.73378757110268,58.8636939777899,77.27166377764834,93.31145369863324,58.24814201047659
2008-09,155.91175101669506,103.44530487060547,206.84397080291313,116.0831154890077,224.8735478716757,97.26407404664415,120.38320499360147,164.32375656943321,100.653824293547
2008-10,256.0717837580775,157.08721923828125,272.4897558751227,157.63969606852726,275.5559641068436,133.04827298791523,215.63840363466073,142.58657540727006,143.3822634128039
2008-11,188.7566896541107,119.22700500488281,170.81039488888828,111.91880638933362,175.52102962330486,86.02643732976983,201.4549217133313,151.11264116814135,118.5380999331908
2008-12,192.48844366871458,105.36659240722656,217.35976767827347,110.65150888148176,219.8984842756106,74.72348332915544,246.140364056027,194.51615491853943,93.60374218419294
2009-01,174.7227434655674,96.91898345947266,216.79993626024915,111.66887887404347,148.0319737283788,123.0010477083781,218.83559836838973,165.29204465724231,162.1410847126273
2009-02,121.99932545863193,112.29801940917969,163.95768309601243,125.9236702862222,169.92658056652277,122.50938433937458,234.57797870882604,260.88991973546484,103.5748759941335
2009-03,144.33310901641119,116.35492706298828,125.64455905230629,108.08342137907982,158.4759026818511,122.76371338630436,220.44821795466567,164.02215463044624,129.8428569044221
2009-04,120.31098496914964,102.2528305053711,126.0774497413293,78.86553133912476,164.67784814837478,108.54857885923018,199.81811481303157,96.7360354674395,115.3204510531228
2009-05,112.8020287247678,107.32903289794922,117.11368406132681,79.95288880267972,131.84771551782683,131.96498100545392,200.286592299666,111.64032360329021,114.2333235819063
2009-06,136.32083253797077,112.4206314086914,111.88032063544138,74.13103079907043,131.28836157320575,73.35578711611468,217.12869906200967,74.64294460399493,89.93165471913387
2009-07,79.35401614891514,87.37086486816406,108.00830397992378,76.37375177570154,104.04794659984121,97.11950460951383,167.82183715626977,84.31215971005606,88.58702485498051
2009-08,122.87916159676764,74.0711898803711,98.04608852507522,73.53486490754895,87.82668257853732,57.65992271598541,132.4808002701176,137.64439221695164,56.95998611814017
2009-09,59.58785113060866,96.64641571044922,118.88256409984173,81.5331040090085,185.67683437649436,117.37453398348241,167.4995059754691,178.39561989439167,79.0802023958777
2009-10,84.36804968514748,100.10651397705078,124.04782454598356,87.7878557080675,143.9500603952393,88.23627382317089,158.11921780074186,74.5740953866362,85.52489772633285
2009-11,106.57057958570905,89.14588165283203,213.290108791541,114.8417524411328,97.359037179548,113.5038282993474,143.81443448756386,98.72609500901315,82.4301806535424
2009-12,76.33285646800081,92.33070373535156,140.3594551667645,139.50954664333173,123.98584504417138,99.86463255619138,161.08330875932592,154.2217155450275,93.88014476123784
2010-01,105.57108427115571,111.14257049560547,147.0803791304256,129.49113430220325,116.95391238030751,104.52817810625834,175.29477153936233,69.70816584208696,105.6928014775164
2010-02,121.43700721669113,136.99745178222656,171.11748379552878,138.16717378362048,93.48496232021043,106.47966280686907,148.13969905485067,63.39269098348451,90.68025324425817
2010-03,116.47019690925322,99.0850601196289,169.56921673538247,111.75493983718893,88.85211170597563,98.56237044494462,122.91557280773867,89.45702082985953,97.14271268354797
2010-04,153.83554692754655,98.70111846923828,152.00736059535694,146.23956998656948,134.9796716801854,110.837816658247,144.81064947436641,55.41345777595429,114.8487065280672
2010-05,156.3809576278984,149.98333740234375,368.2284460521463,135.78917465620123,149.93057816493823,114.94949165378587,185.23326479872532,97.05864130779925,140.0758872199002
2010-06,143.11946684277873,142.48199462890625,135.45886657506682,143.76381846677336,106.3180149084117,160.79039833506351,183.89311523805048,103.7327341017756,95.44850502637033
2010-07,193.8954319811794,105.17088317871094,187.11679620988335,106.00977372983404,144.67902244971424,144.46775976560252,119.89167796214721,99.9148494790024,95.60262598926953
2010-08,146.92627324532936,94.5900650024414,170.7781121156391,114.99740437960727,127.03856153723966,111.56591378723688,97.21322075549949,86.83157694654531,66.01023679420636
2010-09,111.59323887873222,105.94867706298828,214.5264336835718,80.25552870539329,195.93972680042054,126.12784996964379,110.6104062450187,144.27868391296647,79.91418316187811
2010-10,116.37975909668141,105.4267349243164,309.0109412547238,89.71778782014682,136.073174185063,133.0658143633579,121.03079239835935,101.91945402772446,104.846739153922
2010-11,137.21381824957714,140.54161071777344,152.43801128102848,126.46421598636881,243.44296062695926,143.53141554704732,116.51472557387663,60.396697677774306,102.1490759566327
2010-12,179.41429972841618,138.5839080810547,311.9080071594274,99.05485384609894,188.74190072796716,109.6550150801729,158.11578241340175,72.7874609488361,95.21111003794915
2011-01,140.9458415604839,131.9467315673828,162.46417461815372,96.59691277283274,124.22791289200504,87.86672628902572,153.62344356579297,69.73016411775595,87.72229723579676
2011-02,93.27111359654029,127.27813720703125,210.0111903468607,79.92306618108134,94.43105924956572,103.48958500979919,117.77964732844326,58.558727714161506,85.35557150554207
2011-03,123.78567873907862,129.07090759277344,271.07414381300066,91.1971785107948,135.5645335666414,99.25666640188979,110.54994654648023,79.76545206107139,86.24178818609258
2011-04,80.16926761768643,126.4727554321289,241.78795016043958,96.13932136076393,98.91054549242877,103.88103682653349,101.21177869972948,54.70029514379802,91.67524290951351
2011-05,93.21103606179916,113.10902404785156,164.03363825314077,93.68829826227717,70.02326745628442,138.2941636189556,109.3729377789199,55.680143299839656,149.626284551432
2011-06,172.59468328313437,144.1704559326172,228.37820428264607,103.82341482842503,119.86011631591046,97.67909186644104,132.49447932422402,80.37820549139954,92.01062913774193
2011-07,184.01230375435156,156.86024475097656,211.36402454797417,131.89366219655952,124.03458123015743,125.64202928930554,133.26214726612855,30.12409927177172,87.35948657838968
2011-08,280.61475107957574,169.6965789794922,256.70832615054053,145.05924742695044,137.5638213685191,173.38817186305968,132.48962851673394,156.84348983573824,74.76030529377681
2011-09,377.84379255251787,142.7769317626953,312.2534632145842,151.8769391718089,185.37888467873483,171.93279149278845,137.59702504369136,244.20488552059822,106.5578066874034
2011-10,217.81926791486822,136.2045135498047,298.85209459124127,121.58448708133724,149.38747164339492,203.88967799719163,158.14138864619207,88.70523196965615,115.5559377366376
2011-11,327.94839273539174,177.70838928222656,361.36985406003123,188.70453050427767,229.56751237785232,218.43799518661436,183.5780340407178,155.77896185714408,132.8833603285077
2011-12,203.20614372825028,132.91546630859375,283.25138728551804,98.70882448956851,234.81245731737903,188.17796907844254,174.49950913747998,121.34734140791993,85.62022623377194
2012-01,193.76167484396305,148.67044067382812,289.3977719458548,103.23512223365329,203.4207799975053,179.26256039004437,151.0957051434453,101.05898756519397,109.1140721570568
2012-02,127.25827416801425,141.6598663330078,299.149632436528,129.686145669577,126.52368432833626,135.01561396446792,131.73600744575967,124.77721928679512,101.8089544896215
2012-03,112.18205637764385,152.198974609375,219.13884320323302,110.17309355343956,117.82440294649491,140.95085099893987,111.12187129463936,217.16641322959083,87.77220092585004
2012-04,139.84863858367368,205.71994018554688,330.94551775743366,116.05090117634354,143.47026238402086,190.27880336916857,110.31307576487711,107.7830031694415,122.6300819658845
2012-05,169.59648362044646,226.41781616210938,313.9736746600755,182.10723036728612,200.45964870790152,147.67372029484213,132.2366230453178,170.16643613016072,127.7122549837303
2012-06,202.49005798798208,234.37637329101562,380.179149625006,151.89283394207558,146.45232572461856,141.2333046392451,135.638156761654,134.2719949624774,136.3272263075424
2012-07,237.98155768545192,233.6498565673828,241.55753384834023,142.12571146666568,114.3405094162292,126.45848968867102,118.88753546154575,37.80706652801866,121.6314488889962
2012-08,161.60618317081793,164.81138610839844,144.79932603116598,100.13854039100295,152.79239479610814,98.05305288174125,104.10712808226369,107.1667976523113,85.52712886658568
2012-09,227.42259309828628,171.0133514404297,243.70951788540611,106.68742851552442,122.88678604319962,101.1551720585623,128.0997723270678,157.22845647712043,90.54163628790792
2012-10,174.702714703869,160.08543395996094,284.00884266923134,104.1453064116589,139.92823450413223,130.07621242181372,141.61555612036227,86.47128833181125,119.0858167197857
2012-11,214.81981000531246,146.38999938964844,332.82085591141697,135.7901938941869,92.88404086998565,113.17735866815497,175.46026500658735,183.76797518281418,127.0379383099807
2012-12,170.51522360275126,151.52682495117188,270.1315358796152,103.09488285081943,105.18054777426637,141.2397578656935,141.98139239144626,189.9396114036495,101.8694009639974
2013-01,198.88418345528052,135.85504150390625,318.2390724231499,86.26991876149066,135.29033895090188,171.1816904372161,139.84429976256524,132.06050752113634,93.68946627987496
2013-02,152.42018881409973,124.1254653930664,242.87602873705944,100.54723293792658,79.08714553601737,184.06682589384593,126.33528941115702,181.0493654030918,92.48946543572396
2013-03,201.00303622653556,129.89584350585938,259.2550886514177,147.17450016947907,101.51336082337298,241.01820609666288,140.6315007683872,199.42669673109023,79.43762169337288
2013-04,131.46474359802284,143.94744873046875,300.5311551650807,109.02174796579392,104.93435607921317,199.69656267358627,125.96482499142661,302.1843772508551,110.6934159645962
2013-05,65.21712770107307,135.0992431640625,256.80840638676483,84.93272384247256,58.03067285964388,130.0247951725164,125.32311530798609,125.65210487171166,99.14596184807098
2013-06,126.39472437892519,154.99974060058594,293.785044897058,102.7372715861372,72.2911289174462,134.50194626251573,148.34641086582442,183.80744494776644,100.7099018995606
2013-07,160.84449469798662,127.65289306640625,215.33032213845243,102.73230377977303,86.61025116989333,172.21577239699857,118.48493275097991,94.78224672967556,133.2514610013329
2013-08,131.17686342981582,129.31399536132812,143.9303842005407,88.26884480523506,58.08979038547848,126.31225467787539,98.91091636806729,162.88364501291835,83.42411930958048
2013-09,130.39103635792767,132.1534881591797,244.4139453132269,82.12850250120789,73.637465077062,170.23085290357875,119.01341707782555,172.94730373644995,100.444656419787
2013-10,209.0070587822358,127.7625503540039,287.16964626793174,108.38191568582661,90.3178574607482,153.34207709728366,120.3259024204285,84.22267089090872,113.3850942395886
2013-11,110.15918955687236,133.3759307861328,185.95941067801243,92.17569079596905,82.43580983758056,187.1767454380428,117.98602988106671,130.39751583970354,113.0381754866498
2013-12,166.10237663397382,136.38491821289062,223.9708834711591,64.2325524665354,73.2855971437559,94.33845919903881,109.63001738065675,116.40800266320349,84.51579805468607
2014-01,106.18580221471716,131.92762756347656,221.41379781909825,116.14199285275855,48.58076324146311,116.01047551371981,128.26194247992262,101.95441962203854,105.2626498971647
2014-02,134.5987228537432,115.33161163330078,139.96909575683688,83.306820011871,61.778799492381935,136.19007171624747,114.60386687555393,72.95372037510059,100.7316825883071
2014-03,130.77835606258907,113.5309829711914,221.99613301032355,84.61095085080278,63.65613173607218,128.51749671647175,125.60577672994384,119.23326469723399,86.7770716326017
2014-04,93.58222856563691,119.62244415283203,175.99145203390418,71.23087324602247,59.11354187472814,102.5639684539114,116.1217587363387,59.072084665364,109.7028782284726
2014-05,129.2179973686516,116.78851318359375,188.4292174258124,84.64862110351677,55.3793835476203,105.47377658482908,130.05353412478692,93.51311913945814,99.46652257597358
2014-06,70.29832422875486,122.62130737304688,159.18368478189558,93.393755322795,56.09544797098613,104.60302906318174,120.3166796077532,59.36190106278149,86.32021009155173
2014-07,105.19635400779381,117.79121398925781,148.74221221423838,92.95880048304235,42.587343309228366,110.70175213162423,100.48697340643028,79.60629858062833,75.91590142280297
2014-08,142.9677892918687,110.56453704833984,132.2171910892462,102.43628204069196,75.68520865166246,78.32361184061696,93.4350576103394,160.42249217912894,80.52815600680556
2014-09,177.00502983212075,108.48748779296875,242.48573933225873,102.70712983764356,94.85610448252463,135.20099615318983,99.04235523170789,170.59601578440916,74.2401620235619
2014-10,150.6270036175671,144.5205535888672,208.56677898899778,126.63624043798525,68.26603569555343,104.25889493839674,123.5191680238203,61.71636328392751,100.3361599776853
2014-11,109.45727696826467,140.28663635253906,195.18889530636216,89.25026130990237,74.89099099235564,159.69913090432092,131.1536711311185,62.76194985122355,87.1882426206569
2014-12,152.4196210054672,154.86834716796875,261.025729673156,167.20218944926944,122.2719382731384,120.30161379733218,112.0306550598098,141.3465297416315,88.2797888875975
2015-01,201.27246749451962,154.82034301757812,178.6987222304132,163.42303197364623,91.20210362779567,99.27145741657985,109.17815548454098,62.37904452288039,97.14552482693533
2015-02,161.2988287505761,118.4397964477539,238.49512555528176,168.8331435510415,58.7708292044272,85.669578942883,104.18781113018053,69.52937965240247,104.1234391047903
2015-03,80.55538447692216,128.2254638671875,174.1975846514905,144.80391376822752,66.55141318540822,109.0559028232944,104.05253237653193,81.53699814806073,72.01206535616248
2015-04,105.49147653852009,124.75897216796875,211.13492266079632,167.36526515488464,91.35674007711914,54.12687796693405,85.12892158608221,58.691355639354775,79.22576180883912
2015-05,113.39719457589861,124.71321868896484,197.79857959569753,140.7592143087228,96.67625999616956,146.4051790740865,96.90085153146899,44.9153377821082,93.91761678340033
2015-06,212.8246818215994,122.65605163574219,303.5277321321968,170.30899765896362,108.90695911132981,119.7779877755842,115.18060524048057,133.47488259403926,89.75852897954736
2015-07,176.39803864617582,108.39608001708984,314.76036810583815,110.20633083888616,147.08012204545454,142.43014946273306,109.61699905012965,54.22926929274309,79.77404306211257
2015-08,158.68090336065552,109.48021697998047,171.73944490131768,121.62327919412171,92.02535508954759,114.18858695469855,93.79316764457994,95.80906091571424,56.56386183620938
2015-09,165.86696593607695,147.72125244140625,263.03016007190877,108.81936138311579,99.04100304643558,124.55347917761495,101.5308358284276,156.04506565994734,81.54931862165041
2015-10,187.6360162283874,130.8016357421875,231.9336859050291,96.28140197656658,92.88516438117881,95.3836168473452,93.31519294070452,62.85672916988732,102.7064168188832
2015-11,193.55434493200318,126.88197326660156,200.97588143856777,75.47580838005379,96.3221345016781,95.95144942505517,82.58384228959491,48.86781920360859,109.4445932420231
2015-12,127.08607183657917,144.32144165039062,206.394849535148,94.48228991659734,78.78829445254304,86.65266933900647,85.52062072121467,68.91003869246298,99.86278167965969
2016-01,203.99563972683939,158.0782470703125,241.4245361712679,106.51759321634067,144.8142174475585,96.98987841228664,107.02956654025019,64.78225540300456,83.95310376085008
2016-02,181.86090862235798,131.8761749267578,324.0465356812679,122.51987392869383,217.9999908702224,119.48192793729947,86.25532956269461,54.954275056207116,112.2541813646262
2016-03,190.58182496052905,117.06299591064453,253.68586333993335,105.37241650401964,214.92822788066422,104.27644481308872,82.46338735345248,100.05262905729046,96.1351586475173
2016-04,124.16817823386617,113.32276153564453,216.33028088042593,119.40047157999196,179.92325609443952,108.33815230084166,86.14765367947786,45.11215837065266,102.3380560881437
2016-05,131.4611974991658,111.18634033203125,241.11566495964757,139.7266928521151,138.81363287321045,81.41446290035582,85.9903931541774,51.839046826048275,97.93944541905304
2016-06,454.0054528738436,138.75936889648438,444.3419826864903,111.16724044578343,349.2160479461808,197.1590581430322,111.77144061808897,106.92630882141981,138.3170185778766
2016-07,331.66817692961786,117.95142364501953,410.0073827933726,139.11299290050223,414.1556816571308,129.447806194698,89.55832411735452,61.339536579551655,99.63671501253017
2016-08,223.12735555261986,110.99262237548828,178.7202820556164,98.17246834311435,233.27871816225783,102.52937405861893,62.37458563323372,85.95951612493366,72.31131798895781
2016-09,219.07736813398148,107.32561492919922,291.6730095164785,104.63629266371518,166.99760540630336,140.2138283302819,103.02355734919334,129.22782028720655,94.67170025882176
2016-10,148.26053892774468,107.81566619873047,256.62360697508524,99.54699016405863,181.66494672444333,132.1904712086538,105.93236495304292,29.370680427920668,79.45022222646377
2016-11,322.22033506013463,108.3741226196289,448.59508317810725,117.1264800233336,258.5145519983528,180.2757391601442,90.33004630777204,64.73377524947674,96.34426258173204
2016-12,246.8142508082627,115.9175033569336,408.26754699437186,155.93981268912725,252.1373520779221,159.45264506945205,98.44134609002914,101.32032846931261,76.43854560348655
2017-01,335.64149526489643,108.23075103759766,462.96556552285955,134.5876787740653,254.32761011845588,112.90602380801526,91.3088176948607,51.027334065599184,104.0945212203919
2017-02,170.40045431628212,106.89262390136719,379.42595357595764,136.87836450583197,210.90214313921786,114.10034157680262,95.58572155331302,112.53452039838277,83.67461253207783
2017-03,222.12302724209624,100.3365249633789,521.564150598696,147.39787176265708,142.42160536435398,98.55570801942454,81.57643545578392,99.9288422559202,75.90280086173456
2017-04,204.83883101582134,89.54013061523438,574.6331443928085,106.67183881993982,182.0721046597503,61.858981816280064,80.03384671174484,37.39287538075647,64.40091444418722
2017-05,151.38441269857245,104.64061737060547,288.26044389781725,89.99797498314005,170.37994335958598,62.9018305218145,89.1237631172688,40.71242742970648,77.273160744612
2017-06,192.22429035173278,108.39498138427734,308.56528601007835,101.79160895147753,196.1068293939394,99.64902035662506,85.26000451642065,85.36813780154385,86.33949320458008
2017-07,142.7123630373047,101.37307739257812,176.4695321128575,70.2253119254391,125.02678615434152,74.03366096035404,93.03653061186208,29.4474449809435,75.66343369893019
2017-08,104.73080715959433,66.64569854736328,164.0532893047378,86.47625565349057,155.00043883064396,31.701534582704117,81.66545982679352,84.36846748853735,50.10528291536928
2017-09,164.52679069817384,94.9796371459961,256.4782117585065,93.51073385237449,156.55413201881538,91.19423542007348,79.72939237236302,117.04280059518109,94.64385691565522
2017-10,142.697508187072,177.32598876953125,227.00538712978212,85.44595698263616,170.01172489601169,66.27056626573693,94.09780414690577,66.89835536734373,80.92546974944959
2017-11,189.63558793958364,130.8123016357422,251.36940607972903,68.6557954111242,129.60331181575435,63.299969300003845,81.17051309681707,77.70645029342256,84.9899636631579
2017-12,110.69768979829733,126.7371597290039,194.63212824866446,56.45729871397638,138.06004272352365,62.125211795591085,86.06214734270493,72.122928693361,92.17464643970727
2018-01,150.03557921859544,112.77650451660156,221.13756884827956,77.42102553198542,120.54375398147668,102.9585200968542,101.06343991887755,90.45828831706375,96.215929776769
2018-02,97.52896620458871,105.40119171142578,192.03058706445086,83.76718802934623,94.50709579999146,79.05917063891805,83.31673307763354,39.14427362902778,95.29112274471413
2018-03,113.25939882505742,93.32933044433594,195.57213916032086,86.57256107986827,95.93837123931289,77.47655549025647,84.41018371499527,101.93078212924716,78.57786748329093
2018-04,127.53606101961677,103.66265869140625,187.3611054188672,93.00212063064428,119.1428205869104,77.24937571837192,68.68395512729738,22.688664608388105,98.8874920415223
2018-05,178.8854475498668,140.21331787109375,303.0539079496316,116.71194165388117,78.55734966393166,135.1813257844383,91.65734786103363,66.26487939424234,87.93807302148949
2018-06,209.0020525803935,132.8039093017578,331.2620752633589,94.57866319285756,108.45583083926203,129.37375720618235,87.0907231620299,54.44018181493611,89.50953529886412
2018-07,219.13716355950785,96.50473022460938,239.72984200414407,76.72701666073046,131.92929161673257,101.33782814702596,85.11122620816494,40.84577189762559,89.78582378296186
2018-08,174.67610179730138,78.21145629882812,184.521165261246,130.15444552304606,120.24804407615522,87.70552867565826,72.59481547817683,82.9484565133495,58.32399429784792
2018-09,231.35667424143253,109.84809875488281,230.68047445655253,118.81090114080087,137.3025184582744,109.44738459303053,95.89111311807847,139.32354015917133,72.44317618232999
2018-10,193.90705645560894,149.11904907226562,302.29285278472776,130.8627919866207,152.92821007903237,148.8724419623668,85.8561955225875,39.81754072923573,107.8766783984849
2018-11,148.17275410161267,138.01336669921875,274.4578971469461,101.84838772481302,152.14034552603542,139.26294795344006,101.61870737079289,48.43592402680731,118.7160328559728
2018-12,225.8979086724893,127.73059844970703,339.57651506767587,93.47175763678622,206.25234400044266,187.63554528275972,145.09138510451314,93.51911015707635,105.8087461733369
2019-01,168.08723034264537,131.0411834716797,363.04773960850827,115.79874619585125,219.83753362095533,169.99783581953128,102.70365950458083,111.39161362393556,108.1126848070739
2019-02,155.94647320824077,132.00209045410156,267.5836014720959,108.66235787710755,180.71277793980764,158.5883195406726,89.26459308657554,175.38558412437132,100.5848523044355
2019-03,248.3747163251072,116.68341064453125,238.68934661793918,80.90393129893388,198.6357568538847,107.76082900119499,94.35193750229229,104.59422756942993,113.3910407201223
2019-04,198.25048660580097,130.68490600585938,206.5038806207943,96.84319571175212,158.256801276034,145.0856423888163,96.16569207216816,82.9145621461472,91.25864063116758
2019-05,145.92435505316323,123.73332214355469,159.84600990325475,98.05873646731077,160.89604090152704,163.96968899462195,110.77348199998823,43.246501421548835,87.20819900525879
2019-06,171.36990387562327,116.38347625732422,244.02554738596822,91.8929853227121,188.14641645493802,114.65299591661471,90.6950018426333,86.01531510980875,95.05222292246826
2019-07,246.24190134168194,132.63291931152344,269.49666850731074,81.96214983300641,187.40712429945756,88.91676064420454,75.06629144330634,37.1121048086492,88.56120276394569
2019-08,314.2581449845674,128.254638671875,287.8340353913769,93.94854721205046,260.2668566771007,112.59803082900295,86.210763991606,88.4917687069292,97.16415367393192
2019-09,207.23431333344314,164.8262176513672,275.04957630281075,59.98455853755951,297.0796589786712,111.84922127195817,100.27780590631514,176.2214265078955,99.6379417153827
2019-10,210.185051727089,157.70330810546875,267.7097095919494,37.69572072139725,276.77665617250335,95.26595263668905,95.63372664786354,54.239193753903486,118.0701733004302
2019-11,181.50480623929036,164.8609619140625,246.59494175379996,44.20294498695373,145.32727118684133,89.52109454425756,98.7186247471874,80.74448303009567,96.22477290022844
2019-12,207.2461318748473,144.70758056640625,244.3881081194694,41.967523780416,160.3109103167924,149.83251519551408,94.58997806968141,92.69401601462667,87.38264249224085
2020-01,131.50760851445185,142.4266357421875,254.2695921323031,67.1252441687311,193.42043447073473,127.87341148074616,98.25665797208902,52.074055541559936,92.52711012424984
2020-02,304.0949654794223,136.22872924804688,238.52343111851852,72.25363513575242,138.30179949422393,106.60549120564356,104.50353700516806,44.367475039968404,95.40630063655199
2020-03,498.0574394160713,251.94215393066406,367.15702042734057,78.46657618910848,281.4963098610491,225.07434688035408,324.3136748807723,306.32440103653335,183.7585259767664
2020-04,374.94694195840805,253.05889892578125,320.16271113798314,73.43985002889252,336.1286934907619,211.4661273954298,465.3524987187034,136.97269583569758,215.8433204615019
2020-05,397.7159929275786,261.6097412109375,305.83698185179964,75.03775803986774,374.2920985152915,174.28109207331573,425.1502726432817,194.56233163475673,191.6523993343796
2020-06,278.8722048200364,202.88333129882812,321.6908454394942,65.72205365546051,291.8308154870849,156.4717519851585,347.2854426539352,211.8213398710544,159.8154926032356
2020-07,312.9316010066206,181.4896240234375,242.34147139316002,72.79184881701546,207.1177721277382,150.8663795489694,249.50719625664334,84.62897991498478,154.7829525958821
2020-08,215.73821906767634,175.0711669921875,202.95086660733247,52.91562561675709,189.14096369000055,160.26182113782582,222.62720226684553,136.54986127961104,116.6998710108789
2020-09,295.318503721311,179.4755401611328,432.6912614688123,79.5655087534552,182.84788477393982,169.11854068448324,208.7302985328226,284.6159338730295,120.2057315689124
2020-10,443.7424307221221,223.81822204589844,358.26840748688517,81.10953935113298,247.78515382571402,173.7636249251571,222.78629678055887,93.24370190398794,164.6157400604996
2020-11,387.4944814884392,175.0206756591797,403.8862927472291,76.34927372148363,175.9062170680368,279.38913293818945,230.0348676635909,85.92613413266062,165.5570446226191
2020-12,227.9440037170105,177.6051483154297,257.26733611001026,61.99056494167042,181.51159851888303,141.72860467210816,200.2588236420262,80.83937156661538,129.759003199227
2021-01,210.2320971145913,152.2834930419922,276.3722743736475,53.63250324460932,163.97907691657986,247.12470893831093,210.63621348462516,,118.829223629279
2021-02,223.4536292757388,148.29005432128906,226.43034071822746,89.41066253531694,178.94884443195713,136.7891216502725,175.59828069597384,,138.905852426846
2021-03,263.6632024677517,153.3734588623047,258.4463581759861,57.59138038128594,114.32948758189178,175.08766129905771,196.34498263319355,,146.1039183783031
2021-04,236.37901706429952,139.83242797851562,186.40504730622686,70.3155455856046,112.61013514405944,133.86842941008666,164.87347766514065,,137.1508867118445
2021-05,168.61250667375324,140.44772338867188,210.55606779907308,51.885369860040754,78.43488041819455,59.52795540003586,145.97546120211825,,121.3447009090122
2021-06,192.49767374743104,138.34951782226562,219.50012853823208,70.76922263739841,133.21815254355465,104.80567408669692,148.84588657583382,,121.042971791177
2021-07,346.43418222767167,154.5065460205078,251.8014247965771,74.57849800753041,145.92791344424901,61.54016565086076,131.85174273353647,,127.6804496557008
2021-08,364.0997807917158,116.8482666015625,231.69912169473648,40.869890013414654,113.33228582269614,41.30713649174652,96.37221503656949,,84.58192444463616
2021-09,361.96706459054076,120.61072540283203,236.94298770083844,63.73371125365071,131.82725927334786,102.89989592077029,169.18976247015738,,98.17804912557742
2021-10,304.225758845386,147.5626983642578,270.2298428559805,40.488585127740336,94.66420250839744,70.72097480192369,141.09734960449484,,128.439440364485
2021-11,395.5716354974096,155.97068786621094,310.0813528559587,81.92070438025698,93.60881033050207,102.59614203779499,130.07711343147218,,117.2050489942439
2021-12,597.9361967866644,159.57528686523438,331.3154815344752,65.1715789369912,153.99800099646777,128.32329926757942,161.05200531815046,,125.45787641994
2022-01,478.2045264190199,124.22967529296875,313.78810575904663,37.78620818452351,125.09799643229042,123.7361361084206,152.56917611985475,,111.8589338658007
2022-02,394.1190974611163,133.50860595703125,298.9066037728061,51.651686472486574,115.77239188658287,119.77629193859694,173.8482325033553,,112.4908990861983
2022-03,785.0256071701574,169.82452392578125,429.9355675349817,87.66351408363126,173.03884424522815,139.12014865643766,183.0218816121333,,135.9655774298339
2022-04,707.8743991515854,164.84947204589844,322.84143605889113,66.31639547742537,128.65974025237696,129.17140713574705,186.54400695089942,,135.2360162545519
2022-05,616.0472681952526,151.87469482421875,380.590572642894,58.76403735384518,152.37077391759323,132.8385195338322,192.59621766280407,,142.2533634916719
2022-06,589.1642295241047,166.84375,420.5877253989568,59.63572679068958,183.48345234319623,137.63568185516743,191.9791060229989,,139.4880075702087
2022-07,765.0222113927308,175.80950927734375,495.31645192190723,63.826140756332364,194.71706638157093,125.29542795683584,178.49042997582958,,126.8292706452455
2022-08,742.7387055404228,141.78741455078125,231.0219656497317,58.61327453279112,121.47299668495984,116.8359431545154,158.72885021125234,,93.44688130717329
2022-09,844.8547214451755,151.26394653320312,255.8242756078417,78.95252152989556,192.52357174547794,173.1296179194699,253.380586301884,,125.0415169457425
2022-10,753.2297470852086,177.71066284179688,372.27650760470925,52.18105791143538,175.57965922234092,96.82188727147393,238.27221725996526,,148.2029997621533
2022-11,767.6569781640336,171.2546844482422,302.9760681644704,54.01414872793472,172.11000958243494,86.18983891013858,199.71420536497374,,137.7814336681875
2022-12,584.1854527093091,147.88681030273438,261.9671025478257,32.980127289077366,203.33063308548282,78.63340850481583,213.29259185323974,,117.6508989971158
2023-01,520.1256510070332,155.27496337890625,296.32166507942077,86.95958998134046,147.12390892311024,100.37407363713609,173.42652936937526,,114.9422550623077
2023-02,472.1092352175696,138.87986755371094,327.7979585568867,62.290593904655125,106.86616247011267,117.90849826230965,166.42610830055875,,120.0529210298894
2023-03,572.4735414236495,149.40985107421875,382.9259322582567,91.6656365253479,136.97517036682316,128.9745521302426,178.7324602756992,,106.9521556801852
2023-04,403.1335937199061,137.8336181640625,269.8401491848095,73.34492340076115,102.58504576974589,156.72842110023004,150.70566690077555,,110.274327784078
2023-05,439.0830414704354,140.4842071533203,295.3102094479652,78.80708595174727,83.93475921220127,115.4877875823241,156.73539471287836,,126.6044910342522
2023-06,481.65745527055276,133.39378356933594,214.01936472039787,83.69058866471498,98.08302913813459,96.5310354033851,154.90664871315397,,128.5423021961283
2023-07,520.2620456118738,151.34080505371094,236.53628761213605,47.52584099284199,90.3178574607482,105.49304729035246,163.26876523559258,,107.4755546233699
2023-08,661.2609142893353,108.43668365478516,152.6554562031025,97.70743980166675,120.58635312885406,119.72513391711146,127.83536420560404,,68.91836674873748
2023-09,737.6819316801059,120.3502426147461,243.34775610542962,89.18316358905095,97.83198427987533,108.98336439855198,145.4238602696616,,119.3064861559558
2023-10,669.5651699907498,147.13681030273438,261.8244872155622,141.69386341890447,128.32060788923394,119.67225210110932,151.99188943670828,,124.5469791613844
2023-11,626.1370390599931,145.526611328125,282.45585540805524,139.9654770065618,117.30066608545783,155.81360604028364,148.3744301824028,,154.2433006009717
2023-12,672.5178656476172,140.71475219726562,321.28587054361736,123.94688548984405,116.57550837377167,70.54053463092664,181.3586951349118,,127.4839823284322
2024-01,729.8969081284516,129.10496520996094,274.0296115792719,100.9803115682449,102.83408897210012,105.67805968575729,175.89732994249653,,122.8908615779391
2024-02,596.1153388473107,120.03656005859375,243.01897814370966,77.69812472609925,130.53644113741422,84.47016718956965,159.95186533593022,,129.213258043397
2024-03,550.2747062923032,146.37762451171875,187.7619968104459,81.94731662168982,131.27098806601325,68.5842066496307,176.84352037531943,,142.9583820394387
2024-04,640.3742379331374,141.76150512695312,169.7721174751592,119.67415959729726,88.20213461549382,112.375302460402,176.5186072875001,,112.5254773518681
2024-05,637.0412866058894,187.38909912109375,304.44627414088876,71.17110783899328,103.14709857733176,82.44744248933272,177.86305989925827,,124.3528091527395
2024-06,667.6673353050004,151.7812042236328,409.2720613986144,153.22135898578424,145.26431806958473,106.16297380930011,172.14601962217145,,119.8054974011223
2024-07,849.163955661392,128.46844482421875,543.932556384764,88.35135518413225,104.72246905335079,98.66045319367774,146.8267441721448,,109.4327434825348
2024-08,554.4402043088905,159.06077575683594,370.78547045325695,80.11196204446806,81.81815137714736,70.59877059833366,136.7185891154238,,63.51366843346987
2024-09,699.7664184168108,148.1016387939453,436.4055807995177,120.22240999398394,103.4269333537217,110.57981659915444,155.1021277557938,,122.685227884358
2024-10,871.0199016224581,156.1649169921875,322.2892414152573,97.91749559415355,101.87680544505541,100.49800105414319,145.21332707387674,,143.8574552978897
2024-11,1095.932766013948,180.67481994628906,486.84426373762193,189.992828511765,198.785940317978,124.80652873457198,176.09975539122817,,136.5452190449719
2024-12,984.3660226257173,180.97763061523438,567.7088524134978,144.73410795716467,259.9354145133217,133.7399421612094,180.63298510439418,,130.1162082189792
2025-01,1009.0558767499436,191.9088897705078,563.1389438046733,84.80376760005542,226.77176078032164,98.46124610687109,214.68136638497515,,123.6355394084361
2025-02,838.8655006212477,147.65110778808594,382.71304270809446,99.75922884231463,253.20302135973915,107.04153164899981,223.32886371823093,,111.6662740914453
2025-03,1083.1016291378576,174.8711395263672,536.6605136677182,294.84968214589344,353.6006380929067,201.14896143292088,,,173.7493556344183
2025-04,1502.1833651824622,212.14144897460938,619.7481366737525,72.44648324341841,582.7876936221146,246.47596118518496,,,172.3524537306005
2025-05,1203.980635504152,183.73509216308594,424.8509658125711,35.37679880833099,344.7938611006965,170.06896266502548,,,135.5032028248617
2025-06,929.5540082363603,176.31060791015625,445.0442099445227,66.85456666834204,396.4968032676217,165.36132160037,,,158.6979916145912
2025-07,1371.900380590249,178.84962463378906,467.3990825240985,48.76548829885407,473.40782061398033,164.04752876480254,,,141.0207011277799
2025-08,990.4965748445388,152.01951599121094,268.2351022857622,41.280312553530216,245.32282904878903,98.72050782516874,,,104.3658842180002
2025-09,967.0261778338613,163.81045532226562,550.3257080452677,47.34978557594391,247.78707396360198,135.7908849673233,,,145.2213247465907
2025-10,979.0170728199251,186.8289337158203,517.7585555600701,101.23470970570014,300.34198166534645,125.49232475326228,,,160.3053774612186
2025-11,848.5237483737576,184.40093994140625,462.3048989567683,97.94386810495422,247.13327273466183,141.68063780033432,,,
