,AT,BE,FI,FR,DE,GR,IE,IT,NL,ES,PT
2005-09,-0.03505476394073881,-0.010054763940738898,-0.11505476394073888,-0.023354763940738987,-0.08732749094073888,0.1449452360592609,-0.11505476394073888,0.13195523605926107,-0.03905476394073881,-0.06669112757709872,0.27050079162592766
2005-10,-0.13429578769685868,-0.10529578769685877,-0.21429578769685875,-0.10709578769685857,-0.16572435869685886,0.04570421230314148,-0.21429578769685875,0.0401342123031414,-0.12529578769685878,-0.1317719781730493,0.07237087900314121
2005-11,0.020693740709368136,0.033693740709368036,-0.059306259290631935,0.03219374070936798,-0.011124441290631726,0.21069374070936808,-0.059306259290631935,0.19585374070936812,0.018693740709368356,0.017284649800278107,0.06069374074270151
2005-12,0.1543573956743649,0.18435739567436515,0.09435739567436485,0.16465739567436488,0.13197644367436512,0.36435739567436487,0.1543573956743649,0.3475473956743649,0.14735739567436523,0.16292882424579513,0.3576907290410314
2006-01,-0.14059250778286048,-0.09859250778286066,-0.19059250778286074,-0.12409250778286074,-0.14922887178286048,0.12940749221713954,-0.1505925077828607,0.07293749221713952,-0.1435925077828606,-0.1400015986919505,0.13607415891713925
2006-02,-0.0005393845749890325,0.0574606154250108,-0.04053938457498907,0.028460615425010882,-0.008039384574988873,0.289460615425011,-0.01053938457498882,0.21681061542501112,-0.004539384574989036,0.00236061542501087,0.2794606154583441
2006-03,-0.12815881644473492,-0.07615881644473488,-0.15815881644473473,-0.08945881644473497,-0.14076751244473495,0.17184118355526534,-0.12815881644473492,0.14468118355526505,-0.1221588164447347,-0.12924577296647488,0.1351745169219316
2006-04,-0.05263409792525087,-0.016634097925250835,-0.0926340979252509,-0.019834097925250926,-0.07763409792525078,0.25736590207474963,-0.07263409792525088,0.24920590207474946,-0.05163409792525098,-0.05374520903636126,0.09403256877474897
2006-05,0.06601638361524831,0.0630163836152482,-0.023983616384751993,0.039516383615247896,-0.0012563433847518901,0.3360163836152479,-0.003983616384751976,0.3207063836152484,1.6383615248027894e-05,0.022334565433427933,0.0949052725152475
2006-06,-0.031454843182178394,-0.04545484318217863,-0.04145484318217907,-0.05265484318217872,-0.10100029818217848,0.24854515681782097,-0.08145484318217866,0.2332551568178216,-0.08845484318217878,-0.0732730250003586,-0.010343732082178647
2006-07,0.13731818215676883,0.12931818215676882,0.14731818215676862,0.10831818215676892,0.0973181821567688,0.4173181821567691,0.08731818215676901,0.39379818215676865,0.08131818215676923,0.11122294406152866,0.13065151545676867
2006-08,0.17649370094112715,0.17149370094112726,0.19649370094112717,0.14909370094112706,0.1404067439411274,0.4464937009411276,0.13649370094112712,0.4271937009411273,0.15949370094112725,0.14905891833242713,0.2664937009077937
2006-09,0.12638304470362316,0.12538304470362327,0.13638304470362295,0.09868304470362332,0.09019256870362291,0.39638304470362273,0.09638304470362291,0.3722030447036233,0.11438304470362315,0.09966875898933347,0.31304971133695636
2006-10,0.10832241190610015,0.11332241190610004,0.11832241190609993,0.08932241190610002,0.06604968490609986,0.35832241190610015,0.05832241190609988,0.3482924119060997,0.09832241190609992,0.09123150281518955,0.2216557452061001
2006-11,0.09627827699518443,0.09627827699518443,0.08627827699518464,0.07577827699518469,0.05036918599518447,0.3162782769951846,0.05627827699518484,0.30636827699518454,0.08527827699518475,0.08327827699518453,0.35072272142851757
2006-12,-0.10184462179294407,-0.09184462179294428,-0.09184462179294428,-0.08454462179294397,-0.1413183057929439,0.12815537820705591,-0.15184462179294433,0.12575537820705618,-0.09284462179294417,-0.09558146389820399,0.1737109337737226
2007-01,-0.004024401163083446,-2.4401163082998778e-05,-0.014024401163083233,0.0070755988369173295,-0.04720621916308332,0.2159755988369172,-0.02402440116308302,0.1987755988369173,-0.012024401163083454,0.008430144291467379,0.09264226553691657
2007-02,0.17179569216141521,0.189795692161415,0.16179569216141543,0.17529569216141505,0.13079569216141573,0.3817956921614152,0.15179569216141564,0.36188569216141575,0.1557956921614152,0.1925956921614156,0.35068458106141476
2007-03,-0.03439642553757505,-0.01539642553757492,-0.04439642553757528,-0.02489642553757543,-0.08348733453757529,0.17560357446242492,-0.054396425537575066,0.15182357446242456,-0.04639642553757506,-0.015714607355755028,0.3567146855624248
2007-04,0.07893659781145335,0.0909365978114538,0.06893659781145356,0.0829365978114538,0.02104186081145354,0.26893659781145374,0.05893659781145377,0.23914659781145353,0.06293659781145333,0.0776734399167136,0.3622699311114532
2007-05,-0.03894852469951626,-0.023948524699516582,-0.03894852469951626,-0.026448524699516085,-0.08990090569951636,0.14105147530048345,-0.04894852469951605,0.12076147530048331,-0.04094852469951604,-0.0326628104138047,0.15771814193381672
2007-06,0.12016427856938883,0.12816427856938883,0.11016427856938904,0.10936427856938913,0.050640468569389085,0.29016427856938876,0.11016427856938904,0.26213427856938853,0.10416427856938881,0.11044999285510038,0.050164278536056095
2007-07,0.23363465158505292,0.26063465158505306,0.23363465158505292,0.22523465158505296,0.14863465158505296,0.4336346515850531,0.23363465158505292,0.4039646515850528,0.20763465158505312,0.2398619243123239,0.23696798488505344
2007-08,0.057379863969012845,0.11437986396901323,0.06737986396901263,0.06097986396901334,-0.02609839703098693,0.29737986396901306,0.07737986396901331,0.26092986396901274,0.06037986396901296,0.07551029875162296,0.2229354195023463
2007-09,-0.04813936381240058,0.013860636187599695,-0.038139363812400795,-0.016639363812400276,-0.15213936381240067,0.18186063618759896,-0.05813936381240037,0.19543063618759948,-0.03513936381240068,-0.02413936381240056,0.11963841395426655
2007-10,0.11155863255139398,0.13455863255139366,0.09155863255139352,0.10895863255139382,-0.005832671448606774,0.2915586325513937,0.1015586325513933,0.3024386325513939,0.08755863255139396,0.089906458638354,0.1615586325513938
2007-11,-0.004501049173748939,0.06549895082625135,0.005498950826250848,0.013398950826251088,-0.12541014017374863,0.2154989508262508,0.0954989508262507,0.2347889508262515,-0.005501049173749273,0.033362587189890824,0.1899433952595846
2007-12,-0.02606375648717929,0.03593624351282099,-0.03606375648717908,-0.020863756487178975,-0.17018140348717914,0.1539362435128213,0.07393624351282124,0.16242624351282142,-0.03806375648717886,-0.028357874134238514,-0.017174867620512124
2008-01,0.17267563570788713,0.20467563570788716,0.09267563570788706,0.09407563570788735,-0.019597091292112623,0.35267563570788774,0.20267563570788738,0.35158563570788726,0.08367563570788761,0.13540290843515734,0.2660089690078875
2008-02,0.11861937299441738,0.16961937299441754,-0.0013806270055827241,0.020619372994417517,-0.1085234840055822,0.298619372994418,0.14861937299441763,0.29304937299441747,-0.01538062700558207,0.08271461108965728,0.3786193729610847
2008-03,0.009072094328174352,0.09407209432817432,-0.13092790567182533,-0.12002790567182497,-0.33145422167182526,0.2890720943281746,0.0390720943281746,0.24654209432817442,-0.15692790567182513,-0.013296326724455909,0.43573876096150777
2008-04,0.02171957451557205,0.05671957451557219,-0.09828042548442806,-0.04048042548442776,-0.2782804254844278,0.22171957451557223,0.12171957451557258,0.21360957451557194,-0.10828042548442784,-0.008007698211698333,0.3750529078155722
2008-05,-0.03858536437976401,-0.004585364379764201,-0.048585364379764684,-0.1118853643797646,-0.3166806023797646,0.22141463562023578,0.061414635620235636,0.18423463562023557,-0.15658536437976434,-0.09643536437976419,0.19919241338690252
2008-06,0.06823751268537137,0.10423751268537185,0.0482375126853718,0.01003751268537112,-0.21128629731462834,0.4382375126853715,0.1782375126853717,0.37388751268537135,0.0022375126853715344,0.059856560304421436,0.010459734918704555
2008-07,0.253390708923674,0.32539070892367405,0.24339070892367332,0.16619070892367382,-0.03617450807632583,0.6233907089236741,0.39339070892367367,0.5680207089236742,0.16039070892367402,0.2712543452873142,0.24005737562367369
2008-08,0.1355329182312941,0.23353291823129396,0.12553291823129342,0.05403291823129397,-0.14208612976870594,0.5255329182312938,0.24553291823129353,0.4694029182312933,0.05353291823129336,0.21465056529011406,0.2688662515979603
2008-09,0.12183234091312567,0.21983234091312553,0.09183234091312542,0.017832340913125577,-0.24407675008687413,0.5418323409131256,0.22183234091312531,0.46593234091312574,0.014832340913125464,0.2301656742464555,0.121832340946459
2008-10,0.0751874343283907,0.20418743432839026,0.0751874343283907,-0.06581256567160931,-0.3713343046716093,0.6751874343283903,0.29518743432839045,0.5251874343283909,-0.02681256567160961,0.21118743432839082,0.05185410102839061
2008-11,0.4160682152962152,0.4870682152962149,0.31606821529621465,0.20646821529621473,-0.217431784703785,1.3160682152962146,0.7860682152962144,0.9685882152962146,0.18906821529621487,0.3728682152962146,0.5994015486628812
2008-12,0.21181384055893693,0.17781384055893712,0.03181384055893721,-0.14318615944106305,-0.640291422441063,1.391813840558937,0.8818138405589373,0.780633840558937,-0.041186159441063186,0.16999031114717722,0.7518138405922707
2009-01,-0.022974607517411982,0.11002539248258802,-0.15297460751741188,-0.414174607517412,-0.9520222265174119,1.5770253924825877,1.1770253924825882,0.5983153924825881,-0.2599746075174121,0.12286749774574801,0.4836920591825882
2009-02,0.3571694585367391,0.38516945853673956,0.07716945853673929,-0.19373054146326085,-0.7253305414632609,1.8471694585367393,1.7971694585367395,0.6829794585367388,-0.05583054146326072,0.3807194585367393,0.631613903003406
2009-03,0.3867110617628571,0.2617110617628571,0.03671106176285699,-0.12248893823714324,-0.7537434832371432,2.096711061762857,1.9867110617628567,0.6850610617628572,-0.11528893823714315,0.2854729665247673,0.6889332839961906
2009-04,0.25332262710811104,0.14232262710811083,-0.006677372891889188,-0.12317737289188901,-0.653677372891889,1.713322627108111,1.5533226271081109,0.5692926271081111,-0.015677372891889085,0.21907262710811093,0.6533226271081114
2009-05,-0.07940664059023028,-0.15040664059023,-0.2694066405902298,-0.37810664059023,-0.8084066405902299,1.0405933594097698,1.0905933594097696,0.23568335940977025,-0.3264066405902297,-0.12515664059023024,0.1283711371764369
2009-06,0.3325362572342545,0.1345362572342541,-0.0074637427657457955,-0.08946374276574565,-0.5138273787657459,1.3425362572342543,1.7425362572342546,0.6187762572342539,-0.03146374276574582,0.24758171177971455,0.18809181276758746
2009-07,0.2989158329125341,0.1739158329125341,0.02891583291253408,-0.01398416708746586,-0.4032580800874661,1.1489158329125337,1.7089158329125342,0.6318258329125341,0.02291583291253385,0.2708723546516638,0.3022491662125337
2009-08,0.08018287830677195,0.0931828783067723,-0.04981712169322794,-0.09121712169322782,-0.37457902669322785,0.8401828783067717,1.240182878306772,0.4357428783067725,-0.07081712169322785,0.09856383068772256,0.3001828782734388
2009-09,0.11489343505467842,0.08689343505467839,-0.015106564945321477,-0.049406564945321474,-0.3719247469453215,0.924893435054678,1.2748934350546786,0.45298343505467864,-0.05510656494532151,0.16812070778194865,0.2815601016880116
2009-10,-0.028017975479511126,-1.79754795111009e-05,-0.1080179754795112,-0.12221797547951097,-0.4689270664795111,0.8919820245204892,1.0919820245204885,0.42342202452048916,-0.14501797547951112,0.09307293361140001,0.17531535782048913
2009-11,0.030115321121551908,0.07311532112155161,-0.039884678878448376,-0.01308467887844822,-0.3527418218784484,1.2701153211215517,1.250115321121552,0.4866353211215517,-0.04988467887844816,0.21963913064536156,0.4478930988882186
2009-12,-0.14952938483362743,-0.1515293848336272,-0.29952938483362734,-0.28512938483362715,-0.6210293848336272,1.730470615166373,1.1204706151663726,0.24775061516637242,-0.32152938483362714,0.044670615166372496,0.4226928373997061
2010-01,0.0869570074656072,0.0819570074656073,-0.1730429925343926,-0.1448429925343926,-0.40554299253439297,2.3569570074656068,1.1669570074656073,0.4148370074656076,-0.19604299253439272,0.325607007465607,0.6836236741656072
2010-02,0.17204851139717725,0.24304851139717698,-0.107951488602823,0.006148511397177092,-0.31795148860282296,2.972048511397177,1.2420485113971775,0.5591685113971767,-0.13195148860282302,0.4901485113971771,1.115381844763844
2010-03,0.06730340228912501,0.1633034022891251,-0.202696597710875,-0.024596597710874857,-0.3605226847108747,2.7773034022891254,1.0673034022891255,0.48257340228912504,-0.09469659771087491,0.367781663158695,1.397303402322458
2010-04,0.0634683409720016,0.14546834097200145,-0.036531659027998487,0.002668340972001637,-0.3320316590279986,4.433468340972002,1.3634683409720014,0.5990483409720015,-0.07553165902799819,0.5048893936035816,1.7201350076720012
2010-05,0.21469489741220737,0.31069489741220746,0.034694897412207215,0.08129489741220741,-0.2610193885877927,4.974694897412207,1.8646948974122077,0.9896148974122072,0.022694897412207204,1.0888377545550671,2.291361564112207
2010-06,0.17474285586619365,0.44674285586619344,-0.1052571441338066,0.0461428558661936,-0.48207532613380666,6.074742855866193,2.284742855866193,1.0769428558661933,-0.1262571441338065,1.5302428558661938,2.431409522566194
2010-07,0.06150943477704951,0.2845094347770498,-0.15849056522295024,-0.027590565222950225,-0.39258147422295053,7.3315094347770495,2.31150943477705,1.0173394347770497,-0.15549056522295013,1.4246003438679598,2.61817610147705
2010-08,0.29220139716622784,0.5512013971662277,0.14220139716622793,0.20320139716622787,-0.1277986028337721,8.222201397166227,2.8222013971662276,1.324281397166228,0.08020139716622765,1.5593832153480482,3.438868063866228
2010-09,0.1277511220180516,0.4477511220180519,-0.09224887798194814,-0.007048877981948198,-0.3717943329819482,8.667751122018052,3.4677511220180515,1.1900211220180519,-0.1482488779819482,1.4223874856544114,3.534417788718052
2010-10,-0.03775398903949423,0.351246010960506,-0.22775398903949418,-0.13705398903949417,-0.5120397030394939,6.712246010960506,3.562246010960506,0.9424560109605058,-0.2807539890394941,1.1787698204843156,3.6389126776605063
2010-11,-0.09787426534471777,0.37112573465528254,-0.2878742653447177,-0.1113742653447174,-0.5751469923447177,8.412125734655282,5.112125734655283,1.0762057346552822,-0.3228742653447174,1.578030496560042,3.6776812902219493
2010-12,0.06829694069479375,0.6272969406947935,-0.17170305930520646,-0.01510305930520639,-0.4469411543052062,8.648296940694793,5.088296940694793,1.2412969406947933,-0.2067030593052066,2.012677893075745,3.712741385128127
2011-01,0.04698651568629142,0.6429865156862915,-0.2230134843137086,-0.04941348431370862,-0.47634681731370865,8.236986515686292,5.256986515686291,1.2360665156862911,-0.2650134843137084,1.8863198490196211,3.8703198489862913
2011-02,0.19008997849037845,0.7240899784903787,-0.07991002150962156,0.11298997849037828,-0.29091002150962186,7.910089978490379,5.610089978490378,1.2456999784903786,-0.08191002150962179,1.7678899784903779,4.7178677562570455
2011-03,0.022239026325208133,0.555239026325208,-0.20776097367479185,-0.050460973674792076,-0.4460218436747918,8.782239026325207,6.012239026325208,1.2176290263252083,-0.23476097367479198,1.5916738089339075,5.394461248558541
2011-04,0.20584965203180072,0.7328496520318009,0.015849652031800776,0.13744965203180115,-0.213624031968199,10.3058496520318,6.2358496520318,1.286619652031801,0.09284965203180073,1.7745864941370613,6.342516318731801
2011-05,0.16462336078350903,0.8456233607835095,-0.04537663921649093,0.12272336078350943,-0.3044675482164907,12.574623360783509,7.27462336078351,1.390773360783509,0.03762336078350925,1.956805178965329,7.056845583016843
2011-06,0.022641564812865944,0.7296415648128654,-0.11735843518713418,0.022541564812865733,-0.5164493441871341,13.282641564812867,8.022641564812865,1.408231564812866,-0.1243584351871343,2.0725052011765057,7.540419342579531
2011-07,0.29261380306315354,1.167613803063153,0.1026138030631536,0.3353138030631535,-0.31357667293684655,13.092613803063152,9.392613803063153,2.4058938030631536,0.11461380306315361,2.7674709459202935,8.415947136363153
2011-08,0.07655614403181943,1.34155614403182,-0.08344385596818027,0.2180561440318196,-0.5499655949681803,13.13655614403182,6.80655614403182,2.507096144031819,-0.08644385596818038,2.4889039701187796,8.962111699565153
2011-09,0.15662376471153605,1.3936237647115357,-0.13337623528846398,0.15742376471153596,-0.654285326288464,15.296623764711537,6.026623764711536,3.262323764711536,-0.14737623528846422,2.716851037438806,9.494401542478203
2011-10,0.13145083823650294,1.4124508382365026,-0.2785491617634972,0.20615083823650293,-0.7861682097634968,15.251450838236503,5.311450838236503,3.1833508382365028,-0.324549161763497,2.4627841715698326,9.441450838236504
2011-11,0.28805297255895423,1.7660529725589544,-0.5319470274410456,0.33735297255895436,-1.1978561184410457,14.848052972558957,5.438052972558954,3.985142972558954,-0.6259470274410455,3.120143881649865,9.489164083658956
2011-12,0.4548716340297232,1.7068716340297234,-0.12512836597027688,0.5141716340297231,-0.717509317970277,18.494871634029725,6.054871634029722,4.166801634029723,-0.269128365970277,2.8593954435535327,10.247093856229721
2012-01,0.604248372492175,1.4422483724921746,-0.3857516275078252,0.5132483724921748,-0.8448425365078249,23.244248372492176,5.044248372492175,3.870848372492175,-0.46875162750782495,2.7335340867778863,10.557581705792174
2012-02,0.409012433774242,1.1120124337742419,-0.25098756622575813,0.42461243377424207,-0.739082804225758,26.64901243377424,4.429012433774242,2.9554724337742417,-0.3549875662257578,2.520107671869482,10.020123544874242
2012-03,0.2708409522792792,0.9308409522792789,-0.2991590477207211,0.351340952279279,-0.7687045027207209,16.460840952279277,4.300840952279279,2.4496009522792788,-0.3501590477207208,2.570568225006549,9.39972984117928
2012-04,0.3589048992495254,1.0529048992495254,-0.32109510075047476,0.5237048992495255,-0.8468845747504747,19.008904899249526,4.408904899249525,3.2047348992495257,-0.18009510075047475,3.3189048992495254,8.915571565949525
2012-05,0.6029299512501431,1.4169299512501428,-0.067070048749857,0.8674299512501431,-0.550251866749857,25.012929951250143,5.232929951250143,3.896269951250143,0.07392995125014301,4.238475405795593,8.926263284616809
2012-06,-0.025738111666740338,0.8532618883332597,-0.5557381116667404,0.2592618883332598,-1.0152619216667405,25.50426188833326,4.7742618883332595,3.58792188833326,-0.38973811166674044,4.27364284071421,7.924261888366593
2012-07,0.1985368384573234,0.8235368384573234,-0.3214631615426764,0.4071368384573235,-0.6291904345426764,23.948536838457322,4.248536838457324,4.124156838457323,-0.12446316154267634,4.9235368384573235,7.795203505157323
2012-08,0.05555860154576964,0.6255586015457697,-0.3744413984542303,0.20495860154576984,-0.5727022684542304,22.42555860154577,3.9955586015457696,3.9072086015457694,-0.15744139845423044,4.666844315831479,7.167780823779103
2012-09,0.09985189063481847,0.6658518906348183,-0.1201481093651815,0.2982518906348184,-0.4496481093651816,18.969851890634818,3.3398518906348187,3.314151890634818,-0.09614810936518148,3.980351890634818,6.557629668401485
2012-10,0.07049956214638686,0.4864995621463868,-0.16950043785361313,0.23709956214638672,-0.4825439158536131,16.01049956214639,2.820499562146386,3.0033695621463865,-0.18250043785361325,3.6970904712372974,5.963832895446386
2012-11,0.05489531450197238,0.4928953145019721,-0.12510468549802778,0.3442953145019725,-0.4591955944980277,15.404895314501971,2.7948953145019724,3.0563353145019727,-0.1451046854980278,3.894986223592884,5.562673092268639
2012-12,0.047466922458629046,0.3814669224586291,-0.1325330775413709,0.2743669224586289,-0.42312131254137086,11.607466922458629,2.947466922458629,2.8190469224586288,-0.16053307754137092,3.6174113669030694,5.0796891446919625
2013-01,-0.10065487082900226,0.29134512917099764,-0.2806548708290022,0.1457451291709977,-0.5083821438290022,9.079345129170997,2.1593451291709975,2.187035129170998,-0.2826548708290022,3.0296178564437275,4.226011795870998
2013-02,0.07950813401968393,0.5845081340196838,-0.07049186598031598,0.3643081340196841,-0.33699186598031594,9.069508134019683,1.8995081340196838,2.6124081340196836,-0.05349186598031608,3.337808134019684,4.273952578486351
2013-03,-0.009226275777391102,0.4957737242226088,-0.149226275777391,0.3103737242226088,-0.40472627577739106,9.620773724222609,2.070773724222609,2.881133724222609,-0.09022627577739106,3.1621237242226092,4.302995946455942
2013-04,0.08968206654272692,0.49368206654272706,-0.04031793345727297,0.25188206654272705,-0.35412745745727303,10.029682066542726,2.229682066542727,2.7273520665427267,0.11268206654272706,3.0407773046379667,4.419682066542727
2013-05,-0.09275620191669276,0.21524379808330707,-0.24275620191669267,0.0337437980833073,-0.5486652929166929,7.2272437980833075,1.6372437980833072,2.121223798083307,-0.1517562019166927,2.403561979901487,4.418354909183307
2013-06,-0.09725497987375142,0.3037450201262484,-0.25725497987375157,0.07464502012624852,-0.6067549798737515,7.932745020126249,1.8827450201262481,2.2416150201262486,-0.13725497987375146,2.5334450201262486,4.414967242326249
2013-07,0.10504994352383568,0.5880499435238358,-0.04495005647616446,0.2942499435238357,-0.38929788247616437,8.575049943523835,1.9250499435238355,2.4633599435238356,0.07704994352383565,2.705223856567316,4.888383276823836
2013-08,0.046424114777262826,0.47642411477726254,-0.10357588522273753,0.18842411477726273,-0.43857588522273727,7.836424114777262,1.7464241147772626,2.2455341147772625,0.022424114777262805,2.333605932959083,4.4275352258772624
2013-09,0.2850613858481297,0.6970613858481296,0.13506138584812977,0.4280613858481299,-0.16684337615187017,8.09506138584813,1.89506138584813,2.48611138584813,0.2670613858481299,2.36196614775289,4.30395027474813
2013-10,0.23817125868173994,0.6171712586817399,0.08817125868174003,0.4396712586817402,-0.18965482831825997,6.78817125868174,1.69817125868174,2.29582125868174,0.22517125868174004,2.2645190847686996,4.16483792538174
2013-11,0.09341597531999657,0.4294159753199964,-0.046584024680003555,0.27901597531999656,-0.3094411676800035,6.423415975319997,1.5434159753199963,2.1084759753199966,0.06941597531999655,2.1197659753199964,3.710082642019996
2013-12,-0.07087957425050995,0.19412042574949018,-0.21087957425051007,0.08852042574949026,-0.44310179625050994,6.41912042574949,1.23912042574949,1.8731004257494899,-0.08487957425050974,1.8976704257494905,3.03578709244949
2014-01,0.23539644052230546,0.5553964405223057,0.09539644052230556,0.49049644052230557,-0.1386944684776945,6.285396440522305,1.4953964405223057,1.9712664405223057,0.20339644052230543,1.8903964405223057,2.9620631072223054
2014-02,0.06985823822904802,0.5178582382290482,0.03985823822904799,0.37225823822904824,-0.32164176177095194,5.819858238229048,1.3598582382290483,1.7710482382290482,0.010858238229048078,1.6811082382290479,2.5776360160290475
2014-03,0.04788098905205018,0.44188098905204987,0.07788098905204999,0.32808098905204996,-0.31354758194794985,5.07788098905205,1.22788098905205,1.5773109890520502,-0.012119010947949871,1.48988098905205,2.2367698779520504
2014-04,0.049234925049852496,0.4392349250498526,0.11923492504985256,0.3051349250498525,-0.2642650749501476,4.479234925049853,1.1792349250498524,1.5074649250498524,0.12523492504985256,1.3833849250498527,1.9392349250498526
2014-05,0.06208170426608284,0.43708170426608284,0.13208170426608268,0.2841817042660828,-0.23077543873391737,4.822081704266083,1.1520817042660827,1.5653717042660826,0.1510817042660828,1.3755102756946522,2.030970593166083
2014-06,0.21153749844257552,0.38853749844257557,0.13153749844257567,0.27393749844257553,-0.1741767875574245,4.491537498442575,1.0015374984425756,1.4812174984425757,0.1595374984425757,1.2740136889187657,2.0793152762425757
2014-07,0.13168494018404542,0.27568494018404555,0.021684940184045542,0.2224849401840454,-0.22396723381595462,4.761684940184045,0.9416849401840452,1.4552949401840456,0.06868494018404547,1.3326849401840453,2.1083516068840455
2014-08,0.24848191168900113,0.372481911689001,0.14848191168900104,0.3729819116890012,-0.07532761231099894,5.058481911689001,0.9884819116890011,1.601181911689001,0.16848191168900106,1.387881911689001,2.2829263561556674
2014-09,0.16114960332011674,0.2401496033201167,0.07114960332011666,0.2923496033201167,-0.1374867606798832,4.8311496033201164,0.6911496033201168,1.3412796033201166,0.09514960332011668,1.1371950578655667,2.12337182555345
2014-10,0.13616359146700285,0.2151635914670028,0.046163591467002774,0.2947635914670027,-0.17292731753299728,6.296163591467002,0.7761635914670028,1.4600635914670028,0.0681635914670028,1.1474679392930929,2.0861635914670025
2014-11,0.17847604509647264,0.2644760450964727,0.09847604509647268,0.33647604509647255,-0.08252395490352737,7.298476045096472,0.7784760450964727,1.4888360450964728,0.1324760450964727,1.2690260450964725,1.9595871561964726
2014-12,0.1613683363531666,0.2563683363531666,0.24136833635316657,0.2731683363531665,-0.05968429564683342,7.7713683363531665,0.6613683363531666,1.3411683363531666,0.12836833635316658,1.1367367574057965,1.8235905585531662
2015-01,0.14638008311846584,0.3393800831184658,0.2263800831184658,0.28128008311846586,-0.00361991688153418,9.086380083118467,0.8263800831184658,1.3085200831184658,0.12638008311846582,1.1484753212137058,1.7897134164184656
2015-02,0.0708673362343476,0.2638673362343476,0.11086733623434758,0.2256673362343476,-0.06713266376565241,9.350867336234348,0.7508673362343476,1.1876973362343475,0.04686733623434758,1.1439673362343474,1.8875340028676806
2015-03,0.1060704735659288,0.2310704735659288,0.12607047356592882,0.23997047356592882,-0.036656799434071186,10.256070473565929,0.5360704735659289,1.0303004735659287,0.06207047356592882,0.9618886553841087,2.0660704735325957
2015-04,-0.12684625094872853,-0.001846250948728534,-0.1468462509487285,0.01785374905127146,-0.2948462509487285,11.583153749051272,0.31315374905127147,0.9405537490512714,-0.10284625094872851,0.8959037490512716,1.9864870823512715
2015-05,0.11646121051433933,0.24999121051433937,0.10099121051433935,0.2769912105143394,-0.05321931548566061,10.34099121051434,0.6409912105143394,1.2031012105143395,0.14499121051433939,1.1616227894617095,1.8654356549476727
2015-06,0.11097889468085342,0.2531588946808534,0.057158894680853445,0.2429588946808534,-0.16011383231914655,10.477158894680853,0.6971588946808533,1.2463488946808536,0.10115889468085348,1.2811134401354036,1.5927144502475201
2015-07,0.3554905467842282,0.4213605467842281,0.22136054678422812,0.38836054678422816,-0.018639453215771873,9.958550829001493,0.7413605467842281,1.313500546784228,0.25736054678422815,1.3720561989581381,1.8880272134842282
2015-08,0.13975276332213227,0.17994276332213222,-5.7236677867833485e-05,0.1780427633221322,-0.21148580767786773,9.439942763322133,0.46994276332213225,1.0185027633221322,0.032942763322132196,1.1297046680840321,1.754387207788799
2015-09,0.26729147784488205,0.305651477844882,0.24665147784488206,0.3017514778448822,-0.049257613155117896,7.836651477844882,0.6066514778448822,1.216791477844882,0.1626514778448821,1.3274242051176115,1.8288737000782156
2015-10,0.19974238927847876,0.22501238927847877,0.18001238927847885,0.2318123892784788,-0.11180579272152125,7.180012389278478,0.5100123892784787,1.0660723892784787,0.09501238927847877,1.0981942074602988,1.860012389278479
2015-11,0.23898886541353392,0.2596088654135339,0.22960886541353398,0.30460886541353394,-0.06420065858646606,6.829608865413534,0.519608865413534,0.9897888654135338,0.1356088654135339,1.147275532080204,2.055164420980201
2015-12,0.09427019620291399,0.124030196202914,0.09103019620291397,0.16383019620291395,-0.22346980379708603,7.441030196202915,0.3410301962029141,0.809670196202914,-0.014969803797086012,0.916649243821964,2.0121413073362473
2016-01,0.32782036261743347,0.4186103626174335,0.34061036261743355,0.4059103626174336,-0.008889637382566484,8.640610362617434,0.6106103626174335,1.0949103626174335,0.20661036261743354,1.2885603626174336,2.4872770293174336
2016-02,0.30718237295499196,0.49717237295499195,0.311172372954992,0.373572372954992,-0.045970484045008,10.191172372954993,0.771172372954992,1.339672372954992,0.152172372954992,1.5046961824788019,2.785616817421659
2016-03,0.19464805731477808,0.3544080573147781,0.2674080573147781,0.24630805731477812,-0.0911633716852219,8.857408057314778,0.5874080573147781,1.112568057314778,0.057408057314778105,1.288169962076678,2.8196302795481114
2016-04,0.036415339816566306,0.20680533981656635,0.11680533981656632,0.1668053398165663,-0.2089089461834337,8.686805339816566,0.5168053398165663,1.0985753398165663,0.05180533981656632,1.1703291493403762,2.8168053398165664
2016-05,0.1442021011730893,0.32859210117308935,0.2275921011730893,0.2888921011730893,-0.08955075582691069,7.4175921011730885,0.6175921011730893,1.3039121011730892,0.1615921011730893,1.3440921011730893,2.909814323406423
2016-06,0.4320856146642337,0.5314256146642337,0.4344256146642337,0.4945256146642337,0.0876074326642337,8.024425614664233,0.8644256146642337,1.5578856146642337,0.3544256146642337,1.5843801601187837,3.2088700591309003
2016-07,0.3101266897263534,0.3497966897263534,0.2717966897263534,0.3247966897263534,-0.002489024273646584,8.141796689726354,0.6217966897263534,1.3790166897263534,0.2137966897263534,1.3208919278215934,3.2284633564263534
2016-08,0.2245240424906636,0.2646940424906636,0.17769404249066362,0.2690940424906636,-0.014045087509336404,8.307694042490663,0.5176940424906636,1.2940440424906636,0.14469404249066362,1.1319983903167536,3.3443607091906635
2016-09,0.3104615369928412,0.3420515369928412,0.2420515369928412,0.34535153699284116,0.07796062799284119,8.502051536992841,0.5820515369928412,1.4281115369928412,0.2230515369928412,1.2029606279019311,3.5387182036928415
2016-10,0.09776813180341701,0.12405813180341702,0.027058131803417013,0.184058131803417,-0.140941868196583,8.187058131803417,0.357058131803417,1.3075281318034169,0.013058131803417,0.929677179422467,3.383724798503417
2016-11,0.2172935999585348,0.29265359995853474,0.13565359995853477,0.38945359995853474,-0.08525549104146521,7.055653599958535,0.5756535999585348,1.6684335999585347,0.1106535999585348,1.1494717817767148,3.407875822191868
2016-12,0.2763243943432129,0.3568743943432129,0.20187439434321292,0.4960743943432129,-0.006220843656787101,6.681874394343213,0.5818743943432129,1.6280543943432129,0.1778743943432129,1.178541061009883,3.5796521721098795
2017-01,0.07347073850975983,0.19902073850975976,0.0030207385097598127,0.36552073850975986,-0.24607017049024021,6.54302073850976,0.4930207385097598,1.4940907385097597,-0.015979261490240204,0.9693389203279399,3.4963540718097597
2017-02,0.3377019623478373,0.6218519623478374,0.2678519623478373,0.7769519623478371,0.005851962347837303,7.267851962347837,0.8078519623478373,2.099771962347837,0.23385196234783728,1.4508519623478373,3.5245186289811703
2017-03,0.21094762865973443,0.4925976286597344,0.1285976286597344,0.6384976286597344,-0.03314150134026561,6.788597628659734,0.6685976286597344,2.019327628659734,0.10359762865973438,1.3361193677901644,3.178597628626401
2017-04,0.10830793732071442,0.40100793732071444,-0.001992062679285589,0.49940793732071437,-0.1564365066792856,6.318007937320715,0.5280079373207145,1.8750579373207144,0.1160079373207144,1.2357857150984943,2.9613412706207143
2017-05,0.29001287744155674,0.4123128774415568,0.12831287744155678,0.43731287744155684,-0.025323486558443187,5.498312877441557,0.46831287744155675,1.8323328774415568,0.22731287744155676,1.2067219683506467,2.8105350996415566
2017-06,0.013760008016542202,0.08408000801654225,0.019080008016542305,0.12368000801654222,-0.29044380198345776,5.219080008016542,0.1590800080165422,1.5124500080165424,-0.037919991983457746,0.9113981898347223,2.4601911191165424
2017-07,0.1521389457850636,0.25589894578506356,0.1828989457850636,0.25999894578506355,-0.12138676821493638,4.752898945785064,0.2928989457850636,1.6543089457850635,0.11089894578506354,1.0207084695945836,2.2528989457850637
2017-08,0.2215157447821094,0.3413457447821094,0.2653457447821094,0.3261457447821094,-0.03856729821789062,5.165345744782109,0.3453457447821094,1.7252057447821092,0.15734574478210944,1.1002093811457494,2.183123522548776
2017-09,0.07484705399604508,0.17974705399604507,0.06374705399604508,0.18374705399604507,-0.16911008900395486,5.043747053996045,0.18374705399604507,1.5932370539960452,0.015747053996045146,1.025032768281755,1.7893026095293787
2017-10,0.16762990561839775,0.25544990561839764,0.15144990561839766,0.3730499056183977,-0.06605009438160231,5.1514499056183976,0.22144990561839772,1.6352999056183979,0.10244990561839773,1.1761317238002178,1.6047832389183978
2017-11,0.07740806032616276,0.14495806032616276,0.08295806032616282,0.28245806032616283,-0.1288601216738372,4.7829580603261626,0.14295806032616276,1.3518080603261629,0.03095806032616283,1.0517307875988928,1.555180282526163
2017-12,-0.019333087046357722,0.010956912953642317,-0.022043087046357712,0.1542569129536423,-0.2252009820463577,3.9179569129536427,0.017956912953642323,1.2724769129536422,-0.0700430870463577,0.9195884919010122,1.4190680240536422
2018-01,-0.040645519871634894,-0.004875519871634926,-0.039875519871634846,0.14452448012836516,-0.23533006487163488,3.080124480128365,0.20272448012836508,1.274314480128365,-0.0988755198716349,0.763988116492005,1.180124480128365
2018-02,0.12650590676445073,0.2628559067644507,0.1308559067644507,0.27245590676445075,-0.05014409323554925,3.4308559067644504,0.42365590676445075,1.3716359067644506,0.05185590676445073,0.8086559067644508,1.1475225734311174
2018-03,0.2649710628361255,0.3235610628361255,0.1715610628361255,0.28576106283612557,-0.018915127163874446,3.721561062836125,0.45716106283612556,1.4170310628361256,0.07756106283612552,0.8011801104551755,1.2748943961694588
2018-04,0.1338412888502868,0.18332128885028687,0.06132128885028676,0.1476212888502868,-0.1486787111497132,3.411321288850287,0.3148212888502868,1.1446712888502868,0.06132128885028676,0.5896212888502868,1.1613212888502868
2018-05,0.35814290030884993,0.4245329003088499,0.2975329003088499,0.3830329003088499,0.047532900308849935,3.88753290030885,0.5796329003088498,1.7772229003088498,0.26853290030884996,0.9833510821270299,1.39753290030885
2018-06,0.32737431298235803,0.40694431298235806,0.25094431298235803,0.3735443129823581,-0.051912830017641964,4.010944312982358,0.5449443129823581,2.365114312982358,0.18594431298235797,0.993849074887118,1.430944312982358
2018-07,0.14060954910563678,0.22765954910563685,0.07465954910563682,0.21045954910563675,-0.1807949958943632,3.4246595491056366,0.37175954910563674,2.187639549105637,0.018659549105636775,0.8622050036510867,1.3646595491056368
2018-08,0.22539101258192884,0.34309101258192876,0.18809101258192884,0.33289101258192877,-0.08103942241807122,3.8080910125819285,0.4898910125819288,2.789051012581929,0.10109101258192876,1.0004823169297588,1.4614243459152623
2018-09,0.15627231137722575,0.2628723113772258,0.1508723113772258,0.2585723113772258,-0.13862768862277425,3.6608723113772257,0.42357231137722573,2.4493723113772257,0.0418723113772258,0.9326723113772257,1.3375389780438924
2018-10,0.2532631337594261,0.41774313375942607,0.29574313375942607,0.3884431337594261,-0.03516595724057392,3.935743133759426,0.5739431337594261,3.0345831337594262,0.14774313375942605,1.139308351150726,1.4257431337594262
2018-11,0.251017565509935,0.43896756550993504,0.290967565509935,0.393167565509935,-0.054941525490065035,4.050967565509935,0.6136675655099351,3.021047565509935,0.148967565509935,1.213376656419025,1.3754120099432683
2018-12,0.20352698157629806,0.428776981576298,0.23377698157629806,0.381676981576298,-0.12916419442370197,3.963776981576298,0.592776981576298,2.658906981576298,0.08477698157629804,1.109987507892088,1.3126658704429648
2019-01,0.26435252011180965,0.5773925201118097,0.3023925201118097,0.4586925201118097,-0.054880206888190286,4.02239252011181,0.7474925201118098,2.5825025201118095,0.14439252011180972,1.1911652473845395,1.3257258534118097
2019-02,0.2231174790373062,0.4588674790373063,0.1518674790373062,0.3224674790373062,-0.1726325209626938,3.611867479037306,0.6154674790373063,2.584277479037306,0.007867479037306196,1.0528174790373062,1.090756367903973
2019-03,0.3900494349958481,0.5504294349958482,0.4034294349958481,0.4504294349958481,0.0243818159958481,3.773429434995848,0.6817294349958481,2.703279434995848,0.16342943499584808,1.140286577852988,1.1378738794291816
2019-04,0.2381321455445217,0.3908121455445217,0.2638121455445217,0.29561214554452175,-0.1156878544554783,3.3438121455445216,0.4834121455445217,2.5413721455445217,0.11881214554452171,0.9861121455445218,0.8538121455445218
2019-05,0.3698239566911721,0.5387339566911721,0.3817339566911721,0.4353339566911721,-0.0028114983088279033,3.5017339566911723,0.6312339566911721,2.775773956691172,0.2417339566911721,1.0114157748729902,0.8417339566911721
2019-06,0.28894428410474393,0.40689428410474393,0.3088942841047439,0.3378942841047439,-0.05636887389525608,2.928894284104744,0.5252942841047439,2.542634284104744,0.1668942841047439,0.758294284104744,0.7488942841047439
2019-07,0.2868094031654613,0.3874594031654613,0.30045940316546127,0.32065940316546127,0.002198533165461314,2.5504594031654615,0.5259594031654613,2.044359403165461,0.1844594031654613,0.7455898379480703,0.6604594031654614
2019-08,0.2790005405710738,0.3756805405710738,0.30268054057107385,0.30978054057107385,0.003589631571073837,2.632680540571074,0.6021805405710738,2.056330540571074,0.15368054057107383,0.7944532678438008,0.9382360961377405
2019-09,0.21864005933010888,0.2820200593301089,0.22102005933010888,0.2481200593301089,-0.07374184566989117,2.021020059330109,0.5106200593301089,1.4231000593301089,0.09402005933010887,0.7044010117110608,0.8221311704634422
2019-10,0.16712887198956028,0.20955887198956027,0.15455887198956028,0.20895887198956029,-0.10498658301043973,1.7045588719895604,0.3806588719895603,1.3681088719895602,0.05055887198956027,0.5670806111199953,0.6812255386895603
2019-11,0.2112038143639779,0.2553038143639779,0.2173038143639779,0.2774038143639779,-0.05507713763602212,1.657303814363978,0.3695038143639779,1.563243814363978,0.1053038143639779,0.6822561953163588,0.6561927032639778
2019-12,0.09775399235807658,0.1476139923580766,0.11161399235807659,0.1778139923580766,-0.15783045164192339,1.5616139923580765,0.1789139923580766,1.5117239923580765,0.006613992358076581,0.5781139923580766,0.5427251034580767
2020-01,0.31143773983580386,0.37320773983580385,0.32820773983580387,0.3914077398358039,0.08457137583580387,1.738207739835804,0.40230773983580387,1.673197739835804,0.22820773983580386,0.8170713761994399,0.841541073135804
2020-02,0.3145619376432523,0.4459619376432523,0.34196193764325233,0.3917619376432523,0.10596193764325229,1.6419619376432524,0.44076193764325233,1.5274619376432523,0.2369619376432523,0.8461619376432523,1.1241841598432525
2020-03,0.3204517275658404,0.3962217275658404,0.2942217275658404,0.36062172756584043,-0.12714190843415962,2.3842217275658406,0.4829217275658404,1.9654017275658404,0.0882217275658404,0.9235399093840224,1.0753328386658403
2020-04,0.5034788658789732,0.5997088658789732,0.4877088658789732,0.5168088658789732,0.008208865878973182,2.507708865878973,0.6589088658789732,2.256838865878973,0.2397088658789732,1.279408865878973,1.2277088658789732
2020-05,0.2618412288998233,0.39722122889982325,0.23922122889982328,0.32862122889982326,-0.15727877110017668,2.289221228899823,0.4664212288998233,2.121261228899823,0.047221228899823275,1.1070307527093473,0.9925545622331566
2020-06,0.32030011407821857,0.4071601140782186,0.2811601140782186,0.40656011407821857,0.01687440007821861,1.7711601140782187,0.5346601140782186,1.9063601140782187,0.15816011407821862,0.9682510231691277,0.9478267807448852
2020-07,0.24493499283653683,0.3254549928365368,0.28345499283653686,0.34815499283653684,-0.02958848516346313,1.6334549928365367,0.4461549928365368,1.689744992836537,0.1024549928365368,0.8700636884887107,0.8534549928365368
2020-08,0.09081737083638902,0.163767370836389,0.120767370836389,0.199467370836389,-0.15256596216361096,1.450767370836389,0.248867370836389,1.402657370836389,-0.04123262916361098,0.6717673708363889,0.641878481936389
2020-09,0.17800586912767563,0.2493658691276756,0.19536586912767562,0.2883658691276756,-0.028725039872324387,1.5753658691276757,0.3622658691276756,1.4765758691276756,0.0543658691276756,0.7760476873094936,0.6775880913276756
2020-10,0.20548647336548964,0.2584864733654897,0.22348647336548966,0.30768647336548965,-0.0037862536345103504,1.5034864733654896,0.3810864733654897,1.3735564733654897,0.07548647336548964,0.7736682915473077,0.6968198066654897
2020-11,0.13830425442590039,0.1666842544259004,0.1496842544259004,0.22648425442590042,-0.06507765057409964,1.2996842544259004,0.2986842544259004,1.2136742544259005,0.006684254425900371,0.6437794925211385,0.6585731432925671
2020-12,0.14757799215086626,0.18200799215086627,0.1600079921508663,0.23440799215086627,-0.04849200784913377,1.2000079921508662,0.2797079921508663,1.1480179921508662,0.017007992150866236,0.6121898103326845,0.6944524365841996
2021-01,0.11277496399755288,0.1542549639975529,0.13383391099755287,0.2071549639975529,-0.07124503600244714,1.1622549639975528,0.27045496399755287,1.127914963997553,-0.019745036002447147,0.5905049639975529,0.6522549639975529
2021-02,0.04888945114583301,0.033739451145833016,0.028069451145833008,0.09353945114583301,-0.199760548854167,1.0557394511458331,0.190639451145833,0.836149451145833,-0.146260548854167,0.471289451145833,0.484628340045833
2021-03,0.1899500209590494,0.2426500209590494,0.1548065429590494,0.2099500209590494,-0.08613258804095059,1.1886500209590494,0.3062500209590494,0.9826400209590493,-0.05234997904095062,0.5882587166112234,0.6164277987590494
2021-04,0.1391341287779782,0.2239941287779782,0.1007941287779782,0.17309412877797822,-0.1450058712220218,1.0599941287779782,0.26199412877797823,0.9772641287779782,-0.11600587122202177,0.5472441287779782,0.6166607954779781
2021-05,0.2267450531334933,0.3254150531334933,0.19550505313349328,0.3571150531334933,-0.07708494686650672,1.1364150531334933,0.3836150531334933,1.1308750531334932,-0.03958494686650671,0.6629864817049222,0.5119706087001599
2021-06,0.22607753873895042,0.32516753873895043,0.1855008717389504,0.3561675387389504,-0.08546882526104957,1.0131675387389505,0.3818675387389504,1.0777675387389505,-0.03283246126104958,0.6486675387389504,0.4976119831722837
2021-07,0.3096495835232656,0.4118795835232656,0.3442523105232656,0.4339795835232656,-0.011484052476734397,1.1398795835232656,0.4707795835232656,1.1876295835232655,0.05887958352326561,0.7726523107959926,0.6632129168232657
2021-08,0.16798372988196839,0.2579337298819684,0.17787918488196838,0.2774337298819684,-0.14570263411803164,0.9829337298819684,0.3141337298819684,1.0205137298819684,-0.08706627011803159,0.6111610026092413,0.6684892854153017
2021-09,0.0942371538638641,0.1781871538638641,0.0863235178638641,0.2064871538638641,-0.19254011913613592,0.9701871538638641,0.2375871538638641,0.9467671538638641,-0.16881284613613592,0.5004598811365911,0.4979649316305308
2021-10,0.1529117043067128,0.23124170430671281,0.1481259153067128,0.2665417043067128,-0.13504400969328723,1.0292417043067128,0.29164170430671277,1.0241117043067127,-0.1087582956932872,0.5402417043067128,0.4492417043067128
2021-11,0.3412797959956763,0.4200497959956763,0.35434979599567634,0.4530497959956763,0.036413431995676315,1.5700497959956763,0.5376497959956763,1.3597397959956763,0.0820497959956763,0.8267316141774943,0.9144942404290096
2021-12,0.14301970530697392,0.2184997053069739,0.1266597053069739,0.23779970530697392,-0.1957860086930261,1.478499705306974,0.2882997053069739,1.235849705306974,-0.1295002946930261,0.6018178871251558,0.9373885941736406
2022-01,0.153731359675011,0.232441359675011,0.151531359675011,0.286541359675011,-0.142320545324989,1.592441359675011,0.352741359675011,1.318851359675011,-0.125558640324989,0.636965169198821,0.905774692975011
2022-02,0.32391103775669733,0.3748110377566973,0.29563103775669736,0.4633110377566973,-0.0651889622433027,2.244811037756697,0.5599110377566974,1.5784810377566973,0.021811037756697293,0.8969610377566972,1.1348110377233638
2022-03,0.10283948675016663,0.17213948675016666,0.0979568777501666,0.16533948675016663,-0.33612138324983337,1.9921394867501665,0.31143948675016664,1.2359594867501666,-0.27486051324983335,0.6074873128371265,1.1488061533835
2022-04,0.3462252450204397,0.3605552450204397,0.23755524502043968,0.34545524502043956,-0.19312896597956042,1.9505552450204398,0.46265524502043953,1.4961552450204396,-0.08544475497956039,0.7500289292309696,1.2438885783204394
2022-05,0.3166325931655445,0.36036259316554453,0.23232449816554457,0.29856259316554445,-0.2669101338344555,2.3203625931655445,0.4078625931655444,1.7701825931655444,-0.1656374068344555,0.8317262295291843,1.0481403709322108
2022-06,0.5722904975458405,0.6315604975458402,0.5738366875458405,0.5575604975458404,-0.053439502454159626,2.4315604975458402,0.6305604975458403,2.13626049754584,0.32056049754584026,1.1500604975458402,0.8537827197791736
2022-07,0.7728679022474919,0.8714879022474921,0.785345045247492,0.7781879022474921,0.15339266424749198,2.451487902247492,0.815287902247492,2.430277902247492,0.5384879022474921,1.4047259974855923,1.508154568947492
2022-08,0.1088379404771811,0.138617940477181,0.0535222884771811,0.11431794047718102,-0.5370342335228189,1.888617940477181,0.14131794047718094,1.7257479404771812,-0.15738205952281903,0.6044875056945704,1.095284607177181
2022-09,0.3244065196192958,0.31522651961929604,0.286590155619296,0.27482651961929605,-0.33931893538070423,2.3052265196192963,0.283226519619296,2.003666519619296,0.007226519619295768,0.8172719741647461,0.7618931863192957
2022-10,0.6769612508668876,0.6008612508668874,0.6560993458668873,0.5338612508668876,-0.05247208213311261,2.6308612508668876,0.4701612508668873,2.293131250866887,0.2808612508668875,1.0750517270573674,0.8875279175668873
2022-11,0.7091476782051815,0.6560576782051815,0.6974213142051817,0.5891576782051815,0.07242131420518172,2.4260576782051815,0.5401576782051816,2.2485676782051818,0.35705767820518153,1.1110576782051815,1.1649465671051815
2022-12,0.184686423653035,0.14468642365303497,-0.14531357634696507,0.061386423653034594,-0.4700754813469654,1.6646864236530345,0.030886423653034623,1.7012564236530348,-0.12631357634696538,0.555686423653035,0.6357975347530345
2023-01,0.485843170990349,0.46825317099034924,0.4482531709903492,0.36825317099034915,-0.12901955600965076,1.9682531709903492,0.33285317099034906,1.9210431709903495,0.17725317099034932,0.9008895346267094,0.901586504290349
2023-02,0.2842532559812234,0.20060325598122342,0.1806032559812234,0.11330325598122348,-0.3888967440187767,1.5006032559812232,0.09740325598122324,1.5106432559812233,-0.08139674401877661,0.6297032559812235,0.4394921448478901
2023-03,0.6543265960774414,0.6346265960774415,0.5746265960774415,0.5113265960774416,-0.021895142922558453,1.8846265960774415,0.45112659607744154,1.8346265960774417,0.3526265960774415,1.0377135525991816,0.7690710405107746
2023-04,0.5840554569730099,0.6055554569730095,0.5155554569730096,0.4593554569730096,-0.08500009902699013,1.7755554569730094,0.3268554569730098,1.7891154569730094,0.27455545697300954,0.9637221236396791,0.7055554569730096
2023-05,0.6479660266000002,0.6562360266000002,0.5962360266000002,0.5547360266000001,-0.04149124639999968,1.5962360266000002,0.4023360266,1.9289060266,0.3442360266000004,1.0299632993272696,0.8262360266000002
2023-06,0.5379516775999997,0.5429016775999997,0.4929016775999999,0.4248016776000001,-0.1307346864000003,1.2029016775999999,0.27090167759999995,1.5673116776000002,0.24290167759999992,0.8971289503272701,0.7629016775999999
2023-07,0.5814527758999999,0.5965927759,0.5265927758999998,0.49449277589999996,-0.08674055710000017,1.3065927759,0.35559277589999994,1.6138027759,0.29659277589999977,0.9539737282809497,0.7865927759
2023-08,0.6094830550999997,0.6493930551,0.5793930550999997,0.5394930550999999,-0.02495477089999998,1.3093930550999997,0.39379305509999973,1.6504330551000002,0.3463930550999996,1.01661044640435,0.7316152773333333
2023-09,0.4179636740999997,0.4437236740999997,0.37372367409999985,0.36572367409999984,-0.21484775490000008,1.2037236741,0.21072367410000004,1.6366736740999999,0.15972367409999988,0.84462843600476,0.39816811856666634
2023-10,0.6628773092999998,0.6973273092999999,0.6473273093,0.6269273093000001,0.0005091272999999674,1.4773273092999997,0.4492273092999999,2.0623773092999995,0.3843273092999997,1.1285545820272702,0.4239939759999998
2023-11,0.6821779990999999,0.7014979990999999,0.6714979991000001,0.6628979990999997,0.07286163509999977,1.3514979990999998,0.4804979990999998,1.8991079990999995,0.4214979991000001,1.1309070900090896,0.6414979991333332
2023-12,0.5993743001,0.6191143001000001,0.5991143001000001,0.5740143001,0.02121956309999984,1.1991143000999998,0.38391430009999983,1.7399343000999998,0.3411143001000001,1.0601143001,1.0124476334666666
2024-01,0.49379843,0.5441984300000002,0.53419843,0.4706984300000001,-0.09125611499999975,1.0241984300000002,0.3331984300000004,1.54532843,0.24019842999999996,0.9201529754545503,0.7508650967000001
2024-02,0.4127902636999998,0.4698902637,0.40449026369999963,0.3745902636999996,-0.14820497440000002,0.9698902637,0.3002902637,1.3919602636999997,0.1628902636999996,0.7924140732238092,0.5843347081666663
2024-03,0.49356451199999984,0.5500645120000001,0.4894245119999998,0.4636645119999998,-0.01043548800000016,1.010064512,0.3940645119999999,1.335854512,0.256064512,0.8296645119999999,0.7522867342333335
2024-04,0.34922951450000017,0.3731295145,0.3069771335000002,0.3380295145000001,-0.19115619979999998,0.8531295145000004,0.2509295145000001,1.2187695145000004,0.08112951450000017,0.6446533240238108,0.5231295145000003
2024-05,0.3145412487999999,0.35844124880000017,0.3032793438000003,0.32944124880000025,-0.1820132967000001,0.8484412487999999,0.21254124880000003,1.1422612488000001,0.1274412488000003,0.59735429227826,0.3784412488000002
2024-06,0.5364893202000003,0.6180893202000002,0.5483630042000001,0.6474893202,-0.017410679799999773,1.1480893202,0.42678932020000016,1.4399793202,0.32008932020000014,0.8541393202000003,0.4980893202000001
2024-07,0.6485296864999999,0.7309296865000001,0.6731470774999999,0.8256296865000001,0.1291905561000002,1.1709296865,0.5296296864999999,1.5010796865000002,0.4359296865000002,0.9513209908478295,0.5909296865
2024-08,0.3737702331000001,0.44117023310000025,0.3884247781000001,0.5792702331000004,-0.1811024941999997,0.9211702331000002,0.2481702331000002,1.2931602331,0.14217023310000032,0.6822156876454502,0.4689480108666668
2024-09,0.4527132615999996,0.5532132615999998,0.4808227856,0.6758132615999997,-0.06964388130000021,0.9532132615999998,0.3089132615999999,1.3286832615999997,0.23221326159999967,0.7588799282666696,0.5587688171333332
2024-10,0.2228544419999996,0.31905444199999966,0.22612400699999968,0.47735444199999977,-0.2913803406000004,0.639054442,0.06785444199999979,0.9801144419999996,0.012054441999999721,0.44666313765216925,0.21238777529999986
2024-11,0.5868753516999998,0.7347753516999997,0.6280353516999999,0.9007753516999997,0.12048963739999996,1.0047753516999998,0.4409753516999997,1.3836353516999997,0.3817753517,0.8703943993190499,0.6592197961333333
2024-12,0.17299616319999966,0.35269616319999963,0.19797851619999962,0.5690961631999998,-0.2684149479000002,0.6026961631999996,0.04329616319999996,0.8735661632,-0.0003038368000001235,0.44334616319999975,0.5082517187666666
2025-01,0.3780701514000002,0.5695701514000002,0.41495110339999997,0.7836701514,-0.0467934849999998,0.8195701514000002,0.2585701514000003,1.1455101514000003,0.20157015140000034,0.6427519695818202,0.5362368181000003
2025-02,0.3894378920999997,0.5407378920999997,0.35166789210000005,0.6833378921,-0.06376210790000014,0.8207378920999999,0.24713789210000003,1.1061478921,0.1597378920999999,0.6305878920999999,0.5985156698999998
2025-03,0.36727099490000015,0.5382709949,0.33477575690000005,0.6966709949000003,-0.040300433699999694,0.8182709949000002,0.2669709949000003,1.1054009949,0.15427099490000007,0.6074614710904802,0.28715988380000024
2025-04,0.4245499628,0.5824499628000002,0.3827199628,0.7377499628000002,-0.047050037200000006,0.8824499628,0.34054996279999994,1.1539599628000001,0.15544996280000012,0.6715499627999999,0.5124499627999999
2025-05,0.3698377755000002,0.5299377755000001,0.34158777549999986,0.6505377755000001,-0.04720508160000003,0.7599377755000001,0.27763777550000013,1.0189377755,0.1859377754999998,0.5988468664090894,0.4754933310666667
2025-06,0.2651153756000002,0.4108153755999999,0.22081537559999997,0.5570153756000003,-0.16013700539999975,0.6108153756000001,0.17101537560000013,0.8218153756,0.07781537560000018,0.48824394702856955,0.4219264867333332
2025-07,0.2506395308,0.44693953079999993,0.28147866079999995,0.5841395307999999,-0.13175612140000004,0.5969395307999998,0.16013953079999999,0.7739395307999999,0.08093953079999983,0.4800264873217399,0.3536061975
2025-08,0.23981554230000013,0.4445155423,0.3051631612999999,0.6201155423000002,-0.11215112439999997,0.5845155423000001,0.1593155422999999,0.7525155422999998,0.09451554229999992,0.4711345899190502,0.3122933201000002
2025-09,0.2457261206000001,0.4813261205999999,0.3113356446000002,0.7385261206,-0.08549206120000008,0.6113261206000002,0.1673261206000003,0.7803261206000003,0.10432612060000013,0.48755339332726955,0.3002150095
2025-10,0.2135973149999999,0.4683973149999998,0.2908755759999999,0.7160973149999998,-0.10377659800000005,0.5783973149999997,0.14909731499999967,0.720397315,0.0723973149999999,0.4297886193478293,0.3383973149999999
2025-11,0.19671425969999978,0.43621425969999983,0.26032925969999976,0.6648142597,-0.11628574029999994,0.5262142596999997,0.12291425969999992,0.6852142596999999,0.057214259699999825,0.4050142596999997,0.34288092636666656
2025-12,0.1493513756999998,0.3719513756999997,0.21619537569999991,0.6061513756999997,-0.13383809800000002,0.4919513756999998,0.06515137569999974,0.6039513756999999,0.01995137569999983,0.32385613760475973,0.2252847090333332
