"DATE","TIME PERIOD","Total assets of MFIs excluding NCB, Stocks (BSI.M.AT.N.A.T00.A.1.Z5.0000.Z01.E)"
"1997-09-30","1997Sep","415054.00"
"1997-10-31","1997Oct","410533.00"
"1997-11-30","1997Nov","410001.00"
"1997-12-31","1997Dec","411520.00"
"1998-01-31","1998Jan","418188.00"
"1998-02-28","1998Feb","420176.00"
"1998-03-31","1998Mar","426612.00"
"1998-04-30","1998Apr","426999.00"
"1998-05-31","1998May","429170.00"
"1998-06-30","1998Jun","434129.00"
"1998-07-31","1998Jul","429002.00"
"1998-08-31","1998Aug","433001.00"
"1998-09-30","1998Sep","439427.00"
"1998-10-31","1998Oct","445063.00"
"1998-11-30","1998Nov","444667.00"
"1998-12-31","1998Dec","452235.00"
"1999-01-31","1999Jan","461136.00"
"1999-02-28","1999Feb","460593.00"
"1999-03-31","1999Mar","460923.00"
"1999-04-30","1999Apr","461107.00"
"1999-05-31","1999May","462769.00"
"1999-06-30","1999Jun","467667.00"
"1999-07-31","1999Jul","466972.00"
"1999-08-31","1999Aug","470758.00"
"1999-09-30","1999Sep","481000.00"
"1999-10-31","1999Oct","487230.00"
"1999-11-30","1999Nov","494867.00"
"1999-12-31","1999Dec","486709.00"
"2000-01-31","2000Jan","498269.00"
"2000-02-29","2000Feb","494000.00"
"2000-03-31","2000Mar","506698.00"
"2000-04-30","2000Apr","513524.00"
"2000-05-31","2000May","515477.00"
"2000-06-30","2000Jun","521880.00"
"2000-07-31","2000Jul","528641.00"
"2000-08-31","2000Aug","532201.00"
"2000-09-30","2000Sep","536549.00"
"2000-10-31","2000Oct","543946.00"
"2000-11-30","2000Nov","535586.00"
"2000-12-31","2000Dec","527933.00"
"2001-01-31","2001Jan","533083.00"
"2001-02-28","2001Feb","535746.00"
"2001-03-31","2001Mar","544023.00"
"2001-04-30","2001Apr","540193.00"
"2001-05-31","2001May","545913.00"
"2001-06-30","2001Jun","552005.00"
"2001-07-31","2001Jul","548196.00"
"2001-08-31","2001Aug","546015.00"
"2001-09-30","2001Sep","554899.00"
"2001-10-31","2001Oct","557584.00"
"2001-11-30","2001Nov","563920.00"
"2001-12-31","2001Dec","573384.00"
"2002-01-31","2002Jan","573435.00"
"2002-02-28","2002Feb","570555.00"
"2002-03-31","2002Mar","573812.00"
"2002-04-30","2002Apr","568758.00"
"2002-05-31","2002May","569552.00"
"2002-06-30","2002Jun","572943.00"
"2002-07-31","2002Jul","570733.00"
"2002-08-31","2002Aug","555296.00"
"2002-09-30","2002Sep","562110.00"
"2002-10-31","2002Oct","560067.00"
"2002-11-30","2002Nov","558582.00"
"2002-12-31","2002Dec","554528.00"
"2003-01-31","2003Jan","553021.00"
"2003-02-28","2003Feb","558200.00"
"2003-03-31","2003Mar","565565.00"
"2003-04-30","2003Apr","565037.00"
"2003-05-31","2003May","565658.00"
"2003-06-30","2003Jun","573544.00"
"2003-07-31","2003Jul","572863.00"
"2003-08-31","2003Aug","579102.00"
"2003-09-30","2003Sep","587230.00"
"2003-10-31","2003Oct","588887.00"
"2003-11-30","2003Nov","588979.00"
"2003-12-31","2003Dec","586459.00"
"2004-01-31","2004Jan","591001.00"
"2004-02-29","2004Feb","595089.00"
"2004-03-31","2004Mar","606158.00"
"2004-04-30","2004Apr","607849.00"
"2004-05-31","2004May","612374.00"
"2004-06-30","2004Jun","616898.00"
"2004-07-31","2004Jul","619435.00"
"2004-08-31","2004Aug","620453.00"
"2004-09-30","2004Sep","629365.00"
"2004-10-31","2004Oct","627488.00"
"2004-11-30","2004Nov","633029.00"
"2004-12-31","2004Dec","635348.00"
"2005-01-31","2005Jan","640457.00"
"2005-02-28","2005Feb","647113.00"
"2005-03-31","2005Mar","657597.00"
"2005-04-30","2005Apr","660333.00"
"2005-05-31","2005May","666311.00"
"2005-06-30","2005Jun","688825.00"
"2005-07-31","2005Jul","691977.00"
"2005-08-31","2005Aug","692107.00"
"2005-09-30","2005Sep","706597.00"
"2005-10-31","2005Oct","700932.00"
"2005-11-30","2005Nov","709009.00"
"2005-12-31","2005Dec","719263.00"
"2006-01-31","2006Jan","730508.00"
"2006-02-28","2006Feb","736664.00"
"2006-03-31","2006Mar","749298.00"
"2006-04-30","2006Apr","752215.00"
"2006-05-31","2006May","755170.00"
"2006-06-30","2006Jun","756468.00"
"2006-07-31","2006Jul","754616.00"
"2006-08-31","2006Aug","753442.00"
"2006-09-30","2006Sep","770591.00"
"2006-10-31","2006Oct","780880.00"
"2006-11-30","2006Nov","783054.00"
"2006-12-31","2006Dec","787509.00"
"2007-01-31","2007Jan","796908.00"
"2007-02-28","2007Feb","807620.00"
"2007-03-31","2007Mar","820357.00"
"2007-04-30","2007Apr","825136.00"
"2007-05-31","2007May","829748.00"
"2007-06-30","2007Jun","847602.00"
"2007-07-31","2007Jul","846658.00"
"2007-08-31","2007Aug","855254.00"
"2007-09-30","2007Sep","858995.00"
"2007-10-31","2007Oct","867564.00"
"2007-11-30","2007Nov","874182.00"
"2007-12-31","2007Dec","884733.00"
"2008-01-31","2008Jan","902071.00"
"2008-02-29","2008Feb","911867.00"
"2008-03-31","2008Mar","917240.00"
"2008-04-30","2008Apr","926064.00"
"2008-05-31","2008May","930386.00"
"2008-06-30","2008Jun","954624.00"
"2008-07-31","2008Jul","947944.00"
"2008-08-31","2008Aug","969058.00"
"2008-09-30","2008Sep","1049578.00"
"2008-10-31","2008Oct","1062184.00"
"2008-11-30","2008Nov","1057672.00"
"2008-12-31","2008Dec","1060157.00"
"2009-01-31","2009Jan","1070506.00"
"2009-02-28","2009Feb","1066908.00"
"2009-03-31","2009Mar","1055388.00"
"2009-04-30","2009Apr","1061540.00"
"2009-05-31","2009May","1049078.00"
"2009-06-30","2009Jun","1047829.00"
"2009-07-31","2009Jul","1042021.00"
"2009-08-31","2009Aug","1048706.00"
"2009-09-30","2009Sep","1042409.00"
"2009-10-31","2009Oct","1032470.00"
"2009-11-30","2009Nov","1026862.00"
"2009-12-31","2009Dec","1030168.00"
"2010-01-31","2010Jan","1031076.00"
"2010-02-28","2010Feb","1020327.00"
"2010-03-31","2010Mar","1019283.00"
"2010-04-30","2010Apr","1015703.00"
"2010-05-31","2010May","1023152.00"
"2010-06-30","2010Jun","1028939.00"
"2010-07-31","2010Jul","1000890.00"
"2010-08-31","2010Aug","1008124.00"
"2010-09-30","2010Sep","984745.00"
"2010-10-31","2010Oct","1007806.00"
"2010-11-30","2010Nov","1017366.00"
"2010-12-31","2010Dec","978758.00"
"2011-01-31","2011Jan","994064.00"
"2011-02-28","2011Feb","1000284.00"
"2011-03-31","2011Mar","988642.00"
"2011-04-30","2011Apr","995132.00"
"2011-05-31","2011May","997201.00"
"2011-06-30","2011Jun","992535.00"
"2011-07-31","2011Jul","1005690.00"
"2011-08-31","2011Aug","1002566.00"
"2011-09-30","2011Sep","1008581.00"
"2011-10-31","2011Oct","1009836.00"
"2011-11-30","2011Nov","995269.00"
"2011-12-31","2011Dec","1010102.00"
"2012-01-31","2012Jan","1008278.00"
"2012-02-29","2012Feb","1003530.00"
"2012-03-31","2012Mar","1011114.00"
"2012-04-30","2012Apr","1013003.00"
"2012-05-31","2012May","1017163.00"
"2012-06-30","2012Jun","1008945.00"
"2012-07-31","2012Jul","1010143.00"
"2012-08-31","2012Aug","1003342.00"
"2012-09-30","2012Sep","995695.00"
"2012-10-31","2012Oct","987817.00"
"2012-11-30","2012Nov","983388.00"
"2012-12-31","2012Dec","974899.00"
"2013-01-31","2013Jan","968431.00"
"2013-02-28","2013Feb","962075.00"
"2013-03-31","2013Mar","947611.00"
"2013-04-30","2013Apr","953048.00"
"2013-05-31","2013May","956053.00"
"2013-06-30","2013Jun","941926.00"
"2013-07-31","2013Jul","930309.00"
"2013-08-31","2013Aug","929573.00"
"2013-09-30","2013Sep","921520.00"
"2013-10-31","2013Oct","925778.00"
"2013-11-30","2013Nov","928042.00"
"2013-12-31","2013Dec","913617.00"
"2014-01-31","2014Jan","924602.00"
"2014-02-28","2014Feb","921165.00"
"2014-03-31","2014Mar","910550.00"
"2014-04-30","2014Apr","920874.00"
"2014-05-31","2014May","922286.00"
"2014-06-30","2014Jun","908426.00"
"2014-07-31","2014Jul","916915.00"
"2014-08-31","2014Aug","919708.00"
"2014-09-30","2014Sep","913205.00"
"2014-10-31","2014Oct","903908.00"
"2014-11-30","2014Nov","904551.00"
"2014-12-31","2014Dec","876046.00"
"2015-01-31","2015Jan","902556.00"
"2015-02-28","2015Feb","896186.00"
"2015-03-31","2015Mar","884140.00"
"2015-04-30","2015Apr","887114.00"
"2015-05-31","2015May","887781.00"
"2015-06-30","2015Jun","867715.00"
"2015-07-31","2015Jul","871633.00"
"2015-08-31","2015Aug","866359.00"
"2015-09-30","2015Sep","858011.00"
"2015-10-31","2015Oct","868059.00"
"2015-11-30","2015Nov","870202.00"
"2015-12-31","2015Dec","854229.00"
"2016-01-31","2016Jan","863148.00"
"2016-02-29","2016Feb","867866.00"
"2016-03-31","2016Mar","856806.00"
"2016-04-30","2016Apr","863797.00"
"2016-05-31","2016May","861085.00"
"2016-06-30","2016Jun","849966.00"
"2016-07-31","2016Jul","854704.00"
"2016-08-31","2016Aug","852665.00"
"2016-09-30","2016Sep","840316.00"
"2016-10-31","2016Oct","853380.00"
"2016-11-30","2016Nov","846863.00"
"2016-12-31","2016Dec","840099.00"
"2017-01-31","2017Jan","850243.00"
"2017-02-28","2017Feb","850207.00"
"2017-03-31","2017Mar","847369.00"
"2017-04-30","2017Apr","857832.00"
"2017-05-31","2017May","855477.00"
"2017-06-30","2017Jun","845411.00"
"2017-07-31","2017Jul","845711.00"
"2017-08-31","2017Aug","844866.00"
"2017-09-30","2017Sep","825285.00"
"2017-10-31","2017Oct","834632.00"
"2017-11-30","2017Nov","830300.00"
"2017-12-31","2017Dec","810658.00"
"2018-01-31","2018Jan","832460.00"
"2018-02-28","2018Feb","834882.00"
"2018-03-31","2018Mar","822499.00"
"2018-04-30","2018Apr","834794.00"
"2018-05-31","2018May","835599.00"
"2018-06-30","2018Jun","827177.00"
"2018-07-31","2018Jul","835222.00"
"2018-08-31","2018Aug","839220.00"
"2018-09-30","2018Sep","829791.00"
"2018-10-31","2018Oct","847253.00"
"2018-11-30","2018Nov","851439.00"
"2018-12-31","2018Dec","839608.00"
"2019-01-31","2019Jan","858984.00"
"2019-02-28","2019Feb","860595.00"
"2019-03-31","2019Mar","858942.00"
"2019-04-30","2019Apr","867552.00"
"2019-05-31","2019May","871887.00"
"2019-06-30","2019Jun","863381.00"
"2019-07-31","2019Jul","873351.00"
"2019-08-31","2019Aug","879181.00"
"2019-09-30","2019Sep","874115.00"
"2019-10-31","2019Oct","885651.00"
"2019-11-30","2019Nov","889704.00"
"2019-12-31","2019Dec","872258.00"
"2020-01-31","2020Jan","896715.00"
"2020-02-29","2020Feb","905178.00"
"2020-03-31","2020Mar","901172.00"
"2020-04-30","2020Apr","914302.00"
"2020-05-31","2020May","918675.00"
"2020-06-30","2020Jun","944793.00"
"2020-07-31","2020Jul","961507.00"
"2020-08-31","2020Aug","953740.00"
"2020-09-30","2020Sep","952004.00"
"2020-10-31","2020Oct","973750.00"
"2020-11-30","2020Nov","976683.00"
"2020-12-31","2020Dec","963710.00"
"2021-01-31","2021Jan","977416.00"
"2021-02-28","2021Feb","968166.00"
"2021-03-31","2021Mar","986727.00"
"2021-04-30","2021Apr","1002434.00"
"2021-05-31","2021May","993927.00"
"2021-06-30","2021Jun","987718.00"
"2021-07-31","2021Jul","1010334.00"
"2021-08-31","2021Aug","1009840.00"
"2021-09-30","2021Sep","991668.00"
"2021-10-31","2021Oct","1022848.00"
"2021-11-30","2021Nov","1019785.00"
"2021-12-31","2021Dec","1000050.00"
"2022-01-31","2022Jan","1033008.00"
"2022-02-28","2022Feb","1040114.00"
"2022-03-31","2022Mar","1009229.00"
"2022-04-30","2022Apr","1056889.00"
"2022-05-31","2022May","1043671.00"
"2022-06-30","2022Jun","1038073.00"
"2022-07-31","2022Jul","1054062.00"
"2022-08-31","2022Aug","1061566.00"
"2022-09-30","2022Sep","1071610.00"
"2022-10-31","2022Oct","1108507.00"
"2022-11-30","2022Nov","1066624.00"
"2022-12-31","2022Dec","1016019.00"
"2023-01-31","2023Jan","1052759.00"
"2023-02-28","2023Feb","1063524.00"
"2023-03-31","2023Mar","1044330.00"
"2023-04-30","2023Apr","1067100.00"
"2023-05-31","2023May","1054454.00"
"2023-06-30","2023Jun","1026958.00"
"2023-07-31","2023Jul","1032496.00"
"2023-08-31","2023Aug","1038448.00"
"2023-09-30","2023Sep","1026464.00"
"2023-10-31","2023Oct","1040947.00"
"2023-11-30","2023Nov","1034995.00"
"2023-12-31","2023Dec","1012133.00"
"2024-01-31","2024Jan","1048879.00"
"2024-02-29","2024Feb","1046412.00"
"2024-03-31","2024Mar","1038576.00"
"2024-04-30","2024Apr","1050679.00"
"2024-05-31","2024May","1048448.00"
"2024-06-30","2024Jun","1025875.00"
"2024-07-31","2024Jul","1034811.00"
"2024-08-31","2024Aug","1041557.00"
"2024-09-30","2024Sep","1020783.00"
"2024-10-31","2024Oct","1049683.00"
"2024-11-30","2024Nov","1048735.00"
"2024-12-31","2024Dec","1033180.00"
"2025-01-31","2025Jan","1066385.00"
"2025-02-28","2025Feb","1067602.00"
"2025-03-31","2025Mar","1036128.00"
"2025-04-30","2025Apr","1068812.00"
"2025-05-31","2025May","1062767.00"
"2025-06-30","2025Jun","1037985.00"
"2025-07-31","2025Jul","1055664.00"
"2025-08-31","2025Aug","1050279.00"
"2025-09-30","2025Sep","1034853.00"
"2025-10-31","2025Oct","1064895.00"
"2025-11-30","2025Nov","1057879.00"
"2025-12-31","2025Dec","1045009.00"
"2026-01-31","2026Jan","1074877.00"
"2026-02-28","2026Feb","1074447.00"
"2026-03-31","2026Mar","1059208.00"
"2026-04-30","2026Apr","1086422.00"
