"DATE","TIME PERIOD","Total assets of MFIs excluding NCB, Stocks (BSI.M.FR.N.A.T00.A.1.Z5.0000.Z01.E)"
"1997-09-30","1997Sep","3147124.00"
"1997-10-31","1997Oct","3169187.00"
"1997-11-30","1997Nov","3218788.00"
"1997-12-31","1997Dec","3189583.00"
"1998-01-31","1998Jan","3267523.00"
"1998-02-28","1998Feb","3278284.00"
"1998-03-31","1998Mar","3271074.00"
"1998-04-30","1998Apr","3304761.00"
"1998-05-31","1998May","3266559.00"
"1998-06-30","1998Jun","3286217.00"
"1998-07-31","1998Jul","3303354.00"
"1998-08-31","1998Aug","3280419.00"
"1998-09-30","1998Sep","3327345.00"
"1998-10-31","1998Oct","3359265.00"
"1998-11-30","1998Nov","3357388.00"
"1998-12-31","1998Dec","3265267.00"
"1999-01-31","1999Jan","3548806.00"
"1999-02-28","1999Feb","3527231.00"
"1999-03-31","1999Mar","3541186.00"
"1999-04-30","1999Apr","3537452.00"
"1999-05-31","1999May","3504986.00"
"1999-06-30","1999Jun","3552975.00"
"1999-07-31","1999Jul","3526510.00"
"1999-08-31","1999Aug","3500876.00"
"1999-09-30","1999Sep","3487501.00"
"1999-10-31","1999Oct","3536492.00"
"1999-11-30","1999Nov","3627941.00"
"1999-12-31","1999Dec","3627119.00"
"2000-01-31","2000Jan","3621261.00"
"2000-02-29","2000Feb","3676891.00"
"2000-03-31","2000Mar","3742037.00"
"2000-04-30","2000Apr","3758479.00"
"2000-05-31","2000May","3764598.00"
"2000-06-30","2000Jun","3712308.00"
"2000-07-31","2000Jul","3728643.00"
"2000-08-31","2000Aug","3791151.00"
"2000-09-30","2000Sep","3729169.00"
"2000-10-31","2000Oct","3751985.00"
"2000-11-30","2000Nov","3734649.00"
"2000-12-31","2000Dec","3736616.00"
"2001-01-31","2001Jan","3901019.00"
"2001-02-28","2001Feb","3894547.00"
"2001-03-31","2001Mar","3939837.00"
"2001-04-30","2001Apr","3960907.00"
"2001-05-31","2001May","3984472.00"
"2001-06-30","2001Jun","4008565.00"
"2001-07-31","2001Jul","3989226.00"
"2001-08-31","2001Aug","3992378.00"
"2001-09-30","2001Sep","3993551.00"
"2001-10-31","2001Oct","4051997.00"
"2001-11-30","2001Nov","4062761.00"
"2001-12-31","2001Dec","4050400.00"
"2002-01-31","2002Jan","4097693.00"
"2002-02-28","2002Feb","4076783.00"
"2002-03-31","2002Mar","4107533.00"
"2002-04-30","2002Apr","4136973.00"
"2002-05-31","2002May","4138632.00"
"2002-06-30","2002Jun","4131776.00"
"2002-07-31","2002Jul","4142900.00"
"2002-08-31","2002Aug","4101788.00"
"2002-09-30","2002Sep","4182039.00"
"2002-10-31","2002Oct","4199602.00"
"2002-11-30","2002Nov","4243773.00"
"2002-12-31","2002Dec","4161732.00"
"2003-01-31","2003Jan","4209240.00"
"2003-02-28","2003Feb","4251830.00"
"2003-03-31","2003Mar","4234627.00"
"2003-04-30","2003Apr","4307081.00"
"2003-05-31","2003May","4375837.00"
"2003-06-30","2003Jun","4320308.00"
"2003-07-31","2003Jul","4365866.00"
"2003-08-31","2003Aug","4374705.00"
"2003-09-30","2003Sep","4346917.00"
"2003-10-31","2003Oct","4354227.00"
"2003-11-30","2003Nov","4409164.00"
"2003-12-31","2003Dec","4351467.00"
"2004-01-31","2004Jan","4514892.00"
"2004-02-29","2004Feb","4570370.00"
"2004-03-31","2004Mar","4546464.00"
"2004-04-30","2004Apr","4709068.00"
"2004-05-31","2004May","4642713.00"
"2004-06-30","2004Jun","4653835.00"
"2004-07-31","2004Jul","4696840.00"
"2004-08-31","2004Aug","4711256.00"
"2004-09-30","2004Sep","4691465.00"
"2004-10-31","2004Oct","4759552.00"
"2004-11-30","2004Nov","4787094.00"
"2004-12-31","2004Dec","4783758.00"
"2005-01-31","2005Jan","4865910.00"
"2005-02-28","2005Feb","4925187.00"
"2005-03-31","2005Mar","4933341.00"
"2005-04-30","2005Apr","5066487.00"
"2005-05-31","2005May","5135603.00"
"2005-06-30","2005Jun","5125615.00"
"2005-07-31","2005Jul","5203374.00"
"2005-08-31","2005Aug","5185865.00"
"2005-09-30","2005Sep","5209131.00"
"2005-10-31","2005Oct","5324823.00"
"2005-11-30","2005Nov","5604864.00"
"2005-12-31","2005Dec","5471901.00"
"2006-01-31","2006Jan","5665346.00"
"2006-02-28","2006Feb","5735255.00"
"2006-03-31","2006Mar","5727657.00"
"2006-04-30","2006Apr","5859955.00"
"2006-05-31","2006May","5953718.00"
"2006-06-30","2006Jun","5795529.00"
"2006-07-31","2006Jul","5885952.00"
"2006-08-31","2006Aug","5911666.00"
"2006-09-30","2006Sep","6051968.00"
"2006-10-31","2006Oct","6099464.00"
"2006-11-30","2006Nov","6214536.00"
"2006-12-31","2006Dec","6172270.00"
"2007-01-31","2007Jan","6379889.00"
"2007-02-28","2007Feb","6449544.00"
"2007-03-31","2007Mar","6621646.00"
"2007-04-30","2007Apr","6727585.00"
"2007-05-31","2007May","6809094.00"
"2007-06-30","2007Jun","6878906.00"
"2007-07-31","2007Jul","6929866.00"
"2007-08-31","2007Aug","6877633.00"
"2007-09-30","2007Sep","6952278.00"
"2007-10-31","2007Oct","7112416.00"
"2007-11-30","2007Nov","7209397.00"
"2007-12-31","2007Dec","7120413.00"
"2008-01-31","2008Jan","7338452.00"
"2008-02-29","2008Feb","7352354.00"
"2008-03-31","2008Mar","7354732.00"
"2008-04-30","2008Apr","7331249.00"
"2008-05-31","2008May","7436732.00"
"2008-06-30","2008Jun","7315879.00"
"2008-07-31","2008Jul","7352428.00"
"2008-08-31","2008Aug","7356905.00"
"2008-09-30","2008Sep","7437494.00"
"2008-10-31","2008Oct","7904837.00"
"2008-11-30","2008Nov","7975893.00"
"2008-12-31","2008Dec","7710574.00"
"2009-01-31","2009Jan","7958384.00"
"2009-02-28","2009Feb","7862068.00"
"2009-03-31","2009Mar","7629081.00"
"2009-04-30","2009Apr","7731832.00"
"2009-05-31","2009May","7599017.00"
"2009-06-30","2009Jun","7797976.00"
"2009-07-31","2009Jul","7877380.00"
"2009-08-31","2009Aug","7804531.00"
"2009-09-30","2009Sep","7711234.00"
"2009-10-31","2009Oct","7724824.00"
"2009-11-30","2009Nov","7811962.00"
"2009-12-31","2009Dec","7656744.00"
"2010-01-31","2010Jan","7832974.00"
"2010-02-28","2010Feb","7950476.00"
"2010-03-31","2010Mar","7959240.00"
"2010-04-30","2010Apr","8164490.00"
"2010-05-31","2010May","8394497.00"
"2010-06-30","2010Jun","8190512.00"
"2010-07-31","2010Jul","8147765.00"
"2010-08-31","2010Aug","8343212.00"
"2010-09-30","2010Sep","8151012.00"
"2010-10-31","2010Oct","8058925.00"
"2010-11-30","2010Nov","8082486.00"
"2010-12-31","2010Dec","7827084.00"
"2011-01-31","2011Jan","7873603.00"
"2011-02-28","2011Feb","7905292.00"
"2011-03-31","2011Mar","7675268.00"
"2011-04-30","2011Apr","7814386.00"
"2011-05-31","2011May","7918977.00"
"2011-06-30","2011Jun","7797613.00"
"2011-07-31","2011Jul","7980168.00"
"2011-08-31","2011Aug","8189069.00"
"2011-09-30","2011Sep","8445294.00"
"2011-10-31","2011Oct","8435822.00"
"2011-11-30","2011Nov","8361872.00"
"2011-12-31","2011Dec","8398744.00"
"2012-01-31","2012Jan","8452438.00"
"2012-02-29","2012Feb","8475215.00"
"2012-03-31","2012Mar","8454275.00"
"2012-04-30","2012Apr","8506735.00"
"2012-05-31","2012May","8804141.00"
"2012-06-30","2012Jun","8636646.00"
"2012-07-31","2012Jul","8755623.00"
"2012-08-31","2012Aug","8634834.00"
"2012-09-30","2012Sep","8563843.00"
"2012-10-31","2012Oct","8195765.00"
"2012-11-30","2012Nov","8285768.00"
"2012-12-31","2012Dec","8075875.00"
"2013-01-31","2013Jan","8478381.00"
"2013-02-28","2013Feb","8564989.00"
"2013-03-31","2013Mar","8547780.00"
"2013-04-30","2013Apr","8689735.00"
"2013-05-31","2013May","8600076.00"
"2013-06-30","2013Jun","8406401.00"
"2013-07-31","2013Jul","8384076.00"
"2013-08-31","2013Aug","8364811.00"
"2013-09-30","2013Sep","8228509.00"
"2013-10-31","2013Oct","8287251.00"
"2013-11-30","2013Nov","8261918.00"
"2013-12-31","2013Dec","7881631.00"
"2014-01-31","2014Jan","8036907.00"
"2014-02-28","2014Feb","8033212.00"
"2014-03-31","2014Mar","7956223.00"
"2014-04-30","2014Apr","8056774.00"
"2014-05-31","2014May","8091475.00"
"2014-06-30","2014Jun","7996377.00"
"2014-07-31","2014Jul","8100340.00"
"2014-08-31","2014Aug","8155486.00"
"2014-09-30","2014Sep","8131930.00"
"2014-10-31","2014Oct","8110742.00"
"2014-11-30","2014Nov","8266761.00"
"2014-12-31","2014Dec","8176956.00"
"2015-01-31","2015Jan","8540391.00"
"2015-02-28","2015Feb","8579083.00"
"2015-03-31","2015Mar","8543898.00"
"2015-04-30","2015Apr","8552304.00"
"2015-05-31","2015May","8477741.00"
"2015-06-30","2015Jun","8183745.00"
"2015-07-31","2015Jul","8395752.00"
"2015-08-31","2015Aug","8342958.00"
"2015-09-30","2015Sep","8175647.00"
"2015-10-31","2015Oct","8361287.00"
"2015-11-30","2015Nov","8416227.00"
"2015-12-31","2015Dec","8150044.00"
"2016-01-31","2016Jan","8365065.00"
"2016-02-29","2016Feb","8419785.00"
"2016-03-31","2016Mar","8294984.00"
"2016-04-30","2016Apr","8523911.00"
"2016-05-31","2016May","8612271.00"
"2016-06-30","2016Jun","8519607.00"
"2016-07-31","2016Jul","8579837.00"
"2016-08-31","2016Aug","8605017.00"
"2016-09-30","2016Sep","8439282.00"
"2016-10-31","2016Oct","8611607.00"
"2016-11-30","2016Nov","8685862.00"
"2016-12-31","2016Dec","8331735.00"
"2017-01-31","2017Jan","8563385.00"
"2017-02-28","2017Feb","8673837.00"
"2017-03-31","2017Mar","8627934.00"
"2017-04-30","2017Apr","8758192.00"
"2017-05-31","2017May","8737173.00"
"2017-06-30","2017Jun","8531945.00"
"2017-07-31","2017Jul","8664752.00"
"2017-08-31","2017Aug","8686126.00"
"2017-09-30","2017Sep","8560831.00"
"2017-10-31","2017Oct","8788913.00"
"2017-11-30","2017Nov","8775000.00"
"2017-12-31","2017Dec","8452768.00"
"2018-01-31","2018Jan","8762405.00"
"2018-02-28","2018Feb","8755545.00"
"2018-03-31","2018Mar","8631503.00"
"2018-04-30","2018Apr","8781703.00"
"2018-05-31","2018May","8974934.00"
"2018-06-30","2018Jun","8777157.00"
"2018-07-31","2018Jul","8973230.00"
"2018-08-31","2018Aug","9014882.00"
"2018-09-30","2018Sep","8818951.00"
"2018-10-31","2018Oct","9079180.00"
"2018-11-30","2018Nov","9097484.00"
"2018-12-31","2018Dec","8810390.00"
"2019-01-31","2019Jan","9186350.00"
"2019-02-28","2019Feb","9363956.00"
"2019-03-31","2019Mar","9311461.00"
"2019-04-30","2019Apr","9594088.00"
"2019-05-31","2019May","9726224.00"
"2019-06-30","2019Jun","9565053.00"
"2019-07-31","2019Jul","9924549.00"
"2019-08-31","2019Aug","9967149.00"
"2019-09-30","2019Sep","9790990.00"
"2019-10-31","2019Oct","9903222.00"
"2019-11-30","2019Nov","9925374.00"
"2019-12-31","2019Dec","9321264.00"
"2020-01-31","2020Jan","9795870.00"
"2020-02-29","2020Feb","9967881.00"
"2020-03-31","2020Mar","10211585.00"
"2020-04-30","2020Apr","10444304.00"
"2020-05-31","2020May","10520869.00"
"2020-06-30","2020Jun","10423250.00"
"2020-07-31","2020Jul","10616195.00"
"2020-08-31","2020Aug","10556502.00"
"2020-09-30","2020Sep","10476105.00"
"2020-10-31","2020Oct","10702653.00"
"2020-11-30","2020Nov","10835695.00"
"2020-12-31","2020Dec","10490715.00"
"2021-01-31","2021Jan","10770189.00"
"2021-02-28","2021Feb","10755826.00"
"2021-03-31","2021Mar","10777263.00"
"2021-04-30","2021Apr","10941000.00"
"2021-05-31","2021May","10948273.00"
"2021-06-30","2021Jun","10947982.00"
"2021-07-31","2021Jul","11217373.00"
"2021-08-31","2021Aug","11189739.00"
"2021-09-30","2021Sep","11138189.00"
"2021-10-31","2021Oct","11418326.00"
"2021-11-30","2021Nov","11482296.00"
"2021-12-31","2021Dec","11061664.00"
"2022-01-31","2022Jan","11445489.00"
"2022-02-28","2022Feb","11473969.00"
"2022-03-31","2022Mar","11489736.00"
"2022-04-30","2022Apr","11765934.00"
"2022-05-31","2022May","11773145.00"
"2022-06-30","2022Jun","11529284.00"
"2022-07-31","2022Jul","11807580.00"
"2022-08-31","2022Aug","11857005.00"
"2022-09-30","2022Sep","11882335.00"
"2022-10-31","2022Oct","11951235.00"
"2022-11-30","2022Nov","11906832.00"
"2022-12-31","2022Dec","11511024.00"
"2023-01-31","2023Jan","11732954.00"
"2023-02-28","2023Feb","11884089.00"
"2023-03-31","2023Mar","11724502.00"
"2023-04-30","2023Apr","11924739.00"
"2023-05-31","2023May","12010956.00"
"2023-06-30","2023Jun","11683557.00"
"2023-07-31","2023Jul","12002261.00"
"2023-08-31","2023Aug","12042669.00"
"2023-09-30","2023Sep","11982321.00"
"2023-10-31","2023Oct","12077514.00"
"2023-11-30","2023Nov","12029350.00"
"2023-12-31","2023Dec","11877947.00"
"2024-01-31","2024Jan","12016320.00"
"2024-02-29","2024Feb","12118053.00"
"2024-03-31","2024Mar","12087773.00"
"2024-04-30","2024Apr","12289930.00"
"2024-05-31","2024May","12219266.00"
"2024-06-30","2024Jun","12088266.00"
"2024-07-31","2024Jul","12179696.00"
"2024-08-31","2024Aug","12182016.00"
"2024-09-30","2024Sep","12071821.00"
"2024-10-31","2024Oct","12161285.00"
"2024-11-30","2024Nov","12297890.00"
"2024-12-31","2024Dec","12157659.00"
"2025-01-31","2025Jan","12335945.00"
"2025-02-28","2025Feb","12495565.00"
"2025-03-31","2025Mar","12362593.00"
"2025-04-30","2025Apr","12557692.00"
"2025-05-31","2025May","12606486.00"
"2025-06-30","2025Jun","12551152.00"
"2025-07-31","2025Jul","12573758.00"
"2025-08-31","2025Aug","12540803.00"
"2025-09-30","2025Sep","12483708.00"
"2025-10-31","2025Oct","12653779.00"
"2025-11-30","2025Nov","12704571.00"
"2025-12-31","2025Dec","12571387.00"
"2026-01-31","2026Jan","12890493.00"
"2026-02-28","2026Feb","12836928.00"
"2026-03-31","2026Mar","12880961.00"
"2026-04-30","2026Apr","12996612.00"
