"DATE","TIME PERIOD","Holdings of Debt securities issued by domestic General Government reported by MFIs excluding NCB, Stocks (BSI.M.FR.N.A.A30.A.1.U6.2100.Z01.E)"
"1997-09-30","1997Sep","234748.00"
"1997-10-31","1997Oct","229548.00"
"1997-11-30","1997Nov","232052.00"
"1997-12-31","1997Dec","215630.00"
"1998-01-31","1998Jan","228210.00"
"1998-02-28","1998Feb","232842.00"
"1998-03-31","1998Mar","228699.00"
"1998-04-30","1998Apr","234115.00"
"1998-05-31","1998May","235640.00"
"1998-06-30","1998Jun","226808.00"
"1998-07-31","1998Jul","231524.00"
"1998-08-31","1998Aug","237056.00"
"1998-09-30","1998Sep","235055.00"
"1998-10-31","1998Oct","222855.00"
"1998-11-30","1998Nov","215587.00"
"1998-12-31","1998Dec","206901.00"
"1999-01-31","1999Jan","198303.00"
"1999-02-28","1999Feb","202971.00"
"1999-03-31","1999Mar","213694.00"
"1999-04-30","1999Apr","206702.00"
"1999-05-31","1999May","201850.00"
"1999-06-30","1999Jun","196380.00"
"1999-07-31","1999Jul","189215.00"
"1999-08-31","1999Aug","193966.00"
"1999-09-30","1999Sep","193924.00"
"1999-10-31","1999Oct","196595.00"
"1999-11-30","1999Nov","197141.00"
"1999-12-31","1999Dec","192511.00"
"2000-01-31","2000Jan","186510.00"
"2000-02-29","2000Feb","187141.00"
"2000-03-31","2000Mar","189026.00"
"2000-04-30","2000Apr","178497.00"
"2000-05-31","2000May","174052.00"
"2000-06-30","2000Jun","174669.00"
"2000-07-31","2000Jul","165131.00"
"2000-08-31","2000Aug","168129.00"
"2000-09-30","2000Sep","164646.00"
"2000-10-31","2000Oct","152573.00"
"2000-11-30","2000Nov","151062.00"
"2000-12-31","2000Dec","147213.00"
"2001-01-31","2001Jan","146338.00"
"2001-02-28","2001Feb","145082.00"
"2001-03-31","2001Mar","143744.00"
"2001-04-30","2001Apr","148045.00"
"2001-05-31","2001May","155367.00"
"2001-06-30","2001Jun","157713.00"
"2001-07-31","2001Jul","150513.00"
"2001-08-31","2001Aug","155025.00"
"2001-09-30","2001Sep","155341.00"
"2001-10-31","2001Oct","152217.00"
"2001-11-30","2001Nov","155778.00"
"2001-12-31","2001Dec","151271.00"
"2002-01-31","2002Jan","157159.00"
"2002-02-28","2002Feb","158179.00"
"2002-03-31","2002Mar","159237.00"
"2002-04-30","2002Apr","155053.00"
"2002-05-31","2002May","159276.00"
"2002-06-30","2002Jun","163491.00"
"2002-07-31","2002Jul","156550.00"
"2002-08-31","2002Aug","155264.00"
"2002-09-30","2002Sep","155829.00"
"2002-10-31","2002Oct","158219.00"
"2002-11-30","2002Nov","155085.00"
"2002-12-31","2002Dec","152351.00"
"2003-01-31","2003Jan","155640.00"
"2003-02-28","2003Feb","159879.00"
"2003-03-31","2003Mar","157845.00"
"2003-04-30","2003Apr","159196.00"
"2003-05-31","2003May","164996.00"
"2003-06-30","2003Jun","168386.00"
"2003-07-31","2003Jul","156177.00"
"2003-08-31","2003Aug","154532.00"
"2003-09-30","2003Sep","163028.00"
"2003-10-31","2003Oct","163297.00"
"2003-11-30","2003Nov","162635.00"
"2003-12-31","2003Dec","157467.00"
"2004-01-31","2004Jan","160655.00"
"2004-02-29","2004Feb","152573.00"
"2004-03-31","2004Mar","160782.00"
"2004-04-30","2004Apr","158153.00"
"2004-05-31","2004May","164164.00"
"2004-06-30","2004Jun","164397.00"
"2004-07-31","2004Jul","164851.00"
"2004-08-31","2004Aug","163856.00"
"2004-09-30","2004Sep","164784.00"
"2004-10-31","2004Oct","154144.00"
"2004-11-30","2004Nov","156263.00"
"2004-12-31","2004Dec","155767.00"
"2005-01-31","2005Jan","160920.00"
"2005-02-28","2005Feb","172469.00"
"2005-03-31","2005Mar","169172.00"
"2005-04-30","2005Apr","167537.00"
"2005-05-31","2005May","167789.00"
"2005-06-30","2005Jun","172601.00"
"2005-07-31","2005Jul","165492.00"
"2005-08-31","2005Aug","166248.00"
"2005-09-30","2005Sep","160332.00"
"2005-10-31","2005Oct","171751.00"
"2005-11-30","2005Nov","179259.00"
"2005-12-31","2005Dec","168638.00"
"2006-01-31","2006Jan","168615.00"
"2006-02-28","2006Feb","172812.00"
"2006-03-31","2006Mar","177419.00"
"2006-04-30","2006Apr","175905.00"
"2006-05-31","2006May","173021.00"
"2006-06-30","2006Jun","166525.00"
"2006-07-31","2006Jul","168390.00"
"2006-08-31","2006Aug","160065.00"
"2006-09-30","2006Sep","158453.00"
"2006-10-31","2006Oct","157513.00"
"2006-11-30","2006Nov","161775.00"
"2006-12-31","2006Dec","152667.00"
"2007-01-31","2007Jan","154940.00"
"2007-02-28","2007Feb","159337.00"
"2007-03-31","2007Mar","159224.00"
"2007-04-30","2007Apr","156314.00"
"2007-05-31","2007May","162570.00"
"2007-06-30","2007Jun","161950.00"
"2007-07-31","2007Jul","162176.00"
"2007-08-31","2007Aug","162147.00"
"2007-09-30","2007Sep","159022.00"
"2007-10-31","2007Oct","154574.00"
"2007-11-30","2007Nov","154626.00"
"2007-12-31","2007Dec","149988.00"
"2008-01-31","2008Jan","152133.00"
"2008-02-29","2008Feb","154981.00"
"2008-03-31","2008Mar","153393.00"
"2008-04-30","2008Apr","148120.00"
"2008-05-31","2008May","150730.00"
"2008-06-30","2008Jun","149057.00"
"2008-07-31","2008Jul","149949.00"
"2008-08-31","2008Aug","149814.00"
"2008-09-30","2008Sep","150248.00"
"2008-10-31","2008Oct","144331.00"
"2008-11-30","2008Nov","149540.00"
"2008-12-31","2008Dec","149656.00"
"2009-01-31","2009Jan","153083.00"
"2009-02-28","2009Feb","158966.00"
"2009-03-31","2009Mar","165003.00"
"2009-04-30","2009Apr","166273.00"
"2009-05-31","2009May","167943.00"
"2009-06-30","2009Jun","173375.00"
"2009-07-31","2009Jul","173508.00"
"2009-08-31","2009Aug","179050.00"
"2009-09-30","2009Sep","177566.00"
"2009-10-31","2009Oct","172239.00"
"2009-11-30","2009Nov","170561.00"
"2009-12-31","2009Dec","159666.00"
"2010-01-31","2010Jan","156662.00"
"2010-02-28","2010Feb","158799.00"
"2010-03-31","2010Mar","159467.00"
"2010-04-30","2010Apr","155605.00"
"2010-05-31","2010May","157818.00"
"2010-06-30","2010Jun","162886.00"
"2010-07-31","2010Jul","160821.00"
"2010-08-31","2010Aug","158404.00"
"2010-09-30","2010Sep","160768.00"
"2010-10-31","2010Oct","164686.00"
"2010-11-30","2010Nov","164735.00"
"2010-12-31","2010Dec","152083.00"
"2011-01-31","2011Jan","151727.00"
"2011-02-28","2011Feb","163171.00"
"2011-03-31","2011Mar","137035.00"
"2011-04-30","2011Apr","139131.00"
"2011-05-31","2011May","137627.00"
"2011-06-30","2011Jun","145946.00"
"2011-07-31","2011Jul","138228.00"
"2011-08-31","2011Aug","143835.00"
"2011-09-30","2011Sep","146230.00"
"2011-10-31","2011Oct","146686.00"
"2011-11-30","2011Nov","150662.00"
"2011-12-31","2011Dec","152809.00"
"2012-01-31","2012Jan","155446.00"
"2012-02-29","2012Feb","164322.00"
"2012-03-31","2012Mar","168565.00"
"2012-04-30","2012Apr","165582.00"
"2012-05-31","2012May","169929.00"
"2012-06-30","2012Jun","175639.00"
"2012-07-31","2012Jul","171956.00"
"2012-08-31","2012Aug","172908.00"
"2012-09-30","2012Sep","183073.00"
"2012-10-31","2012Oct","187688.00"
"2012-11-30","2012Nov","185684.00"
"2012-12-31","2012Dec","182686.00"
"2013-01-31","2013Jan","190866.00"
"2013-02-28","2013Feb","200756.00"
"2013-03-31","2013Mar","198758.00"
"2013-04-30","2013Apr","199281.00"
"2013-05-31","2013May","202958.00"
"2013-06-30","2013Jun","197132.00"
"2013-07-31","2013Jul","176354.00"
"2013-08-31","2013Aug","174886.00"
"2013-09-30","2013Sep","172077.00"
"2013-10-31","2013Oct","178664.00"
"2013-11-30","2013Nov","180129.00"
"2013-12-31","2013Dec","177554.00"
"2014-01-31","2014Jan","183285.00"
"2014-02-28","2014Feb","190242.00"
"2014-03-31","2014Mar","189716.00"
"2014-04-30","2014Apr","188715.00"
"2014-05-31","2014May","193839.00"
"2014-06-30","2014Jun","189548.00"
"2014-07-31","2014Jul","180024.00"
"2014-08-31","2014Aug","184396.00"
"2014-09-30","2014Sep","191743.00"
"2014-10-31","2014Oct","191569.00"
"2014-11-30","2014Nov","198229.00"
"2014-12-31","2014Dec","192649.00"
"2015-01-31","2015Jan","202208.00"
"2015-02-28","2015Feb","201879.00"
"2015-03-31","2015Mar","196324.00"
"2015-04-30","2015Apr","195469.00"
"2015-05-31","2015May","194177.00"
"2015-06-30","2015Jun","191577.00"
"2015-07-31","2015Jul","187471.00"
"2015-08-31","2015Aug","194612.00"
"2015-09-30","2015Sep","187870.00"
"2015-10-31","2015Oct","186064.00"
"2015-11-30","2015Nov","185711.00"
"2015-12-31","2015Dec","176112.00"
"2016-01-31","2016Jan","191827.00"
"2016-02-29","2016Feb","195374.00"
"2016-03-31","2016Mar","188846.00"
"2016-04-30","2016Apr","187549.00"
"2016-05-31","2016May","186908.00"
"2016-06-30","2016Jun","184465.00"
"2016-07-31","2016Jul","174805.00"
"2016-08-31","2016Aug","172248.00"
"2016-09-30","2016Sep","163664.00"
"2016-10-31","2016Oct","165332.00"
"2016-11-30","2016Nov","163758.00"
"2016-12-31","2016Dec","167615.00"
"2017-01-31","2017Jan","167085.00"
"2017-02-28","2017Feb","165348.00"
"2017-03-31","2017Mar","168161.00"
"2017-04-30","2017Apr","167698.00"
"2017-05-31","2017May","170073.00"
"2017-06-30","2017Jun","164298.00"
"2017-07-31","2017Jul","156827.00"
"2017-08-31","2017Aug","158771.00"
"2017-09-30","2017Sep","158368.00"
"2017-10-31","2017Oct","152441.00"
"2017-11-30","2017Nov","159144.00"
"2017-12-31","2017Dec","155929.00"
"2018-01-31","2018Jan","166215.00"
"2018-02-28","2018Feb","154588.00"
"2018-03-31","2018Mar","158120.00"
"2018-04-30","2018Apr","158515.00"
"2018-05-31","2018May","153391.00"
"2018-06-30","2018Jun","149911.00"
"2018-07-31","2018Jul","148350.00"
"2018-08-31","2018Aug","149849.00"
"2018-09-30","2018Sep","143996.00"
"2018-10-31","2018Oct","144644.00"
"2018-11-30","2018Nov","144886.00"
"2018-12-31","2018Dec","138280.00"
"2019-01-31","2019Jan","154585.00"
"2019-02-28","2019Feb","159467.00"
"2019-03-31","2019Mar","149977.00"
"2019-04-30","2019Apr","149450.00"
"2019-05-31","2019May","157378.00"
"2019-06-30","2019Jun","146757.00"
"2019-07-31","2019Jul","153212.00"
"2019-08-31","2019Aug","149217.00"
"2019-09-30","2019Sep","150379.00"
"2019-10-31","2019Oct","150881.00"
"2019-11-30","2019Nov","145728.00"
"2019-12-31","2019Dec","145595.00"
"2020-01-31","2020Jan","151156.00"
"2020-02-29","2020Feb","156281.00"
"2020-03-31","2020Mar","158709.00"
"2020-04-30","2020Apr","190857.00"
"2020-05-31","2020May","213326.00"
"2020-06-30","2020Jun","212597.00"
"2020-07-31","2020Jul","203226.00"
"2020-08-31","2020Aug","210787.00"
"2020-09-30","2020Sep","217477.00"
"2020-10-31","2020Oct","204248.00"
"2020-11-30","2020Nov","201274.00"
"2020-12-31","2020Dec","197706.00"
"2021-01-31","2021Jan","206637.00"
"2021-02-28","2021Feb","211757.00"
"2021-03-31","2021Mar","210738.00"
"2021-04-30","2021Apr","197849.00"
"2021-05-31","2021May","198398.00"
"2021-06-30","2021Jun","193879.00"
"2021-07-31","2021Jul","188264.00"
"2021-08-31","2021Aug","193763.00"
"2021-09-30","2021Sep","188523.00"
"2021-10-31","2021Oct","178036.00"
"2021-11-30","2021Nov","187342.00"
"2021-12-31","2021Dec","180559.00"
"2022-01-31","2022Jan","181378.00"
"2022-02-28","2022Feb","190328.00"
"2022-03-31","2022Mar","180734.00"
"2022-04-30","2022Apr","177694.00"
"2022-05-31","2022May","201505.00"
"2022-06-30","2022Jun","193321.00"
"2022-07-31","2022Jul","188218.00"
"2022-08-31","2022Aug","185338.00"
"2022-09-30","2022Sep","194441.00"
"2022-10-31","2022Oct","184000.00"
"2022-11-30","2022Nov","199737.00"
"2022-12-31","2022Dec","197185.00"
"2023-01-31","2023Jan","203054.00"
"2023-02-28","2023Feb","207889.00"
"2023-03-31","2023Mar","205622.00"
"2023-04-30","2023Apr","212982.00"
"2023-05-31","2023May","209498.00"
"2023-06-30","2023Jun","210468.00"
"2023-07-31","2023Jul","205166.00"
"2023-08-31","2023Aug","217462.00"
"2023-09-30","2023Sep","216302.00"
"2023-10-31","2023Oct","217626.00"
"2023-11-30","2023Nov","222087.00"
"2023-12-31","2023Dec","221935.00"
"2024-01-31","2024Jan","227003.00"
"2024-02-29","2024Feb","237771.00"
"2024-03-31","2024Mar","240424.00"
"2024-04-30","2024Apr","250175.00"
"2024-05-31","2024May","252300.00"
"2024-06-30","2024Jun","255632.00"
"2024-07-31","2024Jul","257510.00"
"2024-08-31","2024Aug","258569.00"
"2024-09-30","2024Sep","259654.00"
"2024-10-31","2024Oct","260395.00"
"2024-11-30","2024Nov","264299.00"
"2024-12-31","2024Dec","266784.00"
"2025-01-31","2025Jan","287647.00"
"2025-02-28","2025Feb","291905.00"
"2025-03-31","2025Mar","289259.00"
"2025-04-30","2025Apr","297877.00"
"2025-05-31","2025May","300899.00"
"2025-06-30","2025Jun","301184.00"
"2025-07-31","2025Jul","306709.00"
"2025-08-31","2025Aug","302620.00"
"2025-09-30","2025Sep","310316.00"
"2025-10-31","2025Oct","317049.00"
"2025-11-30","2025Nov","319610.00"
"2025-12-31","2025Dec","308644.00"
"2026-01-31","2026Jan","317417.00"
"2026-02-28","2026Feb","308633.00"
"2026-03-31","2026Mar","310185.00"
"2026-04-30","2026Apr","316182.00"
