"DATE","TIME PERIOD","Holdings of Debt securities issued by domestic General Government reported by MFIs excluding NCB, Stocks (BSI.M.DE.N.A.A30.A.1.U6.2100.Z01.E)"
"1997-09-30","1997Sep","169129.22"
"1997-10-31","1997Oct","169576.60"
"1997-11-30","1997Nov","170551.63"
"1997-12-31","1997Dec","162166.45"
"1998-01-31","1998Jan","167723.68"
"1998-02-28","1998Feb","164371.14"
"1998-03-31","1998Mar","174131.19"
"1998-04-30","1998Apr","176801.16"
"1998-05-31","1998May","178267.54"
"1998-06-30","1998Jun","181736.66"
"1998-07-31","1998Jul","178539.04"
"1998-08-31","1998Aug","177513.39"
"1998-09-30","1998Sep","170751.04"
"1998-10-31","1998Oct","174731.45"
"1998-11-30","1998Nov","179664.39"
"1998-12-31","1998Dec","161473.14"
"1999-01-31","1999Jan","147244.00"
"1999-02-28","1999Feb","150279.00"
"1999-03-31","1999Mar","146980.00"
"1999-04-30","1999Apr","146072.00"
"1999-05-31","1999May","155581.00"
"1999-06-30","1999Jun","145067.00"
"1999-07-31","1999Jul","146176.00"
"1999-08-31","1999Aug","142641.00"
"1999-09-30","1999Sep","146267.00"
"1999-10-31","1999Oct","148510.00"
"1999-11-30","1999Nov","150318.00"
"1999-12-31","1999Dec","143670.00"
"2000-01-31","2000Jan","151491.00"
"2000-02-29","2000Feb","155154.00"
"2000-03-31","2000Mar","147190.00"
"2000-04-30","2000Apr","146003.00"
"2000-05-31","2000May","142907.00"
"2000-06-30","2000Jun","140383.00"
"2000-07-31","2000Jul","138799.00"
"2000-08-31","2000Aug","139890.00"
"2000-09-30","2000Sep","134606.00"
"2000-10-31","2000Oct","137378.00"
"2000-11-30","2000Nov","141017.00"
"2000-12-31","2000Dec","138413.00"
"2001-01-31","2001Jan","122570.00"
"2001-02-28","2001Feb","121722.00"
"2001-03-31","2001Mar","125238.00"
"2001-04-30","2001Apr","122548.00"
"2001-05-31","2001May","122479.00"
"2001-06-30","2001Jun","127842.00"
"2001-07-31","2001Jul","137309.00"
"2001-08-31","2001Aug","127797.00"
"2001-09-30","2001Sep","117667.00"
"2001-10-31","2001Oct","116122.00"
"2001-11-30","2001Nov","116855.00"
"2001-12-31","2001Dec","119122.00"
"2002-01-31","2002Jan","118538.00"
"2002-02-28","2002Feb","122315.00"
"2002-03-31","2002Mar","122325.00"
"2002-04-30","2002Apr","126862.00"
"2002-05-31","2002May","133445.00"
"2002-06-30","2002Jun","131580.00"
"2002-07-31","2002Jul","134228.00"
"2002-08-31","2002Aug","135177.00"
"2002-09-30","2002Sep","138924.00"
"2002-10-31","2002Oct","137689.00"
"2002-11-30","2002Nov","142493.00"
"2002-12-31","2002Dec","137937.00"
"2003-01-31","2003Jan","146739.00"
"2003-02-28","2003Feb","148727.00"
"2003-03-31","2003Mar","158385.00"
"2003-04-30","2003Apr","157362.00"
"2003-05-31","2003May","162896.00"
"2003-06-30","2003Jun","152432.00"
"2003-07-31","2003Jul","154703.00"
"2003-08-31","2003Aug","148510.00"
"2003-09-30","2003Sep","149447.00"
"2003-10-31","2003Oct","152593.00"
"2003-11-30","2003Nov","156004.00"
"2003-12-31","2003Dec","146060.00"
"2004-01-31","2004Jan","149026.00"
"2004-02-29","2004Feb","166196.00"
"2004-03-31","2004Mar","166150.00"
"2004-04-30","2004Apr","166275.00"
"2004-05-31","2004May","172721.00"
"2004-06-30","2004Jun","181015.00"
"2004-07-31","2004Jul","181775.00"
"2004-08-31","2004Aug","185971.00"
"2004-09-30","2004Sep","187087.00"
"2004-10-31","2004Oct","187666.00"
"2004-11-30","2004Nov","189288.00"
"2004-12-31","2004Dec","180759.00"
"2005-01-31","2005Jan","186150.00"
"2005-02-28","2005Feb","183966.00"
"2005-03-31","2005Mar","188173.00"
"2005-04-30","2005Apr","186772.00"
"2005-05-31","2005May","184513.00"
"2005-06-30","2005Jun","174739.00"
"2005-07-31","2005Jul","174980.00"
"2005-08-31","2005Aug","177799.00"
"2005-09-30","2005Sep","173891.00"
"2005-10-31","2005Oct","173571.00"
"2005-11-30","2005Nov","175976.00"
"2005-12-31","2005Dec","171926.00"
"2006-01-31","2006Jan","171432.00"
"2006-02-28","2006Feb","169111.00"
"2006-03-31","2006Mar","169248.00"
"2006-04-30","2006Apr","167443.00"
"2006-05-31","2006May","181423.00"
"2006-06-30","2006Jun","171509.00"
"2006-07-31","2006Jul","172236.00"
"2006-08-31","2006Aug","170024.00"
"2006-09-30","2006Sep","162992.00"
"2006-10-31","2006Oct","163559.00"
"2006-11-30","2006Nov","169753.00"
"2006-12-31","2006Dec","159236.00"
"2007-01-31","2007Jan","165498.00"
"2007-02-28","2007Feb","164047.00"
"2007-03-31","2007Mar","165831.00"
"2007-04-30","2007Apr","166989.00"
"2007-05-31","2007May","168678.00"
"2007-06-30","2007Jun","161567.00"
"2007-07-31","2007Jul","160874.00"
"2007-08-31","2007Aug","155611.00"
"2007-09-30","2007Sep","155262.00"
"2007-10-31","2007Oct","150257.00"
"2007-11-30","2007Nov","150539.00"
"2007-12-31","2007Dec","145034.00"
"2008-01-31","2008Jan","142784.00"
"2008-02-29","2008Feb","149268.00"
"2008-03-31","2008Mar","151521.00"
"2008-04-30","2008Apr","157963.00"
"2008-05-31","2008May","159275.00"
"2008-06-30","2008Jun","144690.00"
"2008-07-31","2008Jul","144207.00"
"2008-08-31","2008Aug","142754.00"
"2008-09-30","2008Sep","132679.00"
"2008-10-31","2008Oct","135233.00"
"2008-11-30","2008Nov","133041.00"
"2008-12-31","2008Dec","133364.00"
"2009-01-31","2009Jan","139204.00"
"2009-02-28","2009Feb","138332.00"
"2009-03-31","2009Mar","138990.00"
"2009-04-30","2009Apr","145083.00"
"2009-05-31","2009May","147032.00"
"2009-06-30","2009Jun","149663.00"
"2009-07-31","2009Jul","150520.00"
"2009-08-31","2009Aug","149487.00"
"2009-09-30","2009Sep","154317.00"
"2009-10-31","2009Oct","158483.00"
"2009-11-30","2009Nov","160754.00"
"2009-12-31","2009Dec","159955.00"
"2010-01-31","2010Jan","164377.00"
"2010-02-28","2010Feb","167394.00"
"2010-03-31","2010Mar","171792.00"
"2010-04-30","2010Apr","174058.00"
"2010-05-31","2010May","178415.00"
"2010-06-30","2010Jun","194140.00"
"2010-07-31","2010Jul","194150.00"
"2010-08-31","2010Aug","196325.00"
"2010-09-30","2010Sep","196529.00"
"2010-10-31","2010Oct","301951.00"
"2010-11-30","2010Nov","236966.00"
"2010-12-31","2010Dec","215348.00"
"2011-01-31","2011Jan","216455.00"
"2011-02-28","2011Feb","214227.00"
"2011-03-31","2011Mar","213353.00"
"2011-04-30","2011Apr","215718.00"
"2011-05-31","2011May","216633.00"
"2011-06-30","2011Jun","213573.00"
"2011-07-31","2011Jul","210432.00"
"2011-08-31","2011Aug","207700.00"
"2011-09-30","2011Sep","206642.00"
"2011-10-31","2011Oct","206981.00"
"2011-11-30","2011Nov","209309.00"
"2011-12-31","2011Dec","201227.00"
"2012-01-31","2012Jan","204774.00"
"2012-02-29","2012Feb","206443.00"
"2012-03-31","2012Mar","209886.00"
"2012-04-30","2012Apr","209556.00"
"2012-05-31","2012May","206463.00"
"2012-06-30","2012Jun","234277.00"
"2012-07-31","2012Jul","236116.00"
"2012-08-31","2012Aug","238442.00"
"2012-09-30","2012Sep","241911.00"
"2012-10-31","2012Oct","245342.00"
"2012-11-30","2012Nov","251989.00"
"2012-12-31","2012Dec","243704.00"
"2013-01-31","2013Jan","239940.00"
"2013-02-28","2013Feb","241447.00"
"2013-03-31","2013Mar","241629.00"
"2013-04-30","2013Apr","241929.00"
"2013-05-31","2013May","236962.00"
"2013-06-30","2013Jun","238485.00"
"2013-07-31","2013Jul","241870.00"
"2013-08-31","2013Aug","242768.00"
"2013-09-30","2013Sep","242209.00"
"2013-10-31","2013Oct","245009.00"
"2013-11-30","2013Nov","246667.00"
"2013-12-31","2013Dec","246612.00"
"2014-01-31","2014Jan","245036.00"
"2014-02-28","2014Feb","246494.00"
"2014-03-31","2014Mar","246521.00"
"2014-04-30","2014Apr","247711.00"
"2014-05-31","2014May","249458.00"
"2014-06-30","2014Jun","251421.00"
"2014-07-31","2014Jul","254846.00"
"2014-08-31","2014Aug","255973.00"
"2014-09-30","2014Sep","256706.00"
"2014-10-31","2014Oct","258618.00"
"2014-11-30","2014Nov","258283.00"
"2014-12-31","2014Dec","250170.00"
"2015-01-31","2015Jan","251879.00"
"2015-02-28","2015Feb","255111.00"
"2015-03-31","2015Mar","253731.00"
"2015-04-30","2015Apr","253530.00"
"2015-05-31","2015May","248763.00"
"2015-06-30","2015Jun","247159.00"
"2015-07-31","2015Jul","250046.00"
"2015-08-31","2015Aug","254095.00"
"2015-09-30","2015Sep","253966.00"
"2015-10-31","2015Oct","252633.00"
"2015-11-30","2015Nov","255627.00"
"2015-12-31","2015Dec","250295.00"
"2016-01-31","2016Jan","249792.00"
"2016-02-29","2016Feb","249643.00"
"2016-03-31","2016Mar","246654.00"
"2016-04-30","2016Apr","244555.00"
"2016-05-31","2016May","241584.00"
"2016-06-30","2016Jun","237644.00"
"2016-07-31","2016Jul","239780.00"
"2016-08-31","2016Aug","235825.00"
"2016-09-30","2016Sep","234238.00"
"2016-10-31","2016Oct","229795.00"
"2016-11-30","2016Nov","229437.00"
"2016-12-31","2016Dec","226495.00"
"2017-01-31","2017Jan","221645.00"
"2017-02-28","2017Feb","216251.00"
"2017-03-31","2017Mar","215891.00"
"2017-04-30","2017Apr","212386.00"
"2017-05-31","2017May","214313.00"
"2017-06-30","2017Jun","208634.00"
"2017-07-31","2017Jul","204858.00"
"2017-08-31","2017Aug","206750.00"
"2017-09-30","2017Sep","205904.00"
"2017-10-31","2017Oct","205032.00"
"2017-11-30","2017Nov","204736.00"
"2017-12-31","2017Dec","197364.00"
"2018-01-31","2018Jan","193983.00"
"2018-02-28","2018Feb","190753.00"
"2018-03-31","2018Mar","188173.00"
"2018-04-30","2018Apr","184806.00"
"2018-05-31","2018May","183394.00"
"2018-06-30","2018Jun","180621.00"
"2018-07-31","2018Jul","179264.00"
"2018-08-31","2018Aug","177758.00"
"2018-09-30","2018Sep","177254.00"
"2018-10-31","2018Oct","172503.00"
"2018-11-30","2018Nov","172260.00"
"2018-12-31","2018Dec","170284.00"
"2019-01-31","2019Jan","170348.00"
"2019-02-28","2019Feb","168644.00"
"2019-03-31","2019Mar","167711.00"
"2019-04-30","2019Apr","163441.00"
"2019-05-31","2019May","164153.00"
"2019-06-30","2019Jun","164492.00"
"2019-07-31","2019Jul","164531.00"
"2019-08-31","2019Aug","167144.00"
"2019-09-30","2019Sep","167869.00"
"2019-10-31","2019Oct","163187.00"
"2019-11-30","2019Nov","161801.00"
"2019-12-31","2019Dec","161297.00"
"2020-01-31","2020Jan","159503.00"
"2020-02-29","2020Feb","159507.00"
"2020-03-31","2020Mar","167665.00"
"2020-04-30","2020Apr","171716.00"
"2020-05-31","2020May","176860.00"
"2020-06-30","2020Jun","175275.00"
"2020-07-31","2020Jul","170261.00"
"2020-08-31","2020Aug","171142.00"
"2020-09-30","2020Sep","170527.00"
"2020-10-31","2020Oct","173007.00"
"2020-11-30","2020Nov","173577.00"
"2020-12-31","2020Dec","160338.00"
"2021-01-31","2021Jan","160497.00"
"2021-02-28","2021Feb","162695.00"
"2021-03-31","2021Mar","164913.00"
"2021-04-30","2021Apr","158088.00"
"2021-05-31","2021May","158747.00"
"2021-06-30","2021Jun","152127.00"
"2021-07-31","2021Jul","150653.00"
"2021-08-31","2021Aug","150732.00"
"2021-09-30","2021Sep","153920.00"
"2021-10-31","2021Oct","145221.00"
"2021-11-30","2021Nov","148592.00"
"2021-12-31","2021Dec","146283.00"
"2022-01-31","2022Jan","143442.00"
"2022-02-28","2022Feb","139848.00"
"2022-03-31","2022Mar","144612.00"
"2022-04-30","2022Apr","136238.00"
"2022-05-31","2022May","137488.00"
"2022-06-30","2022Jun","134838.00"
"2022-07-31","2022Jul","134271.00"
"2022-08-31","2022Aug","131246.00"
"2022-09-30","2022Sep","127522.00"
"2022-10-31","2022Oct","131924.00"
"2022-11-30","2022Nov","127747.00"
"2022-12-31","2022Dec","128227.00"
"2023-01-31","2023Jan","123506.00"
"2023-02-28","2023Feb","131072.00"
"2023-03-31","2023Mar","127442.00"
"2023-04-30","2023Apr","124026.00"
"2023-05-31","2023May","120522.00"
"2023-06-30","2023Jun","124556.00"
"2023-07-31","2023Jul","124136.00"
"2023-08-31","2023Aug","128242.00"
"2023-09-30","2023Sep","125233.00"
"2023-10-31","2023Oct","125168.00"
"2023-11-30","2023Nov","127637.00"
"2023-12-31","2023Dec","125036.00"
"2024-01-31","2024Jan","127703.00"
"2024-02-29","2024Feb","129452.00"
"2024-03-31","2024Mar","127839.00"
"2024-04-30","2024Apr","125785.00"
"2024-05-31","2024May","128280.00"
"2024-06-30","2024Jun","132470.00"
"2024-07-31","2024Jul","133679.00"
"2024-08-31","2024Aug","138140.00"
"2024-09-30","2024Sep","140492.00"
"2024-10-31","2024Oct","136155.00"
"2024-11-30","2024Nov","137481.00"
"2024-12-31","2024Dec","135337.00"
"2025-01-31","2025Jan","142924.00"
"2025-02-28","2025Feb","147353.00"
"2025-03-31","2025Mar","150978.00"
"2025-04-30","2025Apr","154348.00"
"2025-05-31","2025May","155801.00"
"2025-06-30","2025Jun","156034.00"
"2025-07-31","2025Jul","164630.00"
"2025-08-31","2025Aug","157230.00"
"2025-09-30","2025Sep","163272.00"
"2025-10-31","2025Oct","161981.00"
"2025-11-30","2025Nov","161858.00"
"2025-12-31","2025Dec","158988.00"
"2026-01-31","2026Jan","164445.00"
"2026-02-28","2026Feb","169824.00"
"2026-03-31","2026Mar","164230.00"
"2026-04-30","2026Apr","168400.00"
