"DATE","TIME PERIOD","Total assets of MFIs excluding NCB, Stocks (BSI.M.DE.N.A.T00.A.1.Z5.0000.Z01.E)"
"1997-09-30","1997Sep","4633980.87"
"1997-10-31","1997Oct","4694716.13"
"1997-11-30","1997Nov","4766516.95"
"1997-12-31","1997Dec","4789879.69"
"1998-01-31","1998Jan","4812970.96"
"1998-02-28","1998Feb","4845152.13"
"1998-03-31","1998Mar","4888583.47"
"1998-04-30","1998Apr","4922290.94"
"1998-05-31","1998May","4977983.21"
"1998-06-30","1998Jun","5037097.13"
"1998-07-31","1998Jul","5028253.09"
"1998-08-31","1998Aug","5104160.92"
"1998-09-30","1998Sep","5104129.68"
"1998-10-31","1998Oct","5175312.07"
"1998-11-30","1998Nov","5271296.66"
"1998-12-31","1998Dec","5294672.82"
"1999-01-31","1999Jan","5306131.00"
"1999-02-28","1999Feb","5258109.00"
"1999-03-31","1999Mar","5297754.00"
"1999-04-30","1999Apr","5351820.00"
"1999-05-31","1999May","5394079.00"
"1999-06-30","1999Jun","5412888.00"
"1999-07-31","1999Jul","5437173.00"
"1999-08-31","1999Aug","5486708.00"
"1999-09-30","1999Sep","5541739.00"
"1999-10-31","1999Oct","5612017.00"
"1999-11-30","1999Nov","5697653.00"
"1999-12-31","1999Dec","5678529.00"
"2000-01-31","2000Jan","5706544.00"
"2000-02-29","2000Feb","5725829.00"
"2000-03-31","2000Mar","5804822.00"
"2000-04-30","2000Apr","5860718.00"
"2000-05-31","2000May","5910389.00"
"2000-06-30","2000Jun","5848343.00"
"2000-07-31","2000Jul","5861803.00"
"2000-08-31","2000Aug","5917098.00"
"2000-09-30","2000Sep","5945413.00"
"2000-10-31","2000Oct","6019648.00"
"2000-11-30","2000Nov","6076081.00"
"2000-12-31","2000Dec","6083875.00"
"2001-01-31","2001Jan","6064045.00"
"2001-02-28","2001Feb","6141316.00"
"2001-03-31","2001Mar","6259319.00"
"2001-04-30","2001Apr","6283577.00"
"2001-05-31","2001May","6312337.00"
"2001-06-30","2001Jun","6283754.00"
"2001-07-31","2001Jul","6225762.00"
"2001-08-31","2001Aug","6236539.00"
"2001-09-30","2001Sep","6295904.00"
"2001-10-31","2001Oct","6299995.00"
"2001-11-30","2001Nov","6320159.00"
"2001-12-31","2001Dec","6303090.00"
"2002-01-31","2002Jan","6255088.00"
"2002-02-28","2002Feb","6230375.00"
"2002-03-31","2002Mar","6269846.00"
"2002-04-30","2002Apr","6267729.00"
"2002-05-31","2002May","6304475.00"
"2002-06-30","2002Jun","6277354.00"
"2002-07-31","2002Jul","6265562.00"
"2002-08-31","2002Aug","6290588.00"
"2002-09-30","2002Sep","6341066.00"
"2002-10-31","2002Oct","6359147.00"
"2002-11-30","2002Nov","6453473.00"
"2002-12-31","2002Dec","6408924.00"
"2003-01-31","2003Jan","6383749.00"
"2003-02-28","2003Feb","6424863.00"
"2003-03-31","2003Mar","6434715.00"
"2003-04-30","2003Apr","6430322.00"
"2003-05-31","2003May","6467704.00"
"2003-06-30","2003Jun","6472436.00"
"2003-07-31","2003Jul","6425728.00"
"2003-08-31","2003Aug","6395077.00"
"2003-09-30","2003Sep","6403085.00"
"2003-10-31","2003Oct","6399254.00"
"2003-11-30","2003Nov","6456127.00"
"2003-12-31","2003Dec","6432045.00"
"2004-01-31","2004Jan","6424183.00"
"2004-02-29","2004Feb","6448725.00"
"2004-03-31","2004Mar","6506670.00"
"2004-04-30","2004Apr","6568777.00"
"2004-05-31","2004May","6583489.00"
"2004-06-30","2004Jun","6551318.00"
"2004-07-31","2004Jul","6574941.00"
"2004-08-31","2004Aug","6567506.00"
"2004-09-30","2004Sep","6597618.00"
"2004-10-31","2004Oct","6627660.00"
"2004-11-30","2004Nov","6683415.00"
"2004-12-31","2004Dec","6617357.00"
"2005-01-31","2005Jan","6672131.00"
"2005-02-28","2005Feb","6717420.00"
"2005-03-31","2005Mar","6723007.00"
"2005-04-30","2005Apr","6908380.00"
"2005-05-31","2005May","6891970.00"
"2005-06-30","2005Jun","6851297.00"
"2005-07-31","2005Jul","6871305.00"
"2005-08-31","2005Aug","6849472.00"
"2005-09-30","2005Sep","6873797.00"
"2005-10-31","2005Oct","6888763.00"
"2005-11-30","2005Nov","6924051.00"
"2005-12-31","2005Dec","6859403.00"
"2006-01-31","2006Jan","6940622.00"
"2006-02-28","2006Feb","6967651.00"
"2006-03-31","2006Mar","7004830.00"
"2006-04-30","2006Apr","7075686.00"
"2006-05-31","2006May","7102156.00"
"2006-06-30","2006Jun","7075120.00"
"2006-07-31","2006Jul","7039954.00"
"2006-08-31","2006Aug","7034566.00"
"2006-09-30","2006Sep","7077223.00"
"2006-10-31","2006Oct","7080113.00"
"2006-11-30","2006Nov","7141191.00"
"2006-12-31","2006Dec","7154388.00"
"2007-01-31","2007Jan","7192378.00"
"2007-02-28","2007Feb","7230871.00"
"2007-03-31","2007Mar","7288340.00"
"2007-04-30","2007Apr","7357192.00"
"2007-05-31","2007May","7389347.00"
"2007-06-30","2007Jun","7381732.00"
"2007-07-31","2007Jul","7371244.00"
"2007-08-31","2007Aug","7417353.00"
"2007-09-30","2007Sep","7500873.00"
"2007-10-31","2007Oct","7500545.00"
"2007-11-30","2007Nov","7553611.00"
"2007-12-31","2007Dec","7592390.00"
"2008-01-31","2008Jan","7574126.00"
"2008-02-29","2008Feb","7596627.00"
"2008-03-31","2008Mar","7641670.00"
"2008-04-30","2008Apr","7725887.00"
"2008-05-31","2008May","7729139.00"
"2008-06-30","2008Jun","7688716.00"
"2008-07-31","2008Jul","7675415.00"
"2008-08-31","2008Aug","7744721.00"
"2008-09-30","2008Sep","7896151.00"
"2008-10-31","2008Oct","8030232.00"
"2008-11-30","2008Nov","7985444.00"
"2008-12-31","2008Dec","7892671.00"
"2009-01-31","2009Jan","7906365.00"
"2009-02-28","2009Feb","7846350.00"
"2009-03-31","2009Mar","7777139.00"
"2009-04-30","2009Apr","7802247.00"
"2009-05-31","2009May","7685109.00"
"2009-06-30","2009Jun","7710601.00"
"2009-07-31","2009Jul","7619124.00"
"2009-08-31","2009Aug","7590247.00"
"2009-09-30","2009Sep","7519466.00"
"2009-10-31","2009Oct","7498371.00"
"2009-11-30","2009Nov","7493520.00"
"2009-12-31","2009Dec","7436089.00"
"2010-01-31","2010Jan","7452701.00"
"2010-02-28","2010Feb","7449527.00"
"2010-03-31","2010Mar","7454579.00"
"2010-04-30","2010Apr","7570028.00"
"2010-05-31","2010May","7681040.00"
"2010-06-30","2010Jun","7641319.00"
"2010-07-31","2010Jul","7438290.00"
"2010-08-31","2010Aug","7517562.00"
"2010-09-30","2010Sep","7387193.00"
"2010-10-31","2010Oct","7397462.00"
"2010-11-30","2010Nov","7508429.00"
"2010-12-31","2010Dec","8304802.00"
"2011-01-31","2011Jan","8183813.00"
"2011-02-28","2011Feb","8142319.00"
"2011-03-31","2011Mar","7955136.00"
"2011-04-30","2011Apr","7997915.00"
"2011-05-31","2011May","8045883.00"
"2011-06-30","2011Jun","7885786.00"
"2011-07-31","2011Jul","8001035.00"
"2011-08-31","2011Aug","8263490.00"
"2011-09-30","2011Sep","8489385.00"
"2011-10-31","2011Oct","8353898.00"
"2011-11-30","2011Nov","8406612.00"
"2011-12-31","2011Dec","8393336.00"
"2012-01-31","2012Jan","8517660.00"
"2012-02-29","2012Feb","8525989.00"
"2012-03-31","2012Mar","8522747.00"
"2012-04-30","2012Apr","8599561.00"
"2012-05-31","2012May","8859555.00"
"2012-06-30","2012Jun","8636431.00"
"2012-07-31","2012Jul","8726781.00"
"2012-08-31","2012Aug","8695619.00"
"2012-09-30","2012Sep","8567552.00"
"2012-10-31","2012Oct","8489151.00"
"2012-11-30","2012Nov","8440022.00"
"2012-12-31","2012Dec","8226623.00"
"2013-01-31","2013Jan","8110364.00"
"2013-02-28","2013Feb","8094449.00"
"2013-03-31","2013Mar","8062997.00"
"2013-04-30","2013Apr","8080319.00"
"2013-05-31","2013May","7937627.00"
"2013-06-30","2013Jun","7833184.00"
"2013-07-31","2013Jul","7752890.00"
"2013-08-31","2013Aug","7684890.00"
"2013-09-30","2013Sep","7682059.00"
"2013-10-31","2013Oct","7670279.00"
"2013-11-30","2013Nov","7704798.00"
"2013-12-31","2013Dec","7528947.00"
"2014-01-31","2014Jan","7610384.00"
"2014-02-28","2014Feb","7563015.00"
"2014-03-31","2014Mar","7512412.00"
"2014-04-30","2014Apr","7542981.00"
"2014-05-31","2014May","7619868.00"
"2014-06-30","2014Jun","7589237.00"
"2014-07-31","2014Jul","7657024.00"
"2014-08-31","2014Aug","7750234.00"
"2014-09-30","2014Sep","7746368.00"
"2014-10-31","2014Oct","7755647.00"
"2014-11-30","2014Nov","7839972.00"
"2014-12-31","2014Dec","7802346.00"
"2015-01-31","2015Jan","8125590.00"
"2015-02-28","2015Feb","8061541.00"
"2015-03-31","2015Mar","8172966.00"
"2015-04-30","2015Apr","8083973.00"
"2015-05-31","2015May","8003998.00"
"2015-06-30","2015Jun","7799462.00"
"2015-07-31","2015Jul","7867640.00"
"2015-08-31","2015Aug","7839995.00"
"2015-09-30","2015Sep","7829318.00"
"2015-10-31","2015Oct","7856488.00"
"2015-11-30","2015Nov","7940061.00"
"2015-12-31","2015Dec","7665206.00"
"2016-01-31","2016Jan","7823537.00"
"2016-02-29","2016Feb","7913144.00"
"2016-03-31","2016Mar","7783412.00"
"2016-04-30","2016Apr","7806514.00"
"2016-05-31","2016May","7817238.00"
"2016-06-30","2016Jun","7920589.00"
"2016-07-31","2016Jul","7942062.00"
"2016-08-31","2016Aug","7908470.00"
"2016-09-30","2016Sep","7863868.00"
"2016-10-31","2016Oct","7868674.00"
"2016-11-30","2016Nov","7911624.00"
"2016-12-31","2016Dec","7792640.00"
"2017-01-31","2017Jan","7889348.00"
"2017-02-28","2017Feb","7944793.00"
"2017-03-31","2017Mar","7926091.00"
"2017-04-30","2017Apr","7954560.00"
"2017-05-31","2017May","7947046.00"
"2017-06-30","2017Jun","7849675.00"
"2017-07-31","2017Jul","7818672.00"
"2017-08-31","2017Aug","7807695.00"
"2017-09-30","2017Sep","7811280.00"
"2017-10-31","2017Oct","7825675.00"
"2017-11-30","2017Nov","7849872.00"
"2017-12-31","2017Dec","7710842.00"
"2018-01-31","2018Jan","7817162.00"
"2018-02-28","2018Feb","7790767.00"
"2018-03-31","2018Mar","7746628.00"
"2018-04-30","2018Apr","7781137.00"
"2018-05-31","2018May","7882823.00"
"2018-06-30","2018Jun","7804679.00"
"2018-07-31","2018Jul","7784194.00"
"2018-08-31","2018Aug","7828023.00"
"2018-09-30","2018Sep","7799938.00"
"2018-10-31","2018Oct","7845157.00"
"2018-11-30","2018Nov","7881203.00"
"2018-12-31","2018Dec","7775993.00"
"2019-01-31","2019Jan","7902319.00"
"2019-02-28","2019Feb","7935735.00"
"2019-03-31","2019Mar","8121333.00"
"2019-04-30","2019Apr","8154554.00"
"2019-05-31","2019May","8280908.00"
"2019-06-30","2019Jun","8321891.00"
"2019-07-31","2019Jul","8372060.00"
"2019-08-31","2019Aug","8645482.00"
"2019-09-30","2019Sep","8550445.00"
"2019-10-31","2019Oct","8445620.00"
"2019-11-30","2019Nov","8509227.00"
"2019-12-31","2019Dec","8310990.00"
"2020-01-31","2020Jan","8482171.00"
"2020-02-29","2020Feb","8666743.00"
"2020-03-31","2020Mar","8912617.00"
"2020-04-30","2020Apr","9014572.00"
"2020-05-31","2020May","8915349.00"
"2020-06-30","2020Jun","9026931.00"
"2020-07-31","2020Jul","9069004.00"
"2020-08-31","2020Aug","8985527.00"
"2020-09-30","2020Sep","9097352.00"
"2020-10-31","2020Oct","9124258.00"
"2020-11-30","2020Nov","9096003.00"
"2020-12-31","2020Dec","8943336.00"
"2021-01-31","2021Jan","9150408.00"
"2021-02-28","2021Feb","9148146.00"
"2021-03-31","2021Mar","9261890.00"
"2021-04-30","2021Apr","9269236.00"
"2021-05-31","2021May","9277056.00"
"2021-06-30","2021Jun","9293675.00"
"2021-07-31","2021Jul","9321858.00"
"2021-08-31","2021Aug","9319327.00"
"2021-09-30","2021Sep","9325255.00"
"2021-10-31","2021Oct","9395023.00"
"2021-11-30","2021Nov","9495473.00"
"2021-12-31","2021Dec","9172161.00"
"2022-01-31","2022Jan","9702892.00"
"2022-02-28","2022Feb","9822416.00"
"2022-03-31","2022Mar","9953728.00"
"2022-04-30","2022Apr","10248000.00"
"2022-05-31","2022May","10233891.00"
"2022-06-30","2022Jun","10405915.00"
"2022-07-31","2022Jul","10243872.00"
"2022-08-31","2022Aug","10605315.00"
"2022-09-30","2022Sep","11030582.00"
"2022-10-31","2022Oct","11003709.00"
"2022-11-30","2022Nov","10740082.00"
"2022-12-31","2022Dec","10497036.00"
"2023-01-31","2023Jan","10572577.00"
"2023-02-28","2023Feb","10754778.00"
"2023-03-31","2023Mar","10549034.00"
"2023-04-30","2023Apr","10560892.00"
"2023-05-31","2023May","10648764.00"
"2023-06-30","2023Jun","10571199.00"
"2023-07-31","2023Jul","10738053.00"
"2023-08-31","2023Aug","10730674.00"
"2023-09-30","2023Sep","10735917.00"
"2023-10-31","2023Oct","10793767.00"
"2023-11-30","2023Nov","10606744.00"
"2023-12-31","2023Dec","10315947.00"
"2024-01-31","2024Jan","10445785.00"
"2024-02-29","2024Feb","10574436.00"
"2024-03-31","2024Mar","10496692.00"
"2024-04-30","2024Apr","10583848.00"
"2024-05-31","2024May","10563928.00"
"2024-06-30","2024Jun","10478455.00"
"2024-07-31","2024Jul","10299605.00"
"2024-08-31","2024Aug","10268508.00"
"2024-09-30","2024Sep","10374033.00"
"2024-10-31","2024Oct","10490483.00"
"2024-11-30","2024Nov","10661685.00"
"2024-12-31","2024Dec","10806641.00"
"2025-01-31","2025Jan","11171203.00"
"2025-02-28","2025Feb","10698305.00"
"2025-03-31","2025Mar","10673592.00"
"2025-04-30","2025Apr","10881139.00"
"2025-05-31","2025May","10701730.00"
"2025-06-30","2025Jun","10659085.00"
"2025-07-31","2025Jul","10736329.00"
"2025-08-31","2025Aug","10902155.00"
"2025-09-30","2025Sep","10779789.00"
"2025-10-31","2025Oct","10638478.00"
"2025-11-30","2025Nov","10948677.00"
"2025-12-31","2025Dec","10886549.00"
"2026-01-31","2026Jan","11535107.00"
"2026-02-28","2026Feb","11637003.00"
"2026-03-31","2026Mar","11262292.00"
"2026-04-30","2026Apr","11360787.00"
