"DATE","TIME PERIOD","Total assets of MFIs excluding NCB, Stocks (BSI.M.GR.N.A.T00.A.1.Z5.0000.Z01.E)"
"1998-03-31","1998Mar","141300.06"
"1998-04-30","1998Apr","142339.43"
"1998-05-31","1998May","142270.06"
"1998-06-30","1998Jun","146871.13"
"1998-07-31","1998Jul","148127.74"
"1998-08-31","1998Aug","154363.59"
"1998-09-30","1998Sep","152126.75"
"1998-10-31","1998Oct","147279.11"
"1998-11-30","1998Nov","150249.17"
"1998-12-31","1998Dec","151625.65"
"1999-01-31","1999Jan","155607.74"
"1999-02-28","1999Feb","160701.66"
"1999-03-31","1999Mar","159384.33"
"1999-04-30","1999Apr","165029.62"
"1999-05-31","1999May","168207.46"
"1999-06-30","1999Jun","167834.25"
"1999-07-31","1999Jul","167997.23"
"1999-08-31","1999Aug","170174.78"
"1999-09-30","1999Sep","175969.54"
"1999-10-31","1999Oct","174748.55"
"1999-11-30","1999Nov","178397.07"
"1999-12-31","1999Dec","181114.24"
"2000-01-31","2000Jan","184271.92"
"2000-02-29","2000Feb","186347.14"
"2000-03-31","2000Mar","186549.08"
"2000-04-30","2000Apr","189700.03"
"2000-05-31","2000May","192029.25"
"2000-06-30","2000Jun","200511.86"
"2000-07-31","2000Jul","197129.82"
"2000-08-31","2000Aug","198627.26"
"2000-09-30","2000Sep","201070.40"
"2000-10-31","2000Oct","207284.25"
"2000-11-30","2000Nov","207866.74"
"2000-12-31","2000Dec","207247.46"
"2001-01-31","2001Jan","199982.00"
"2001-02-28","2001Feb","198288.00"
"2001-03-31","2001Mar","202685.00"
"2001-04-30","2001Apr","203983.00"
"2001-05-31","2001May","208104.00"
"2001-06-30","2001Jun","204315.00"
"2001-07-31","2001Jul","203938.00"
"2001-08-31","2001Aug","201445.00"
"2001-09-30","2001Sep","202006.00"
"2001-10-31","2001Oct","202602.00"
"2001-11-30","2001Nov","209865.00"
"2001-12-31","2001Dec","212490.00"
"2002-01-31","2002Jan","212942.00"
"2002-02-28","2002Feb","210676.00"
"2002-03-31","2002Mar","207699.00"
"2002-04-30","2002Apr","204272.00"
"2002-05-31","2002May","201762.00"
"2002-06-30","2002Jun","203773.00"
"2002-07-31","2002Jul","208505.00"
"2002-08-31","2002Aug","208282.00"
"2002-09-30","2002Sep","208408.00"
"2002-10-31","2002Oct","206956.00"
"2002-11-30","2002Nov","210670.00"
"2002-12-31","2002Dec","212396.00"
"2003-01-31","2003Jan","213684.00"
"2003-02-28","2003Feb","216018.00"
"2003-03-31","2003Mar","218330.00"
"2003-04-30","2003Apr","215564.00"
"2003-05-31","2003May","215709.00"
"2003-06-30","2003Jun","218341.00"
"2003-07-31","2003Jul","221601.00"
"2003-08-31","2003Aug","219953.00"
"2003-09-30","2003Sep","221652.00"
"2003-10-31","2003Oct","223650.00"
"2003-11-30","2003Nov","230685.00"
"2003-12-31","2003Dec","229057.00"
"2004-01-31","2004Jan","231820.00"
"2004-02-29","2004Feb","232648.00"
"2004-03-31","2004Mar","232594.00"
"2004-04-30","2004Apr","236720.00"
"2004-05-31","2004May","238053.00"
"2004-06-30","2004Jun","243271.00"
"2004-07-31","2004Jul","244374.00"
"2004-08-31","2004Aug","242647.00"
"2004-09-30","2004Sep","244953.00"
"2004-10-31","2004Oct","244761.00"
"2004-11-30","2004Nov","249075.00"
"2004-12-31","2004Dec","246004.00"
"2005-01-31","2005Jan","251555.00"
"2005-02-28","2005Feb","255809.00"
"2005-03-31","2005Mar","255945.00"
"2005-04-30","2005Apr","256888.00"
"2005-05-31","2005May","261551.00"
"2005-06-30","2005Jun","265578.00"
"2005-07-31","2005Jul","267626.00"
"2005-08-31","2005Aug","270024.00"
"2005-09-30","2005Sep","277129.00"
"2005-10-31","2005Oct","278579.00"
"2005-11-30","2005Nov","282835.00"
"2005-12-31","2005Dec","286045.00"
"2006-01-31","2006Jan","284175.00"
"2006-02-28","2006Feb","287859.00"
"2006-03-31","2006Mar","291806.00"
"2006-04-30","2006Apr","291740.00"
"2006-05-31","2006May","296917.00"
"2006-06-30","2006Jun","300477.00"
"2006-07-31","2006Jul","303888.00"
"2006-08-31","2006Aug","304746.00"
"2006-09-30","2006Sep","311775.00"
"2006-10-31","2006Oct","311027.00"
"2006-11-30","2006Nov","314578.00"
"2006-12-31","2006Dec","321409.00"
"2007-01-31","2007Jan","322169.00"
"2007-02-28","2007Feb","329195.00"
"2007-03-31","2007Mar","338390.00"
"2007-04-30","2007Apr","338027.00"
"2007-05-31","2007May","346298.00"
"2007-06-30","2007Jun","353370.00"
"2007-07-31","2007Jul","354943.00"
"2007-08-31","2007Aug","354064.00"
"2007-09-30","2007Sep","362289.00"
"2007-10-31","2007Oct","365288.00"
"2007-11-30","2007Nov","374634.00"
"2007-12-31","2007Dec","391504.00"
"2008-01-31","2008Jan","387754.00"
"2008-02-29","2008Feb","393220.00"
"2008-03-31","2008Mar","403715.00"
"2008-04-30","2008Apr","408244.00"
"2008-05-31","2008May","417524.00"
"2008-06-30","2008Jun","424668.00"
"2008-07-31","2008Jul","428458.00"
"2008-08-31","2008Aug","435362.00"
"2008-09-30","2008Sep","441883.00"
"2008-10-31","2008Oct","453502.00"
"2008-11-30","2008Nov","456611.00"
"2008-12-31","2008Dec","464746.00"
"2009-01-31","2009Jan","459253.00"
"2009-02-28","2009Feb","463165.00"
"2009-03-31","2009Mar","473103.00"
"2009-04-30","2009Apr","476347.00"
"2009-05-31","2009May","472303.00"
"2009-06-30","2009Jun","491205.00"
"2009-07-31","2009Jul","483623.00"
"2009-08-31","2009Aug","478947.00"
"2009-09-30","2009Sep","481901.00"
"2009-10-31","2009Oct","485483.00"
"2009-11-30","2009Nov","485082.00"
"2009-12-31","2009Dec","492608.00"
"2010-01-31","2010Jan","488536.00"
"2010-02-28","2010Feb","498350.00"
"2010-03-31","2010Mar","503379.00"
"2010-04-30","2010Apr","506633.00"
"2010-05-31","2010May","509157.00"
"2010-06-30","2010Jun","544676.00"
"2010-07-31","2010Jul","537706.00"
"2010-08-31","2010Aug","524165.00"
"2010-09-30","2010Sep","528736.00"
"2010-10-31","2010Oct","518768.00"
"2010-11-30","2010Nov","518587.00"
"2010-12-31","2010Dec","514966.00"
"2011-01-31","2011Jan","506108.00"
"2011-02-28","2011Feb","504517.00"
"2011-03-31","2011Mar","498019.00"
"2011-04-30","2011Apr","489585.00"
"2011-05-31","2011May","491227.00"
"2011-06-30","2011Jun","502525.00"
"2011-07-31","2011Jul","500856.00"
"2011-08-31","2011Aug","489295.00"
"2011-09-30","2011Sep","490295.00"
"2011-10-31","2011Oct","483541.00"
"2011-11-30","2011Nov","480843.00"
"2011-12-31","2011Dec","476911.00"
"2012-01-31","2012Jan","466696.00"
"2012-02-29","2012Feb","490213.00"
"2012-03-31","2012Mar","435211.00"
"2012-04-30","2012Apr","429391.00"
"2012-05-31","2012May","444048.00"
"2012-06-30","2012Jun","437581.00"
"2012-07-31","2012Jul","438364.00"
"2012-08-31","2012Aug","438527.00"
"2012-09-30","2012Sep","437034.00"
"2012-10-31","2012Oct","436549.00"
"2012-11-30","2012Nov","436796.00"
"2012-12-31","2012Dec","442214.00"
"2013-01-31","2013Jan","434819.00"
"2013-02-28","2013Feb","430236.00"
"2013-03-31","2013Mar","427036.00"
"2013-04-30","2013Apr","424670.00"
"2013-05-31","2013May","422889.00"
"2013-06-30","2013Jun","419075.00"
"2013-07-31","2013Jul","417524.00"
"2013-08-31","2013Aug","416877.00"
"2013-09-30","2013Sep","420702.00"
"2013-10-31","2013Oct","418672.00"
"2013-11-30","2013Nov","418218.00"
"2013-12-31","2013Dec","407407.00"
"2014-01-31","2014Jan","406263.00"
"2014-02-28","2014Feb","405483.00"
"2014-03-31","2014Mar","404716.00"
"2014-04-30","2014Apr","402367.00"
"2014-05-31","2014May","398817.00"
"2014-06-30","2014Jun","397317.00"
"2014-07-31","2014Jul","395600.00"
"2014-08-31","2014Aug","396496.00"
"2014-09-30","2014Sep","394698.00"
"2014-10-31","2014Oct","394374.00"
"2014-11-30","2014Nov","396260.00"
"2014-12-31","2014Dec","397801.00"
"2015-01-31","2015Jan","400450.00"
"2015-02-28","2015Feb","396837.00"
"2015-03-31","2015Mar","395410.00"
"2015-04-30","2015Apr","394952.00"
"2015-05-31","2015May","391605.00"
"2015-06-30","2015Jun","386469.30"
"2015-07-31","2015Jul","383047.00"
"2015-08-31","2015Aug","383164.00"
"2015-09-30","2015Sep","382286.37"
"2015-10-31","2015Oct","382652.00"
"2015-11-30","2015Nov","382476.00"
"2015-12-31","2015Dec","386022.59"
"2016-01-31","2016Jan","384324.00"
"2016-02-29","2016Feb","383103.00"
"2016-03-31","2016Mar","381748.37"
"2016-04-30","2016Apr","379384.00"
"2016-05-31","2016May","378828.00"
"2016-06-30","2016Jun","370619.48"
"2016-07-31","2016Jul","370228.00"
"2016-08-31","2016Aug","369096.00"
"2016-09-30","2016Sep","365674.00"
"2016-10-31","2016Oct","364860.00"
"2016-11-30","2016Nov","363640.00"
"2016-12-31","2016Dec","351834.59"
"2017-01-31","2017Jan","347482.79"
"2017-02-28","2017Feb","347673.28"
"2017-03-31","2017Mar","341537.14"
"2017-04-30","2017Apr","339884.89"
"2017-05-31","2017May","336278.08"
"2017-06-30","2017Jun","333140.96"
"2017-07-31","2017Jul","326516.56"
"2017-08-31","2017Aug","319675.44"
"2017-09-30","2017Sep","315685.00"
"2017-10-31","2017Oct","313808.00"
"2017-11-30","2017Nov","312462.00"
"2017-12-31","2017Dec","301436.00"
"2018-01-31","2018Jan","298248.00"
"2018-02-28","2018Feb","299246.00"
"2018-03-31","2018Mar","295268.00"
"2018-04-30","2018Apr","293934.00"
"2018-05-31","2018May","296022.00"
"2018-06-30","2018Jun","291847.00"
"2018-07-31","2018Jul","292563.00"
"2018-08-31","2018Aug","294499.00"
"2018-09-30","2018Sep","291164.00"
"2018-10-31","2018Oct","291629.00"
"2018-11-30","2018Nov","290828.00"
"2018-12-31","2018Dec","292595.00"
"2019-01-31","2019Jan","289447.00"
"2019-02-28","2019Feb","287335.00"
"2019-03-31","2019Mar","286721.00"
"2019-04-30","2019Apr","286788.00"
"2019-05-31","2019May","288629.00"
"2019-06-30","2019Jun","299866.00"
"2019-07-31","2019Jul","298988.00"
"2019-08-31","2019Aug","299891.00"
"2019-09-30","2019Sep","316456.00"
"2019-10-31","2019Oct","317247.00"
"2019-11-30","2019Nov","318928.00"
"2019-12-31","2019Dec","309587.00"
"2020-01-31","2020Jan","313120.00"
"2020-02-29","2020Feb","314578.00"
"2020-03-31","2020Mar","308960.00"
"2020-04-30","2020Apr","315230.00"
"2020-05-31","2020May","319943.00"
"2020-06-30","2020Jun","326374.00"
"2020-07-31","2020Jul","334426.00"
"2020-08-31","2020Aug","332789.00"
"2020-09-30","2020Sep","335059.00"
"2020-10-31","2020Oct","337247.00"
"2020-11-30","2020Nov","340649.00"
"2020-12-31","2020Dec","336129.00"
"2021-01-31","2021Jan","334525.00"
"2021-02-28","2021Feb","330997.00"
"2021-03-31","2021Mar","334381.00"
"2021-04-30","2021Apr","317782.00"
"2021-05-31","2021May","321722.00"
"2021-06-30","2021Jun","335404.00"
"2021-07-31","2021Jul","329870.00"
"2021-08-31","2021Aug","332656.00"
"2021-09-30","2021Sep","329734.00"
"2021-10-31","2021Oct","326532.00"
"2021-11-30","2021Nov","331330.00"
"2021-12-31","2021Dec","328370.00"
"2022-01-31","2022Jan","325730.00"
"2022-02-28","2022Feb","324563.00"
"2022-03-31","2022Mar","322891.00"
"2022-04-30","2022Apr","326372.00"
"2022-05-31","2022May","327763.00"
"2022-06-30","2022Jun","332130.00"
"2022-07-31","2022Jul","332089.78"
"2022-08-31","2022Aug","335561.00"
"2022-09-30","2022Sep","339537.00"
"2022-10-31","2022Oct","338294.00"
"2022-11-30","2022Nov","336088.00"
"2022-12-31","2022Dec","327530.00"
"2023-01-31","2023Jan","321495.00"
"2023-02-28","2023Feb","320299.00"
"2023-03-31","2023Mar","317966.00"
"2023-04-30","2023Apr","320450.00"
"2023-05-31","2023May","321152.00"
"2023-06-30","2023Jun","314755.00"
"2023-07-31","2023Jul","313635.00"
"2023-08-31","2023Aug","315017.00"
"2023-09-30","2023Sep","317041.00"
"2023-10-31","2023Oct","315767.00"
"2023-11-30","2023Nov","314791.00"
"2023-12-31","2023Dec","317093.00"
"2024-01-31","2024Jan","315359.00"
"2024-02-29","2024Feb","314027.00"
"2024-03-31","2024Mar","313118.00"
"2024-04-30","2024Apr","315334.00"
"2024-05-31","2024May","315312.00"
"2024-06-30","2024Jun","314572.00"
"2024-07-31","2024Jul","315176.00"
"2024-08-31","2024Aug","316958.00"
"2024-09-30","2024Sep","319367.00"
"2024-10-31","2024Oct","317419.00"
"2024-11-30","2024Nov","323263.00"
"2024-12-31","2024Dec","321289.00"
"2025-01-31","2025Jan","318092.00"
"2025-02-28","2025Feb","320781.00"
"2025-03-31","2025Mar","321281.00"
"2025-04-30","2025Apr","319298.00"
"2025-05-31","2025May","323157.00"
"2025-06-30","2025Jun","327991.00"
"2025-07-31","2025Jul","327565.00"
"2025-08-31","2025Aug","329892.00"
"2025-09-30","2025Sep","331596.00"
"2025-10-31","2025Oct","329827.00"
"2025-11-30","2025Nov","334282.00"
"2025-12-31","2025Dec","342969.00"
"2026-01-31","2026Jan","338796.00"
"2026-02-28","2026Feb","345157.00"
"2026-03-31","2026Mar","346785.00"
"2026-04-30","2026Apr","345023.00"
