"DATE","TIME PERIOD","Holdings of Debt securities issued by domestic General Government reported by MFIs excluding NCB, Stocks (BSI.M.GR.N.A.A30.A.1.U6.2100.Z01.E)"
"1998-03-31","1998Mar","35908.71"
"1998-04-30","1998Apr","35145.90"
"1998-05-31","1998May","35565.80"
"1998-06-30","1998Jun","36449.41"
"1998-07-31","1998Jul","36616.97"
"1998-08-31","1998Aug","37227.71"
"1998-09-30","1998Sep","37644.73"
"1998-10-31","1998Oct","36301.94"
"1998-11-30","1998Nov","36914.85"
"1998-12-31","1998Dec","37681.16"
"1999-01-31","1999Jan","39089.13"
"1999-02-28","1999Feb","39615.13"
"1999-03-31","1999Mar","39405.61"
"1999-04-30","1999Apr","40335.35"
"1999-05-31","1999May","42066.52"
"1999-06-30","1999Jun","42922.78"
"1999-07-31","1999Jul","43176.23"
"1999-08-31","1999Aug","42545.81"
"1999-09-30","1999Sep","42647.74"
"1999-10-31","1999Oct","43315.19"
"1999-11-30","1999Nov","42800.09"
"1999-12-31","1999Dec","40206.45"
"2000-01-31","2000Jan","43011.39"
"2000-02-29","2000Feb","41998.07"
"2000-03-31","2000Mar","41188.52"
"2000-04-30","2000Apr","42864.91"
"2000-05-31","2000May","43876.15"
"2000-06-30","2000Jun","45492.06"
"2000-07-31","2000Jul","45453.54"
"2000-08-31","2000Aug","45637.16"
"2000-09-30","2000Sep","46108.75"
"2000-10-31","2000Oct","46285.98"
"2000-11-30","2000Nov","46709.44"
"2000-12-31","2000Dec","44635.76"
"2001-01-31","2001Jan","43142.00"
"2001-02-28","2001Feb","45744.00"
"2001-03-31","2001Mar","45590.00"
"2001-04-30","2001Apr","47664.00"
"2001-05-31","2001May","50535.00"
"2001-06-30","2001Jun","49792.00"
"2001-07-31","2001Jul","49075.00"
"2001-08-31","2001Aug","44287.00"
"2001-09-30","2001Sep","44842.00"
"2001-10-31","2001Oct","44389.00"
"2001-11-30","2001Nov","44932.00"
"2001-12-31","2001Dec","42108.00"
"2002-01-31","2002Jan","43855.00"
"2002-02-28","2002Feb","43579.00"
"2002-03-31","2002Mar","44209.00"
"2002-04-30","2002Apr","41724.00"
"2002-05-31","2002May","40600.00"
"2002-06-30","2002Jun","41121.00"
"2002-07-31","2002Jul","41174.00"
"2002-08-31","2002Aug","40240.00"
"2002-09-30","2002Sep","41360.00"
"2002-10-31","2002Oct","39777.00"
"2002-11-30","2002Nov","40510.00"
"2002-12-31","2002Dec","40478.00"
"2003-01-31","2003Jan","40012.00"
"2003-02-28","2003Feb","37182.00"
"2003-03-31","2003Mar","37727.00"
"2003-04-30","2003Apr","34459.00"
"2003-05-31","2003May","33584.00"
"2003-06-30","2003Jun","32557.00"
"2003-07-31","2003Jul","32655.00"
"2003-08-31","2003Aug","32769.00"
"2003-09-30","2003Sep","32138.00"
"2003-10-31","2003Oct","32570.00"
"2003-11-30","2003Nov","33225.00"
"2003-12-31","2003Dec","31747.00"
"2004-01-31","2004Jan","31381.00"
"2004-02-29","2004Feb","29950.00"
"2004-03-31","2004Mar","27888.00"
"2004-04-30","2004Apr","29684.00"
"2004-05-31","2004May","31086.00"
"2004-06-30","2004Jun","31339.00"
"2004-07-31","2004Jul","30264.00"
"2004-08-31","2004Aug","30042.00"
"2004-09-30","2004Sep","31451.00"
"2004-10-31","2004Oct","30159.00"
"2004-11-30","2004Nov","30538.00"
"2004-12-31","2004Dec","27871.00"
"2005-01-31","2005Jan","27943.00"
"2005-02-28","2005Feb","29279.00"
"2005-03-31","2005Mar","28615.00"
"2005-04-30","2005Apr","28465.00"
"2005-05-31","2005May","28289.00"
"2005-06-30","2005Jun","30327.00"
"2005-07-31","2005Jul","31215.00"
"2005-08-31","2005Aug","26623.00"
"2005-09-30","2005Sep","28716.00"
"2005-10-31","2005Oct","30576.00"
"2005-11-30","2005Nov","31329.00"
"2005-12-31","2005Dec","31446.00"
"2006-01-31","2006Jan","31018.00"
"2006-02-28","2006Feb","30727.00"
"2006-03-31","2006Mar","31166.00"
"2006-04-30","2006Apr","31846.00"
"2006-05-31","2006May","31684.00"
"2006-06-30","2006Jun","32723.00"
"2006-07-31","2006Jul","31147.00"
"2006-08-31","2006Aug","32041.00"
"2006-09-30","2006Sep","31165.00"
"2006-10-31","2006Oct","30135.00"
"2006-11-30","2006Nov","29360.00"
"2006-12-31","2006Dec","29660.00"
"2007-01-31","2007Jan","26983.00"
"2007-02-28","2007Feb","26608.00"
"2007-03-31","2007Mar","25381.00"
"2007-04-30","2007Apr","23943.00"
"2007-05-31","2007May","23970.00"
"2007-06-30","2007Jun","24856.00"
"2007-07-31","2007Jul","24089.00"
"2007-08-31","2007Aug","22217.00"
"2007-09-30","2007Sep","20434.00"
"2007-10-31","2007Oct","20981.00"
"2007-11-30","2007Nov","20892.00"
"2007-12-31","2007Dec","23678.00"
"2008-01-31","2008Jan","22231.00"
"2008-02-29","2008Feb","21463.00"
"2008-03-31","2008Mar","22500.00"
"2008-04-30","2008Apr","23993.00"
"2008-05-31","2008May","23214.00"
"2008-06-30","2008Jun","24749.00"
"2008-07-31","2008Jul","24974.00"
"2008-08-31","2008Aug","23557.00"
"2008-09-30","2008Sep","23687.00"
"2008-10-31","2008Oct","23811.00"
"2008-11-30","2008Nov","25051.00"
"2008-12-31","2008Dec","23677.00"
"2009-01-31","2009Jan","25310.00"
"2009-02-28","2009Feb","28805.00"
"2009-03-31","2009Mar","36319.00"
"2009-04-30","2009Apr","37594.00"
"2009-05-31","2009May","38884.00"
"2009-06-30","2009Jun","39266.00"
"2009-07-31","2009Jul","37061.00"
"2009-08-31","2009Aug","36365.00"
"2009-09-30","2009Sep","33150.00"
"2009-10-31","2009Oct","32199.00"
"2009-11-30","2009Nov","32206.00"
"2009-12-31","2009Dec","33649.00"
"2010-01-31","2010Jan","36340.00"
"2010-02-28","2010Feb","39047.00"
"2010-03-31","2010Mar","39296.00"
"2010-04-30","2010Apr","44630.00"
"2010-05-31","2010May","43584.00"
"2010-06-30","2010Jun","41688.00"
"2010-07-31","2010Jul","44802.00"
"2010-08-31","2010Aug","43727.00"
"2010-09-30","2010Sep","45104.00"
"2010-10-31","2010Oct","44732.00"
"2010-11-30","2010Nov","45323.00"
"2010-12-31","2010Dec","44839.00"
"2011-01-31","2011Jan","47633.00"
"2011-02-28","2011Feb","48053.00"
"2011-03-31","2011Mar","45680.00"
"2011-04-30","2011Apr","45736.00"
"2011-05-31","2011May","47092.00"
"2011-06-30","2011Jun","49142.00"
"2011-07-31","2011Jul","48654.00"
"2011-08-31","2011Aug","44387.00"
"2011-09-30","2011Sep","44878.00"
"2011-10-31","2011Oct","44652.00"
"2011-11-30","2011Nov","44867.00"
"2011-12-31","2011Dec","44988.00"
"2012-01-31","2012Jan","39068.00"
"2012-02-29","2012Feb","42381.00"
"2012-03-31","2012Mar","23630.00"
"2012-04-30","2012Apr","21684.00"
"2012-05-31","2012May","19420.00"
"2012-06-30","2012Jun","18847.00"
"2012-07-31","2012Jul","18279.00"
"2012-08-31","2012Aug","21864.00"
"2012-09-30","2012Sep","21982.00"
"2012-10-31","2012Oct","21936.00"
"2012-11-30","2012Nov","22295.00"
"2012-12-31","2012Dec","18558.00"
"2013-01-31","2013Jan","16945.00"
"2013-02-28","2013Feb","15401.00"
"2013-03-31","2013Mar","14840.00"
"2013-04-30","2013Apr","14560.00"
"2013-05-31","2013May","13984.00"
"2013-06-30","2013Jun","13988.00"
"2013-07-31","2013Jul","13498.00"
"2013-08-31","2013Aug","13092.00"
"2013-09-30","2013Sep","13174.00"
"2013-10-31","2013Oct","13483.00"
"2013-11-30","2013Nov","13100.00"
"2013-12-31","2013Dec","12722.00"
"2014-01-31","2014Jan","12938.00"
"2014-02-28","2014Feb","13537.00"
"2014-03-31","2014Mar","14907.00"
"2014-04-30","2014Apr","14697.00"
"2014-05-31","2014May","9854.00"
"2014-06-30","2014Jun","10306.00"
"2014-07-31","2014Jul","10158.00"
"2014-08-31","2014Aug","10193.00"
"2014-09-30","2014Sep","10055.00"
"2014-10-31","2014Oct","10359.00"
"2014-11-30","2014Nov","10873.00"
"2014-12-31","2014Dec","12379.00"
"2015-01-31","2015Jan","12831.00"
"2015-02-28","2015Feb","13893.00"
"2015-03-31","2015Mar","13454.00"
"2015-04-30","2015Apr","13634.00"
"2015-05-31","2015May","13719.00"
"2015-06-30","2015Jun","13486.49"
"2015-07-31","2015Jul","13292.00"
"2015-08-31","2015Aug","13949.00"
"2015-09-30","2015Sep","14400.37"
"2015-10-31","2015Oct","14537.00"
"2015-11-30","2015Nov","14163.00"
"2015-12-31","2015Dec","13907.31"
"2016-01-31","2016Jan","13554.00"
"2016-02-29","2016Feb","13561.00"
"2016-03-31","2016Mar","13304.52"
"2016-04-30","2016Apr","13269.00"
"2016-05-31","2016May","13752.00"
"2016-06-30","2016Jun","13338.00"
"2016-07-31","2016Jul","13622.00"
"2016-08-31","2016Aug","13619.00"
"2016-09-30","2016Sep","13141.00"
"2016-10-31","2016Oct","13463.00"
"2016-11-30","2016Nov","13697.00"
"2016-12-31","2016Dec","11671.00"
"2017-01-31","2017Jan","11764.00"
"2017-02-28","2017Feb","12243.00"
"2017-03-31","2017Mar","11771.00"
"2017-04-30","2017Apr","12370.00"
"2017-05-31","2017May","12480.00"
"2017-06-30","2017Jun","12385.00"
"2017-07-31","2017Jul","12200.00"
"2017-08-31","2017Aug","12282.00"
"2017-09-30","2017Sep","11766.00"
"2017-10-31","2017Oct","12326.00"
"2017-11-30","2017Nov","12276.00"
"2017-12-31","2017Dec","12057.00"
"2018-01-31","2018Jan","12619.00"
"2018-02-28","2018Feb","12228.00"
"2018-03-31","2018Mar","11233.00"
"2018-04-30","2018Apr","11571.00"
"2018-05-31","2018May","10927.00"
"2018-06-30","2018Jun","11045.00"
"2018-07-31","2018Jul","11425.00"
"2018-08-31","2018Aug","11176.00"
"2018-09-30","2018Sep","11257.00"
"2018-10-31","2018Oct","11818.00"
"2018-11-30","2018Nov","11681.00"
"2018-12-31","2018Dec","11692.00"
"2019-01-31","2019Jan","11772.00"
"2019-02-28","2019Feb","15100.00"
"2019-03-31","2019Mar","15143.00"
"2019-04-30","2019Apr","15659.00"
"2019-05-31","2019May","16009.00"
"2019-06-30","2019Jun","16292.00"
"2019-07-31","2019Jul","16819.00"
"2019-08-31","2019Aug","17141.00"
"2019-09-30","2019Sep","17698.00"
"2019-10-31","2019Oct","18421.00"
"2019-11-30","2019Nov","17895.00"
"2019-12-31","2019Dec","17482.00"
"2020-01-31","2020Jan","18344.00"
"2020-02-29","2020Feb","18905.00"
"2020-03-31","2020Mar","20129.00"
"2020-04-30","2020Apr","19979.00"
"2020-05-31","2020May","21704.00"
"2020-06-30","2020Jun","23801.00"
"2020-07-31","2020Jul","23423.00"
"2020-08-31","2020Aug","22892.00"
"2020-09-30","2020Sep","23641.00"
"2020-10-31","2020Oct","24388.00"
"2020-11-30","2020Nov","25109.00"
"2020-12-31","2020Dec","25286.00"
"2021-01-31","2021Jan","27267.00"
"2021-02-28","2021Feb","25959.00"
"2021-03-31","2021Mar","28048.00"
"2021-04-30","2021Apr","28363.00"
"2021-05-31","2021May","29405.00"
"2021-06-30","2021Jun","29770.00"
"2021-07-31","2021Jul","30024.00"
"2021-08-31","2021Aug","30408.00"
"2021-09-30","2021Sep","30075.00"
"2021-10-31","2021Oct","28838.00"
"2021-11-30","2021Nov","29112.00"
"2021-12-31","2021Dec","27965.00"
"2022-01-31","2022Jan","26426.00"
"2022-02-28","2022Feb","25349.00"
"2022-03-31","2022Mar","25577.00"
"2022-04-30","2022Apr","25005.00"
"2022-05-31","2022May","25586.00"
"2022-06-30","2022Jun","25876.00"
"2022-07-31","2022Jul","27484.00"
"2022-08-31","2022Aug","26119.00"
"2022-09-30","2022Sep","25479.00"
"2022-10-31","2022Oct","25695.00"
"2022-11-30","2022Nov","27066.00"
"2022-12-31","2022Dec","26474.00"
"2023-01-31","2023Jan","27781.00"
"2023-02-28","2023Feb","27773.00"
"2023-03-31","2023Mar","28316.00"
"2023-04-30","2023Apr","28864.00"
"2023-05-31","2023May","29235.00"
"2023-06-30","2023Jun","29724.00"
"2023-07-31","2023Jul","29454.00"
"2023-08-31","2023Aug","28998.00"
"2023-09-30","2023Sep","29255.00"
"2023-10-31","2023Oct","29654.00"
"2023-11-30","2023Nov","30442.00"
"2023-12-31","2023Dec","31850.00"
"2024-01-31","2024Jan","31420.00"
"2024-02-29","2024Feb","32381.00"
"2024-03-31","2024Mar","31961.00"
"2024-04-30","2024Apr","31649.00"
"2024-05-31","2024May","32121.00"
"2024-06-30","2024Jun","31909.00"
"2024-07-31","2024Jul","32230.00"
"2024-08-31","2024Aug","32007.00"
"2024-09-30","2024Sep","32327.00"
"2024-10-31","2024Oct","32613.00"
"2024-11-30","2024Nov","33676.00"
"2024-12-31","2024Dec","33534.00"
"2025-01-31","2025Jan","34052.00"
"2025-02-28","2025Feb","34041.00"
"2025-03-31","2025Mar","33624.00"
"2025-04-30","2025Apr","33679.00"
"2025-05-31","2025May","33957.00"
"2025-06-30","2025Jun","33850.00"
"2025-07-31","2025Jul","33970.00"
"2025-08-31","2025Aug","33646.00"
"2025-09-30","2025Sep","33969.00"
"2025-10-31","2025Oct","33822.00"
"2025-11-30","2025Nov","33874.00"
"2025-12-31","2025Dec","33433.00"
"2026-01-31","2026Jan","33514.00"
"2026-02-28","2026Feb","33279.00"
"2026-03-31","2026Mar","33479.00"
"2026-04-30","2026Apr","33471.00"
