"DATE","TIME PERIOD","Holdings of Debt securities issued by domestic General Government reported by MFIs excluding NCB, Stocks (BSI.M.IE.N.A.A30.A.1.U6.2100.Z01.E)"
"1997-09-30","1997Sep","4825.00"
"1997-10-31","1997Oct","4916.43"
"1997-11-30","1997Nov","5158.95"
"1997-12-31","1997Dec","5198.31"
"1998-01-31","1998Jan","5327.82"
"1998-02-28","1998Feb","4973.56"
"1998-03-31","1998Mar","5348.14"
"1998-04-30","1998Apr","5090.38"
"1998-05-31","1998May","4957.06"
"1998-06-30","1998Jun","5029.43"
"1998-07-31","1998Jul","4912.62"
"1998-08-31","1998Aug","5597.01"
"1998-09-30","1998Sep","5530.98"
"1998-10-31","1998Oct","6226.80"
"1998-11-30","1998Nov","5717.63"
"1998-12-31","1998Dec","5765.88"
"1999-01-31","1999Jan","6155.00"
"1999-02-28","1999Feb","6720.00"
"1999-03-31","1999Mar","6698.00"
"1999-04-30","1999Apr","6099.00"
"1999-05-31","1999May","6217.00"
"1999-06-30","1999Jun","6086.00"
"1999-07-31","1999Jul","5675.00"
"1999-08-31","1999Aug","5461.00"
"1999-09-30","1999Sep","5444.00"
"1999-10-31","1999Oct","5803.00"
"1999-11-30","1999Nov","6114.00"
"1999-12-31","1999Dec","6135.00"
"2000-01-31","2000Jan","6443.00"
"2000-02-29","2000Feb","6476.00"
"2000-03-31","2000Mar","6187.00"
"2000-04-30","2000Apr","5187.00"
"2000-05-31","2000May","5243.00"
"2000-06-30","2000Jun","5139.00"
"2000-07-31","2000Jul","5305.00"
"2000-08-31","2000Aug","5312.00"
"2000-09-30","2000Sep","5410.00"
"2000-10-31","2000Oct","4724.00"
"2000-11-30","2000Nov","4823.00"
"2000-12-31","2000Dec","5134.00"
"2001-01-31","2001Jan","5093.00"
"2001-02-28","2001Feb","5066.00"
"2001-03-31","2001Mar","5440.00"
"2001-04-30","2001Apr","5303.00"
"2001-05-31","2001May","5271.00"
"2001-06-30","2001Jun","5155.00"
"2001-07-31","2001Jul","5120.00"
"2001-08-31","2001Aug","5210.00"
"2001-09-30","2001Sep","5282.00"
"2001-10-31","2001Oct","4544.00"
"2001-11-30","2001Nov","4785.00"
"2001-12-31","2001Dec","4870.00"
"2002-01-31","2002Jan","4227.00"
"2002-02-28","2002Feb","4346.00"
"2002-03-31","2002Mar","4461.00"
"2002-04-30","2002Apr","4578.00"
"2002-05-31","2002May","4563.00"
"2002-06-30","2002Jun","4797.00"
"2002-07-31","2002Jul","5028.00"
"2002-08-31","2002Aug","4926.00"
"2002-09-30","2002Sep","5028.00"
"2002-10-31","2002Oct","4350.00"
"2002-11-30","2002Nov","4495.00"
"2002-12-31","2002Dec","4436.00"
"2003-01-31","2003Jan","4512.00"
"2003-02-28","2003Feb","4496.00"
"2003-03-31","2003Mar","4420.00"
"2003-04-30","2003Apr","4336.00"
"2003-05-31","2003May","4457.00"
"2003-06-30","2003Jun","4498.00"
"2003-07-31","2003Jul","4500.00"
"2003-08-31","2003Aug","4490.00"
"2003-09-30","2003Sep","4544.00"
"2003-10-31","2003Oct","4587.00"
"2003-11-30","2003Nov","4751.00"
"2003-12-31","2003Dec","4664.00"
"2004-01-31","2004Jan","4551.00"
"2004-02-29","2004Feb","4383.00"
"2004-03-31","2004Mar","4313.00"
"2004-04-30","2004Apr","4206.00"
"2004-05-31","2004May","4046.00"
"2004-06-30","2004Jun","4141.00"
"2004-07-31","2004Jul","4261.00"
"2004-08-31","2004Aug","4103.00"
"2004-09-30","2004Sep","4205.00"
"2004-10-31","2004Oct","4147.00"
"2004-11-30","2004Nov","4187.00"
"2004-12-31","2004Dec","4038.00"
"2005-01-31","2005Jan","4074.00"
"2005-02-28","2005Feb","4114.00"
"2005-03-31","2005Mar","4142.00"
"2005-04-30","2005Apr","4114.00"
"2005-05-31","2005May","4001.00"
"2005-06-30","2005Jun","3985.00"
"2005-07-31","2005Jul","3921.00"
"2005-08-31","2005Aug","3957.00"
"2005-09-30","2005Sep","4107.00"
"2005-10-31","2005Oct","3760.00"
"2005-11-30","2005Nov","3712.00"
"2005-12-31","2005Dec","3617.00"
"2006-01-31","2006Jan","3556.00"
"2006-02-28","2006Feb","3485.00"
"2006-03-31","2006Mar","3494.00"
"2006-04-30","2006Apr","3536.00"
"2006-05-31","2006May","3724.00"
"2006-06-30","2006Jun","3644.00"
"2006-07-31","2006Jul","3644.00"
"2006-08-31","2006Aug","3514.00"
"2006-09-30","2006Sep","3484.00"
"2006-10-31","2006Oct","3391.00"
"2006-11-30","2006Nov","3143.00"
"2006-12-31","2006Dec","3121.00"
"2007-01-31","2007Jan","3008.00"
"2007-02-28","2007Feb","2704.00"
"2007-03-31","2007Mar","2619.00"
"2007-04-30","2007Apr","2379.00"
"2007-05-31","2007May","2171.00"
"2007-06-30","2007Jun","1977.00"
"2007-07-31","2007Jul","1743.00"
"2007-08-31","2007Aug","1737.00"
"2007-09-30","2007Sep","1754.00"
"2007-10-31","2007Oct","736.00"
"2007-11-30","2007Nov","646.00"
"2007-12-31","2007Dec","638.00"
"2008-01-31","2008Jan","556.00"
"2008-02-29","2008Feb","548.00"
"2008-03-31","2008Mar","566.00"
"2008-04-30","2008Apr","643.00"
"2008-05-31","2008May","618.00"
"2008-06-30","2008Jun","712.00"
"2008-07-31","2008Jul","662.00"
"2008-08-31","2008Aug","555.00"
"2008-09-30","2008Sep","525.00"
"2008-10-31","2008Oct","540.00"
"2008-11-30","2008Nov","2132.00"
"2008-12-31","2008Dec","2140.00"
"2009-01-31","2009Jan","4094.00"
"2009-02-28","2009Feb","5433.00"
"2009-03-31","2009Mar","6181.00"
"2009-04-30","2009Apr","6139.00"
"2009-05-31","2009May","6216.00"
"2009-06-30","2009Jun","7571.00"
"2009-07-31","2009Jul","7927.00"
"2009-08-31","2009Aug","7936.00"
"2009-09-30","2009Sep","8164.00"
"2009-10-31","2009Oct","8163.00"
"2009-11-30","2009Nov","8298.00"
"2009-12-31","2009Dec","8219.00"
"2010-01-31","2010Jan","8325.00"
"2010-02-28","2010Feb","8168.00"
"2010-03-31","2010Mar","7903.00"
"2010-04-30","2010Apr","7965.00"
"2010-05-31","2010May","7844.00"
"2010-06-30","2010Jun","8277.00"
"2010-07-31","2010Jul","8576.00"
"2010-08-31","2010Aug","9454.00"
"2010-09-30","2010Sep","10804.00"
"2010-10-31","2010Oct","11079.00"
"2010-11-30","2010Nov","11318.00"
"2010-12-31","2010Dec","11808.00"
"2011-01-31","2011Jan","12074.00"
"2011-02-28","2011Feb","11031.00"
"2011-03-31","2011Mar","10996.00"
"2011-04-30","2011Apr","10191.00"
"2011-05-31","2011May","10195.00"
"2011-06-30","2011Jun","10299.00"
"2011-07-31","2011Jul","10462.00"
"2011-08-31","2011Aug","12074.00"
"2011-09-30","2011Sep","12922.00"
"2011-10-31","2011Oct","13108.00"
"2011-11-30","2011Nov","12279.00"
"2011-12-31","2011Dec","13029.00"
"2012-01-31","2012Jan","14346.00"
"2012-02-29","2012Feb","14706.00"
"2012-03-31","2012Mar","14643.00"
"2012-04-30","2012Apr","17591.00"
"2012-05-31","2012May","17121.00"
"2012-06-30","2012Jun","17543.00"
"2012-07-31","2012Jul","17810.00"
"2012-08-31","2012Aug","18613.00"
"2012-09-30","2012Sep","18851.00"
"2012-10-31","2012Oct","19154.00"
"2012-11-30","2012Nov","19620.00"
"2012-12-31","2012Dec","19589.00"
"2013-01-31","2013Jan","20788.00"
"2013-02-28","2013Feb","17330.00"
"2013-03-31","2013Mar","18156.00"
"2013-04-30","2013Apr","18600.00"
"2013-05-31","2013May","18995.00"
"2013-06-30","2013Jun","19395.00"
"2013-07-31","2013Jul","19433.00"
"2013-08-31","2013Aug","19321.00"
"2013-09-30","2013Sep","19689.00"
"2013-10-31","2013Oct","20116.00"
"2013-11-30","2013Nov","20163.00"
"2013-12-31","2013Dec","19924.00"
"2014-01-31","2014Jan","19402.00"
"2014-02-28","2014Feb","19567.00"
"2014-03-31","2014Mar","19202.00"
"2014-04-30","2014Apr","19365.00"
"2014-05-31","2014May","20187.00"
"2014-06-30","2014Jun","20098.00"
"2014-07-31","2014Jul","19969.00"
"2014-08-31","2014Aug","20346.00"
"2014-09-30","2014Sep","20467.00"
"2014-10-31","2014Oct","20232.00"
"2014-11-30","2014Nov","20143.00"
"2014-12-31","2014Dec","20247.00"
"2015-01-31","2015Jan","21041.00"
"2015-02-28","2015Feb","19723.00"
"2015-03-31","2015Mar","19784.00"
"2015-04-30","2015Apr","19602.00"
"2015-05-31","2015May","19159.00"
"2015-06-30","2015Jun","18400.00"
"2015-07-31","2015Jul","18617.00"
"2015-08-31","2015Aug","18367.00"
"2015-09-30","2015Sep","18843.00"
"2015-10-31","2015Oct","18944.00"
"2015-11-30","2015Nov","18909.00"
"2015-12-31","2015Dec","18914.00"
"2016-01-31","2016Jan","18830.00"
"2016-02-29","2016Feb","18341.00"
"2016-03-31","2016Mar","18275.00"
"2016-04-30","2016Apr","17268.00"
"2016-05-31","2016May","17324.00"
"2016-06-30","2016Jun","17387.00"
"2016-07-31","2016Jul","17132.00"
"2016-08-31","2016Aug","17121.00"
"2016-09-30","2016Sep","17248.00"
"2016-10-31","2016Oct","17200.00"
"2016-11-30","2016Nov","17743.00"
"2016-12-31","2016Dec","17721.00"
"2017-01-31","2017Jan","17740.00"
"2017-02-28","2017Feb","17993.00"
"2017-03-31","2017Mar","18167.00"
"2017-04-30","2017Apr","18554.00"
"2017-05-31","2017May","18259.00"
"2017-06-30","2017Jun","18360.00"
"2017-07-31","2017Jul","18276.00"
"2017-08-31","2017Aug","18312.00"
"2017-09-30","2017Sep","18388.00"
"2017-10-31","2017Oct","16671.00"
"2017-11-30","2017Nov","16562.00"
"2017-12-31","2017Dec","16459.00"
"2018-01-31","2018Jan","16820.00"
"2018-02-28","2018Feb","16748.00"
"2018-03-31","2018Mar","16632.00"
"2018-04-30","2018Apr","16714.00"
"2018-05-31","2018May","17431.00"
"2018-06-30","2018Jun","17350.00"
"2018-07-31","2018Jul","17407.00"
"2018-08-31","2018Aug","17749.00"
"2018-09-30","2018Sep","17532.00"
"2018-10-31","2018Oct","16381.00"
"2018-11-30","2018Nov","16642.00"
"2018-12-31","2018Dec","16824.00"
"2019-01-31","2019Jan","17699.00"
"2019-02-28","2019Feb","18002.00"
"2019-03-31","2019Mar","18276.00"
"2019-04-30","2019Apr","18229.00"
"2019-05-31","2019May","18390.00"
"2019-06-30","2019Jun","17000.00"
"2019-07-31","2019Jul","17193.00"
"2019-08-31","2019Aug","17289.00"
"2019-09-30","2019Sep","17412.00"
"2019-10-31","2019Oct","15662.00"
"2019-11-30","2019Nov","15551.00"
"2019-12-31","2019Dec","15283.00"
"2020-01-31","2020Jan","15592.00"
"2020-02-29","2020Feb","15741.00"
"2020-03-31","2020Mar","16493.00"
"2020-04-30","2020Apr","15937.00"
"2020-05-31","2020May","17602.00"
"2020-06-30","2020Jun","19280.00"
"2020-07-31","2020Jul","19364.00"
"2020-08-31","2020Aug","19575.00"
"2020-09-30","2020Sep","20203.00"
"2020-10-31","2020Oct","19121.00"
"2020-11-30","2020Nov","19318.00"
"2020-12-31","2020Dec","19343.00"
"2021-01-31","2021Jan","19611.00"
"2021-02-28","2021Feb","19446.00"
"2021-03-31","2021Mar","19553.00"
"2021-04-30","2021Apr","19081.00"
"2021-05-31","2021May","18440.00"
"2021-06-30","2021Jun","17562.00"
"2021-07-31","2021Jul","17748.00"
"2021-08-31","2021Aug","17691.00"
"2021-09-30","2021Sep","16543.00"
"2021-10-31","2021Oct","16529.00"
"2021-11-30","2021Nov","16697.00"
"2021-12-31","2021Dec","16617.00"
"2022-01-31","2022Jan","16491.00"
"2022-02-28","2022Feb","15761.00"
"2022-03-31","2022Mar","13647.00"
"2022-04-30","2022Apr","12617.00"
"2022-05-31","2022May","12632.00"
"2022-06-30","2022Jun","12429.00"
"2022-07-31","2022Jul","12584.00"
"2022-08-31","2022Aug","12314.00"
"2022-09-30","2022Sep","12012.00"
"2022-10-31","2022Oct","11560.00"
"2022-11-30","2022Nov","11664.00"
"2022-12-31","2022Dec","11052.00"
"2023-01-31","2023Jan","11392.00"
"2023-02-28","2023Feb","11300.00"
"2023-03-31","2023Mar","10126.00"
"2023-04-30","2023Apr","10366.00"
"2023-05-31","2023May","10354.00"
"2023-06-30","2023Jun","10292.00"
"2023-07-31","2023Jul","10419.00"
"2023-08-31","2023Aug","10437.00"
"2023-09-30","2023Sep","10377.00"
"2023-10-31","2023Oct","10493.00"
"2023-11-30","2023Nov","10673.00"
"2023-12-31","2023Dec","10904.00"
"2024-01-31","2024Jan","11014.00"
"2024-02-29","2024Feb","10939.00"
"2024-03-31","2024Mar","10653.00"
"2024-04-30","2024Apr","10550.00"
"2024-05-31","2024May","10636.00"
"2024-06-30","2024Jun","10449.00"
"2024-07-31","2024Jul","10635.00"
"2024-08-31","2024Aug","10684.00"
"2024-09-30","2024Sep","10797.00"
"2024-10-31","2024Oct","10891.00"
"2024-11-30","2024Nov","10927.00"
"2024-12-31","2024Dec","10871.00"
"2025-01-31","2025Jan","11326.00"
"2025-02-28","2025Feb","11166.00"
"2025-03-31","2025Mar","11013.00"
"2025-04-30","2025Apr","11263.00"
"2025-05-31","2025May","11803.00"
"2025-06-30","2025Jun","11896.00"
"2025-07-31","2025Jul","12319.00"
"2025-08-31","2025Aug","12179.00"
"2025-09-30","2025Sep","12722.00"
"2025-10-31","2025Oct","13155.00"
"2025-11-30","2025Nov","13110.00"
"2025-12-31","2025Dec","13089.00"
"2026-01-31","2026Jan","13626.00"
"2026-02-28","2026Feb","14026.00"
"2026-03-31","2026Mar","14015.00"
"2026-04-30","2026Apr","14412.00"
