"DATE","TIME PERIOD","Holdings of Debt securities issued by domestic General Government reported by MFIs excluding NCB, Stocks (BSI.M.IT.N.A.A30.A.1.U6.2100.Z01.E)"
"1997-09-30","1997Sep","185547.00"
"1997-10-31","1997Oct","186603.00"
"1997-11-30","1997Nov","186953.00"
"1997-12-31","1997Dec","181967.00"
"1998-01-31","1998Jan","186224.00"
"1998-02-28","1998Feb","182483.00"
"1998-03-31","1998Mar","189618.00"
"1998-04-30","1998Apr","189752.00"
"1998-05-31","1998May","189353.00"
"1998-06-30","1998Jun","196068.00"
"1998-07-31","1998Jul","200143.00"
"1998-08-31","1998Aug","196179.00"
"1998-09-30","1998Sep","200712.00"
"1998-10-31","1998Oct","206414.00"
"1998-11-30","1998Nov","194617.00"
"1998-12-31","1998Dec","188283.00"
"1999-01-31","1999Jan","191375.00"
"1999-02-28","1999Feb","196338.00"
"1999-03-31","1999Mar","191037.00"
"1999-04-30","1999Apr","192097.00"
"1999-05-31","1999May","191066.00"
"1999-06-30","1999Jun","190552.00"
"1999-07-31","1999Jul","186581.00"
"1999-08-31","1999Aug","185487.00"
"1999-09-30","1999Sep","187722.00"
"1999-10-31","1999Oct","188966.00"
"1999-11-30","1999Nov","179929.00"
"1999-12-31","1999Dec","176844.00"
"2000-01-31","2000Jan","173861.00"
"2000-02-29","2000Feb","172908.00"
"2000-03-31","2000Mar","170394.00"
"2000-04-30","2000Apr","171092.00"
"2000-05-31","2000May","166623.00"
"2000-06-30","2000Jun","165446.00"
"2000-07-31","2000Jul","160223.00"
"2000-08-31","2000Aug","157295.00"
"2000-09-30","2000Sep","155893.00"
"2000-10-31","2000Oct","156949.00"
"2000-11-30","2000Nov","152723.00"
"2000-12-31","2000Dec","146097.00"
"2001-01-31","2001Jan","148172.00"
"2001-02-28","2001Feb","149330.00"
"2001-03-31","2001Mar","149813.00"
"2001-04-30","2001Apr","152973.00"
"2001-05-31","2001May","151816.00"
"2001-06-30","2001Jun","152977.00"
"2001-07-31","2001Jul","149203.00"
"2001-08-31","2001Aug","147799.00"
"2001-09-30","2001Sep","153612.00"
"2001-10-31","2001Oct","155411.00"
"2001-11-30","2001Nov","152928.00"
"2001-12-31","2001Dec","149149.00"
"2002-01-31","2002Jan","156823.00"
"2002-02-28","2002Feb","158086.00"
"2002-03-31","2002Mar","164851.00"
"2002-04-30","2002Apr","162379.00"
"2002-05-31","2002May","164999.00"
"2002-06-30","2002Jun","160476.00"
"2002-07-31","2002Jul","154146.00"
"2002-08-31","2002Aug","151310.00"
"2002-09-30","2002Sep","154690.00"
"2002-10-31","2002Oct","154637.00"
"2002-11-30","2002Nov","151392.00"
"2002-12-31","2002Dec","145094.00"
"2003-01-31","2003Jan","162335.00"
"2003-02-28","2003Feb","165200.00"
"2003-03-31","2003Mar","167039.00"
"2003-04-30","2003Apr","166355.00"
"2003-05-31","2003May","169672.00"
"2003-06-30","2003Jun","169823.00"
"2003-07-31","2003Jul","173177.00"
"2003-08-31","2003Aug","174417.00"
"2003-09-30","2003Sep","172741.00"
"2003-10-31","2003Oct","171805.00"
"2003-11-30","2003Nov","177861.00"
"2003-12-31","2003Dec","167107.00"
"2004-01-31","2004Jan","167962.00"
"2004-02-29","2004Feb","169467.00"
"2004-03-31","2004Mar","172857.00"
"2004-04-30","2004Apr","173178.00"
"2004-05-31","2004May","169944.00"
"2004-06-30","2004Jun","176642.00"
"2004-07-31","2004Jul","173260.00"
"2004-08-31","2004Aug","173171.00"
"2004-09-30","2004Sep","179400.00"
"2004-10-31","2004Oct","176277.00"
"2004-11-30","2004Nov","174362.00"
"2004-12-31","2004Dec","162810.00"
"2005-01-31","2005Jan","164729.00"
"2005-02-28","2005Feb","170138.00"
"2005-03-31","2005Mar","169638.00"
"2005-04-30","2005Apr","168982.00"
"2005-05-31","2005May","167430.00"
"2005-06-30","2005Jun","172312.00"
"2005-07-31","2005Jul","168329.00"
"2005-08-31","2005Aug","167694.00"
"2005-09-30","2005Sep","168594.00"
"2005-10-31","2005Oct","173304.00"
"2005-11-30","2005Nov","174458.00"
"2005-12-31","2005Dec","163300.00"
"2006-01-31","2006Jan","167979.00"
"2006-02-28","2006Feb","164998.00"
"2006-03-31","2006Mar","154929.00"
"2006-04-30","2006Apr","153934.00"
"2006-05-31","2006May","152155.00"
"2006-06-30","2006Jun","159433.00"
"2006-07-31","2006Jul","156311.00"
"2006-08-31","2006Aug","156597.00"
"2006-09-30","2006Sep","163085.00"
"2006-10-31","2006Oct","165545.00"
"2006-11-30","2006Nov","167825.00"
"2006-12-31","2006Dec","158150.00"
"2007-01-31","2007Jan","164620.00"
"2007-02-28","2007Feb","167771.00"
"2007-03-31","2007Mar","169840.00"
"2007-04-30","2007Apr","169950.00"
"2007-05-31","2007May","175376.00"
"2007-06-30","2007Jun","174722.00"
"2007-07-31","2007Jul","171086.00"
"2007-08-31","2007Aug","163625.00"
"2007-09-30","2007Sep","159568.00"
"2007-10-31","2007Oct","170012.00"
"2007-11-30","2007Nov","169398.00"
"2007-12-31","2007Dec","164768.00"
"2008-01-31","2008Jan","170218.00"
"2008-02-29","2008Feb","171752.00"
"2008-03-31","2008Mar","170437.00"
"2008-04-30","2008Apr","169426.00"
"2008-05-31","2008May","166851.00"
"2008-06-30","2008Jun","164798.00"
"2008-07-31","2008Jul","166076.00"
"2008-08-31","2008Aug","168796.00"
"2008-09-30","2008Sep","165712.00"
"2008-10-31","2008Oct","164108.00"
"2008-11-30","2008Nov","166335.00"
"2008-12-31","2008Dec","164949.00"
"2009-01-31","2009Jan","171983.00"
"2009-02-28","2009Feb","175816.00"
"2009-03-31","2009Mar","190740.00"
"2009-04-30","2009Apr","191036.00"
"2009-05-31","2009May","195437.00"
"2009-06-30","2009Jun","196804.00"
"2009-07-31","2009Jul","198587.00"
"2009-08-31","2009Aug","198720.00"
"2009-09-30","2009Sep","207061.00"
"2009-10-31","2009Oct","207970.00"
"2009-11-30","2009Nov","206111.00"
"2009-12-31","2009Dec","198228.00"
"2010-01-31","2010Jan","203779.00"
"2010-02-28","2010Feb","211558.00"
"2010-03-31","2010Mar","217899.00"
"2010-04-30","2010Apr","228482.00"
"2010-05-31","2010May","241137.00"
"2010-06-30","2010Jun","245248.00"
"2010-07-31","2010Jul","244436.00"
"2010-08-31","2010Aug","239983.00"
"2010-09-30","2010Sep","239015.00"
"2010-10-31","2010Oct","239055.00"
"2010-11-30","2010Nov","242946.00"
"2010-12-31","2010Dec","238787.00"
"2011-01-31","2011Jan","242295.00"
"2011-02-28","2011Feb","234775.00"
"2011-03-31","2011Mar","226374.00"
"2011-04-30","2011Apr","228164.00"
"2011-05-31","2011May","234268.00"
"2011-06-30","2011Jun","239714.00"
"2011-07-31","2011Jul","246196.00"
"2011-08-31","2011Aug","253166.00"
"2011-09-30","2011Sep","249376.00"
"2011-10-31","2011Oct","247318.00"
"2011-11-30","2011Nov","240163.00"
"2011-12-31","2011Dec","244533.00"
"2012-01-31","2012Jan","273439.00"
"2012-02-29","2012Feb","295372.00"
"2012-03-31","2012Mar","317520.00"
"2012-04-30","2012Apr","321547.00"
"2012-05-31","2012May","328624.00"
"2012-06-30","2012Jun","336027.00"
"2012-07-31","2012Jul","337183.00"
"2012-08-31","2012Aug","336391.00"
"2012-09-30","2012Sep","347056.00"
"2012-10-31","2012Oct","359626.00"
"2012-11-30","2012Nov","365105.00"
"2012-12-31","2012Dec","351618.00"
"2013-01-31","2013Jan","371741.00"
"2013-02-28","2013Feb","372368.00"
"2013-03-31","2013Mar","384424.00"
"2013-04-30","2013Apr","399362.00"
"2013-05-31","2013May","416586.00"
"2013-06-30","2013Jun","423265.00"
"2013-07-31","2013Jul","419040.00"
"2013-08-31","2013Aug","417692.00"
"2013-09-30","2013Sep","414950.00"
"2013-10-31","2013Oct","418518.00"
"2013-11-30","2013Nov","420974.00"
"2013-12-31","2013Dec","404472.00"
"2014-01-31","2014Jan","400781.00"
"2014-02-28","2014Feb","410142.00"
"2014-03-31","2014Mar","413291.00"
"2014-04-30","2014Apr","422353.00"
"2014-05-31","2014May","420165.00"
"2014-06-30","2014Jun","416295.00"
"2014-07-31","2014Jul","414227.00"
"2014-08-31","2014Aug","417202.00"
"2014-09-30","2014Sep","412620.00"
"2014-10-31","2014Oct","430965.00"
"2014-11-30","2014Nov","427955.00"
"2014-12-31","2014Dec","416538.00"
"2015-01-31","2015Jan","432355.00"
"2015-02-28","2015Feb","439588.00"
"2015-03-31","2015Mar","432956.00"
"2015-04-30","2015Apr","430713.00"
"2015-05-31","2015May","430359.00"
"2015-06-30","2015Jun","419886.00"
"2015-07-31","2015Jul","421513.00"
"2015-08-31","2015Aug","418459.00"
"2015-09-30","2015Sep","415475.00"
"2015-10-31","2015Oct","419254.00"
"2015-11-30","2015Nov","421456.00"
"2015-12-31","2015Dec","403133.00"
"2016-01-31","2016Jan","409468.00"
"2016-02-29","2016Feb","420070.00"
"2016-03-31","2016Mar","414108.00"
"2016-04-30","2016Apr","418600.00"
"2016-05-31","2016May","422296.00"
"2016-06-30","2016Jun","427826.00"
"2016-07-31","2016Jul","426229.00"
"2016-08-31","2016Aug","413603.00"
"2016-09-30","2016Sep","406794.00"
"2016-10-31","2016Oct","404661.00"
"2016-11-30","2016Nov","394738.00"
"2016-12-31","2016Dec","386609.00"
"2017-01-31","2017Jan","390592.00"
"2017-02-28","2017Feb","394633.00"
"2017-03-31","2017Mar","402838.00"
"2017-04-30","2017Apr","405948.00"
"2017-05-31","2017May","396597.00"
"2017-06-30","2017Jun","376472.00"
"2017-07-31","2017Jul","381358.00"
"2017-08-31","2017Aug","379528.00"
"2017-09-30","2017Sep","374216.00"
"2017-10-31","2017Oct","362021.00"
"2017-11-30","2017Nov","347305.00"
"2017-12-31","2017Dec","334669.00"
"2018-01-31","2018Jan","344707.00"
"2018-02-28","2018Feb","347851.00"
"2018-03-31","2018Mar","348799.00"
"2018-04-30","2018Apr","352393.00"
"2018-05-31","2018May","363555.00"
"2018-06-30","2018Jun","380240.00"
"2018-07-31","2018Jul","383282.00"
"2018-08-31","2018Aug","374480.00"
"2018-09-30","2018Sep","378678.00"
"2018-10-31","2018Oct","382530.00"
"2018-11-30","2018Nov","388335.00"
"2018-12-31","2018Dec","377775.00"
"2019-01-31","2019Jan","391138.00"
"2019-02-28","2019Feb","395846.00"
"2019-03-31","2019Mar","395758.00"
"2019-04-30","2019Apr","403143.00"
"2019-05-31","2019May","399704.00"
"2019-06-30","2019Jun","398067.00"
"2019-07-31","2019Jul","409448.00"
"2019-08-31","2019Aug","410291.00"
"2019-09-30","2019Sep","410972.00"
"2019-10-31","2019Oct","405337.00"
"2019-11-30","2019Nov","395452.00"
"2019-12-31","2019Dec","384696.00"
"2020-01-31","2020Jan","388245.00"
"2020-02-29","2020Feb","391414.00"
"2020-03-31","2020Mar","405049.00"
"2020-04-30","2020Apr","427221.00"
"2020-05-31","2020May","442028.00"
"2020-06-30","2020Jun","442160.00"
"2020-07-31","2020Jul","448612.00"
"2020-08-31","2020Aug","452018.00"
"2020-09-30","2020Sep","452029.00"
"2020-10-31","2020Oct","445113.00"
"2020-11-30","2020Nov","434164.00"
"2020-12-31","2020Dec","419260.00"
"2021-01-31","2021Jan","427488.00"
"2021-02-28","2021Feb","435835.00"
"2021-03-31","2021Mar","426890.00"
"2021-04-30","2021Apr","427406.00"
"2021-05-31","2021May","430794.00"
"2021-06-30","2021Jun","422849.00"
"2021-07-31","2021Jul","427895.00"
"2021-08-31","2021Aug","429494.00"
"2021-09-30","2021Sep","423480.00"
"2021-10-31","2021Oct","422493.00"
"2021-11-30","2021Nov","418896.00"
"2021-12-31","2021Dec","410349.00"
"2022-01-31","2022Jan","419646.00"
"2022-02-28","2022Feb","428769.00"
"2022-03-31","2022Mar","427390.00"
"2022-04-30","2022Apr","423216.00"
"2022-05-31","2022May","418480.00"
"2022-06-30","2022Jun","413455.00"
"2022-07-31","2022Jul","416555.00"
"2022-08-31","2022Aug","404463.00"
"2022-09-30","2022Sep","388099.00"
"2022-10-31","2022Oct","396631.00"
"2022-11-30","2022Nov","394367.00"
"2022-12-31","2022Dec","377499.00"
"2023-01-31","2023Jan","385768.00"
"2023-02-28","2023Feb","392155.00"
"2023-03-31","2023Mar","393382.00"
"2023-04-30","2023Apr","393059.00"
"2023-05-31","2023May","384985.00"
"2023-06-30","2023Jun","377581.00"
"2023-07-31","2023Jul","379903.00"
"2023-08-31","2023Aug","375271.00"
"2023-09-30","2023Sep","365269.00"
"2023-10-31","2023Oct","358694.00"
"2023-11-30","2023Nov","357118.00"
"2023-12-31","2023Dec","361508.00"
"2024-01-31","2024Jan","352019.00"
"2024-02-29","2024Feb","353664.00"
"2024-03-31","2024Mar","350027.00"
"2024-04-30","2024Apr","348907.00"
"2024-05-31","2024May","352649.00"
"2024-06-30","2024Jun","357698.00"
"2024-07-31","2024Jul","363198.00"
"2024-08-31","2024Aug","364156.00"
"2024-09-30","2024Sep","365183.00"
"2024-10-31","2024Oct","362623.00"
"2024-11-30","2024Nov","375223.00"
"2024-12-31","2024Dec","361933.00"
"2025-01-31","2025Jan","372627.00"
"2025-02-28","2025Feb","379870.00"
"2025-03-31","2025Mar","382905.00"
"2025-04-30","2025Apr","386944.00"
"2025-05-31","2025May","387323.00"
"2025-06-30","2025Jun","388754.00"
"2025-07-31","2025Jul","392134.00"
"2025-08-31","2025Aug","392782.00"
"2025-09-30","2025Sep","394018.00"
"2025-10-31","2025Oct","405586.00"
"2025-11-30","2025Nov","403832.00"
"2025-12-31","2025Dec","403895.00"
"2026-01-31","2026Jan","400905.00"
"2026-02-28","2026Feb","406646.00"
"2026-03-31","2026Mar","411737.00"
"2026-04-30","2026Apr","406951.00"
