"DATE","TIME PERIOD","Holdings of Debt securities issued by domestic General Government reported by MFIs excluding NCB, Stocks (BSI.M.PT.N.A.A30.A.1.U6.2100.Z01.E)"
"1997-09-30","1997Sep","14900.00"
"1997-10-31","1997Oct","15413.00"
"1997-11-30","1997Nov","15172.00"
"1997-12-31","1997Dec","15013.00"
"1998-01-31","1998Jan","14659.00"
"1998-02-28","1998Feb","14899.00"
"1998-03-31","1998Mar","15589.00"
"1998-04-30","1998Apr","16211.00"
"1998-05-31","1998May","16124.00"
"1998-06-30","1998Jun","15560.00"
"1998-07-31","1998Jul","14234.00"
"1998-08-31","1998Aug","13381.00"
"1998-09-30","1998Sep","12728.00"
"1998-10-31","1998Oct","12862.00"
"1998-11-30","1998Nov","12150.00"
"1998-12-31","1998Dec","10817.00"
"1999-01-31","1999Jan","10193.00"
"1999-02-28","1999Feb","9788.00"
"1999-03-31","1999Mar","10040.00"
"1999-04-30","1999Apr","9966.00"
"1999-05-31","1999May","10034.00"
"1999-06-30","1999Jun","9447.00"
"1999-07-31","1999Jul","9401.00"
"1999-08-31","1999Aug","8928.00"
"1999-09-30","1999Sep","8536.00"
"1999-10-31","1999Oct","7818.00"
"1999-11-30","1999Nov","8023.00"
"1999-12-31","1999Dec","6489.00"
"2000-01-31","2000Jan","7350.00"
"2000-02-29","2000Feb","7391.00"
"2000-03-31","2000Mar","7035.00"
"2000-04-30","2000Apr","7156.00"
"2000-05-31","2000May","7453.00"
"2000-06-30","2000Jun","7143.00"
"2000-07-31","2000Jul","7050.00"
"2000-08-31","2000Aug","6914.00"
"2000-09-30","2000Sep","6913.00"
"2000-10-31","2000Oct","6912.00"
"2000-11-30","2000Nov","6729.00"
"2000-12-31","2000Dec","6251.00"
"2001-01-31","2001Jan","6519.00"
"2001-02-28","2001Feb","6323.00"
"2001-03-31","2001Mar","6350.00"
"2001-04-30","2001Apr","6074.00"
"2001-05-31","2001May","6021.00"
"2001-06-30","2001Jun","6550.00"
"2001-07-31","2001Jul","5641.00"
"2001-08-31","2001Aug","5891.00"
"2001-09-30","2001Sep","5632.00"
"2001-10-31","2001Oct","5580.00"
"2001-11-30","2001Nov","5859.00"
"2001-12-31","2001Dec","5780.00"
"2002-01-31","2002Jan","5822.00"
"2002-02-28","2002Feb","5497.00"
"2002-03-31","2002Mar","4703.00"
"2002-04-30","2002Apr","5065.00"
"2002-05-31","2002May","5012.00"
"2002-06-30","2002Jun","4562.00"
"2002-07-31","2002Jul","3899.00"
"2002-08-31","2002Aug","3798.00"
"2002-09-30","2002Sep","3507.00"
"2002-10-31","2002Oct","3941.00"
"2002-11-30","2002Nov","3788.00"
"2002-12-31","2002Dec","4385.00"
"2003-01-31","2003Jan","4160.00"
"2003-02-28","2003Feb","4267.00"
"2003-03-31","2003Mar","4354.00"
"2003-04-30","2003Apr","3893.00"
"2003-05-31","2003May","4070.00"
"2003-06-30","2003Jun","3708.00"
"2003-07-31","2003Jul","4268.00"
"2003-08-31","2003Aug","3871.00"
"2003-09-30","2003Sep","3803.00"
"2003-10-31","2003Oct","3850.00"
"2003-11-30","2003Nov","4362.00"
"2003-12-31","2003Dec","3807.00"
"2004-01-31","2004Jan","4213.00"
"2004-02-29","2004Feb","3730.00"
"2004-03-31","2004Mar","3712.00"
"2004-04-30","2004Apr","4030.00"
"2004-05-31","2004May","4197.00"
"2004-06-30","2004Jun","4598.00"
"2004-07-31","2004Jul","4738.00"
"2004-08-31","2004Aug","3548.00"
"2004-09-30","2004Sep","3944.00"
"2004-10-31","2004Oct","3962.00"
"2004-11-30","2004Nov","3853.00"
"2004-12-31","2004Dec","3813.00"
"2005-01-31","2005Jan","3865.00"
"2005-02-28","2005Feb","4142.00"
"2005-03-31","2005Mar","4534.00"
"2005-04-30","2005Apr","3794.00"
"2005-05-31","2005May","4021.00"
"2005-06-30","2005Jun","3863.00"
"2005-07-31","2005Jul","4232.00"
"2005-08-31","2005Aug","4080.00"
"2005-09-30","2005Sep","4257.00"
"2005-10-31","2005Oct","4484.00"
"2005-11-30","2005Nov","4297.00"
"2005-12-31","2005Dec","4080.00"
"2006-01-31","2006Jan","4277.00"
"2006-02-28","2006Feb","4186.00"
"2006-03-31","2006Mar","4605.00"
"2006-04-30","2006Apr","4508.00"
"2006-05-31","2006May","4450.00"
"2006-06-30","2006Jun","4489.00"
"2006-07-31","2006Jul","4396.00"
"2006-08-31","2006Aug","4708.00"
"2006-09-30","2006Sep","4365.00"
"2006-10-31","2006Oct","4557.00"
"2006-11-30","2006Nov","4231.00"
"2006-12-31","2006Dec","4669.00"
"2007-01-31","2007Jan","4963.00"
"2007-02-28","2007Feb","5069.00"
"2007-03-31","2007Mar","4893.00"
"2007-04-30","2007Apr","5043.00"
"2007-05-31","2007May","4926.00"
"2007-06-30","2007Jun","4859.00"
"2007-07-31","2007Jul","4929.00"
"2007-08-31","2007Aug","4132.00"
"2007-09-30","2007Sep","3970.00"
"2007-10-31","2007Oct","4064.00"
"2007-11-30","2007Nov","3808.00"
"2007-12-31","2007Dec","3782.00"
"2008-01-31","2008Jan","3858.00"
"2008-02-29","2008Feb","3975.00"
"2008-03-31","2008Mar","4007.00"
"2008-04-30","2008Apr","4230.00"
"2008-05-31","2008May","4304.00"
"2008-06-30","2008Jun","4905.00"
"2008-07-31","2008Jul","4697.00"
"2008-08-31","2008Aug","4634.00"
"2008-09-30","2008Sep","4401.00"
"2008-10-31","2008Oct","4131.00"
"2008-11-30","2008Nov","4077.00"
"2008-12-31","2008Dec","4355.00"
"2009-01-31","2009Jan","4608.00"
"2009-02-28","2009Feb","4862.00"
"2009-03-31","2009Mar","5018.00"
"2009-04-30","2009Apr","5070.00"
"2009-05-31","2009May","5785.00"
"2009-06-30","2009Jun","7115.00"
"2009-07-31","2009Jul","9124.00"
"2009-08-31","2009Aug","9793.00"
"2009-09-30","2009Sep","9589.00"
"2009-10-31","2009Oct","9686.00"
"2009-11-30","2009Nov","9628.00"
"2009-12-31","2009Dec","10180.00"
"2010-01-31","2010Jan","10105.00"
"2010-02-28","2010Feb","11550.00"
"2010-03-31","2010Mar","11917.00"
"2010-04-30","2010Apr","14900.00"
"2010-05-31","2010May","16281.00"
"2010-06-30","2010Jun","16432.00"
"2010-07-31","2010Jul","17220.00"
"2010-08-31","2010Aug","18425.00"
"2010-09-30","2010Sep","17924.00"
"2010-10-31","2010Oct","18239.00"
"2010-11-30","2010Nov","18504.00"
"2010-12-31","2010Dec","22872.00"
"2011-01-31","2011Jan","22339.00"
"2011-02-28","2011Feb","21396.00"
"2011-03-31","2011Mar","20877.00"
"2011-04-30","2011Apr","23352.00"
"2011-05-31","2011May","24921.00"
"2011-06-30","2011Jun","24731.00"
"2011-07-31","2011Jul","24498.00"
"2011-08-31","2011Aug","24366.00"
"2011-09-30","2011Sep","23841.00"
"2011-10-31","2011Oct","22903.00"
"2011-11-30","2011Nov","22706.00"
"2011-12-31","2011Dec","22660.00"
"2012-01-31","2012Jan","22857.00"
"2012-02-29","2012Feb","26414.00"
"2012-03-31","2012Mar","29686.00"
"2012-04-30","2012Apr","29780.00"
"2012-05-31","2012May","30014.00"
"2012-06-30","2012Jun","30313.00"
"2012-07-31","2012Jul","29790.00"
"2012-08-31","2012Aug","30327.00"
"2012-09-30","2012Sep","31694.00"
"2012-10-31","2012Oct","31150.00"
"2012-11-30","2012Nov","32507.00"
"2012-12-31","2012Dec","30830.00"
"2013-01-31","2013Jan","31476.00"
"2013-02-28","2013Feb","30989.00"
"2013-03-31","2013Mar","30748.00"
"2013-04-30","2013Apr","31881.00"
"2013-05-31","2013May","31454.00"
"2013-06-30","2013Jun","32318.00"
"2013-07-31","2013Jul","32293.00"
"2013-08-31","2013Aug","33119.00"
"2013-09-30","2013Sep","34327.00"
"2013-10-31","2013Oct","34791.00"
"2013-11-30","2013Nov","34427.00"
"2013-12-31","2013Dec","31217.00"
"2014-01-31","2014Jan","31932.00"
"2014-02-28","2014Feb","30139.00"
"2014-03-31","2014Mar","29934.00"
"2014-04-30","2014Apr","30526.00"
"2014-05-31","2014May","30191.00"
"2014-06-30","2014Jun","30737.00"
"2014-07-31","2014Jul","31442.00"
"2014-08-31","2014Aug","30049.00"
"2014-09-30","2014Sep","27520.00"
"2014-10-31","2014Oct","28559.00"
"2014-11-30","2014Nov","28691.00"
"2014-12-31","2014Dec","30271.93"
"2015-01-31","2015Jan","29365.36"
"2015-02-28","2015Feb","29815.66"
"2015-03-31","2015Mar","29875.71"
"2015-04-30","2015Apr","30723.97"
"2015-05-31","2015May","30863.98"
"2015-06-30","2015Jun","29542.11"
"2015-07-31","2015Jul","32686.22"
"2015-08-31","2015Aug","32205.94"
"2015-09-30","2015Sep","31556.64"
"2015-10-31","2015Oct","29902.92"
"2015-11-30","2015Nov","30344.48"
"2015-12-31","2015Dec","29800.70"
"2016-01-31","2016Jan","30700.96"
"2016-02-29","2016Feb","32322.11"
"2016-03-31","2016Mar","32232.98"
"2016-04-30","2016Apr","31932.35"
"2016-05-31","2016May","32407.97"
"2016-06-30","2016Jun","31470.95"
"2016-07-31","2016Jul","31657.65"
"2016-08-31","2016Aug","31727.67"
"2016-09-30","2016Sep","30853.77"
"2016-10-31","2016Oct","31309.90"
"2016-11-30","2016Nov","32183.79"
"2016-12-31","2016Dec","30442.15"
"2017-01-31","2017Jan","30102.35"
"2017-02-28","2017Feb","31151.12"
"2017-03-31","2017Mar","32559.02"
"2017-04-30","2017Apr","33654.84"
"2017-05-31","2017May","33991.84"
"2017-06-30","2017Jun","35198.99"
"2017-07-31","2017Jul","34417.54"
"2017-08-31","2017Aug","35060.10"
"2017-09-30","2017Sep","33383.49"
"2017-10-31","2017Oct","34747.22"
"2017-11-30","2017Nov","33809.36"
"2017-12-31","2017Dec","32527.41"
"2018-01-31","2018Jan","34644.47"
"2018-02-28","2018Feb","35329.70"
"2018-03-31","2018Mar","34107.04"
"2018-04-30","2018Apr","34539.29"
"2018-05-31","2018May","35966.26"
"2018-06-30","2018Jun","35148.76"
"2018-07-31","2018Jul","35441.39"
"2018-08-31","2018Aug","35302.31"
"2018-09-30","2018Sep","35043.03"
"2018-10-31","2018Oct","35305.17"
"2018-11-30","2018Nov","34994.12"
"2018-12-31","2018Dec","34389.85"
"2019-01-31","2019Jan","35662.56"
"2019-02-28","2019Feb","36028.64"
"2019-03-31","2019Mar","35091.57"
"2019-04-30","2019Apr","36054.29"
"2019-05-31","2019May","36857.16"
"2019-06-30","2019Jun","34751.79"
"2019-07-31","2019Jul","34935.57"
"2019-08-31","2019Aug","34605.67"
"2019-09-30","2019Sep","33431.77"
"2019-10-31","2019Oct","31680.25"
"2019-11-30","2019Nov","32161.01"
"2019-12-31","2019Dec","31132.14"
"2020-01-31","2020Jan","30972.83"
"2020-02-29","2020Feb","30942.78"
"2020-03-31","2020Mar","31213.12"
"2020-04-30","2020Apr","32749.39"
"2020-05-31","2020May","34175.77"
"2020-06-30","2020Jun","34396.99"
"2020-07-31","2020Jul","34241.25"
"2020-08-31","2020Aug","34426.39"
"2020-09-30","2020Sep","33958.71"
"2020-10-31","2020Oct","33780.48"
"2020-11-30","2020Nov","33270.88"
"2020-12-31","2020Dec","32994.20"
"2021-01-31","2021Jan","31015.68"
"2021-02-28","2021Feb","31723.11"
"2021-03-31","2021Mar","30447.63"
"2021-04-30","2021Apr","30861.51"
"2021-05-31","2021May","30694.49"
"2021-06-30","2021Jun","30472.93"
"2021-07-31","2021Jul","28844.54"
"2021-08-31","2021Aug","28747.11"
"2021-09-30","2021Sep","28490.56"
"2021-10-31","2021Oct","28567.44"
"2021-11-30","2021Nov","28222.79"
"2021-12-31","2021Dec","28083.06"
"2022-01-31","2022Jan","28783.83"
"2022-02-28","2022Feb","28750.48"
"2022-03-31","2022Mar","29129.49"
"2022-04-30","2022Apr","28465.41"
"2022-05-31","2022May","28156.98"
"2022-06-30","2022Jun","27868.84"
"2022-07-31","2022Jul","27357.29"
"2022-08-31","2022Aug","27136.75"
"2022-09-30","2022Sep","26676.84"
"2022-10-31","2022Oct","26172.09"
"2022-11-30","2022Nov","25407.31"
"2022-12-31","2022Dec","24157.87"
"2023-01-31","2023Jan","24345.12"
"2023-02-28","2023Feb","24696.25"
"2023-03-31","2023Mar","24276.68"
"2023-04-30","2023Apr","24175.48"
"2023-05-31","2023May","23954.78"
"2023-06-30","2023Jun","23870.90"
"2023-07-31","2023Jul","23924.92"
"2023-08-31","2023Aug","23816.33"
"2023-09-30","2023Sep","24564.27"
"2023-10-31","2023Oct","23853.38"
"2023-11-30","2023Nov","23790.48"
"2023-12-31","2023Dec","21746.28"
"2024-01-31","2024Jan","22585.02"
"2024-02-29","2024Feb","22717.82"
"2024-03-31","2024Mar","23046.34"
"2024-04-30","2024Apr","23234.31"
"2024-05-31","2024May","24236.59"
"2024-06-30","2024Jun","24657.56"
"2024-07-31","2024Jul","23981.50"
"2024-08-31","2024Aug","24260.36"
"2024-09-30","2024Sep","23933.81"
"2024-10-31","2024Oct","24294.28"
"2024-11-30","2024Nov","23544.98"
"2024-12-31","2024Dec","22867.72"
"2025-01-31","2025Jan","22964.86"
"2025-02-28","2025Feb","22727.75"
"2025-03-31","2025Mar","21128.77"
"2025-04-30","2025Apr","21101.87"
"2025-05-31","2025May","21079.87"
"2025-06-30","2025Jun","21994.10"
"2025-07-31","2025Jul","22131.36"
"2025-08-31","2025Aug","22209.76"
"2025-09-30","2025Sep","21897.36"
"2025-10-31","2025Oct","20729.45"
"2025-11-30","2025Nov","20474.85"
"2025-12-31","2025Dec","20490.38"
"2026-01-31","2026Jan","21162.54"
"2026-02-28","2026Feb","20276.64"
"2026-03-31","2026Mar","21853.42"
"2026-04-30","2026Apr","21847.65"
