"DATE","TIME PERIOD","Holdings of Debt securities issued by domestic General Government reported by MFIs excluding NCB, Stocks (BSI.M.ES.N.A.A30.A.1.U6.2100.Z01.E)"
"1997-09-30","1997Sep","111682.00"
"1997-10-31","1997Oct","112248.00"
"1997-11-30","1997Nov","112163.00"
"1997-12-31","1997Dec","107743.00"
"1998-01-31","1998Jan","110699.00"
"1998-02-28","1998Feb","114153.00"
"1998-03-31","1998Mar","114086.00"
"1998-04-30","1998Apr","110448.00"
"1998-05-31","1998May","110378.00"
"1998-06-30","1998Jun","109932.00"
"1998-07-31","1998Jul","107118.00"
"1998-08-31","1998Aug","104246.00"
"1998-09-30","1998Sep","105881.00"
"1998-10-31","1998Oct","110196.00"
"1998-11-30","1998Nov","105462.00"
"1998-12-31","1998Dec","101843.00"
"1999-01-31","1999Jan","113803.00"
"1999-02-28","1999Feb","117175.00"
"1999-03-31","1999Mar","107207.00"
"1999-04-30","1999Apr","106217.00"
"1999-05-31","1999May","104733.00"
"1999-06-30","1999Jun","104828.00"
"1999-07-31","1999Jul","100277.00"
"1999-08-31","1999Aug","101701.00"
"1999-09-30","1999Sep","100950.00"
"1999-10-31","1999Oct","103279.00"
"1999-11-30","1999Nov","102248.00"
"1999-12-31","1999Dec","104935.00"
"2000-01-31","2000Jan","104085.00"
"2000-02-29","2000Feb","102101.00"
"2000-03-31","2000Mar","99389.00"
"2000-04-30","2000Apr","96939.00"
"2000-05-31","2000May","99367.00"
"2000-06-30","2000Jun","98521.00"
"2000-07-31","2000Jul","96171.00"
"2000-08-31","2000Aug","93984.00"
"2000-09-30","2000Sep","94125.00"
"2000-10-31","2000Oct","90255.00"
"2000-11-30","2000Nov","91774.00"
"2000-12-31","2000Dec","92691.00"
"2001-01-31","2001Jan","93971.00"
"2001-02-28","2001Feb","94486.00"
"2001-03-31","2001Mar","95696.00"
"2001-04-30","2001Apr","99118.00"
"2001-05-31","2001May","99092.00"
"2001-06-30","2001Jun","100261.00"
"2001-07-31","2001Jul","98749.00"
"2001-08-31","2001Aug","97662.00"
"2001-09-30","2001Sep","99334.00"
"2001-10-31","2001Oct","95597.00"
"2001-11-30","2001Nov","99200.00"
"2001-12-31","2001Dec","100709.00"
"2002-01-31","2002Jan","100608.00"
"2002-02-28","2002Feb","98857.00"
"2002-03-31","2002Mar","101741.00"
"2002-04-30","2002Apr","102298.00"
"2002-05-31","2002May","105178.00"
"2002-06-30","2002Jun","105609.00"
"2002-07-31","2002Jul","102127.00"
"2002-08-31","2002Aug","100623.00"
"2002-09-30","2002Sep","103068.00"
"2002-10-31","2002Oct","102133.00"
"2002-11-30","2002Nov","102656.00"
"2002-12-31","2002Dec","105110.00"
"2003-01-31","2003Jan","107534.00"
"2003-02-28","2003Feb","108252.00"
"2003-03-31","2003Mar","110625.00"
"2003-04-30","2003Apr","111866.00"
"2003-05-31","2003May","108111.00"
"2003-06-30","2003Jun","112809.00"
"2003-07-31","2003Jul","110955.00"
"2003-08-31","2003Aug","112727.00"
"2003-09-30","2003Sep","112675.00"
"2003-10-31","2003Oct","111293.00"
"2003-11-30","2003Nov","113103.00"
"2003-12-31","2003Dec","112159.00"
"2004-01-31","2004Jan","108219.00"
"2004-02-29","2004Feb","102664.00"
"2004-03-31","2004Mar","105778.00"
"2004-04-30","2004Apr","102957.00"
"2004-05-31","2004May","105870.00"
"2004-06-30","2004Jun","104678.00"
"2004-07-31","2004Jul","98011.00"
"2004-08-31","2004Aug","96184.00"
"2004-09-30","2004Sep","99082.00"
"2004-10-31","2004Oct","92687.00"
"2004-11-30","2004Nov","92977.00"
"2004-12-31","2004Dec","93000.00"
"2005-01-31","2005Jan","89629.00"
"2005-02-28","2005Feb","88769.00"
"2005-03-31","2005Mar","89540.00"
"2005-04-30","2005Apr","85145.00"
"2005-05-31","2005May","86262.00"
"2005-06-30","2005Jun","91700.00"
"2005-07-31","2005Jul","90046.00"
"2005-08-31","2005Aug","87940.00"
"2005-09-30","2005Sep","89625.00"
"2005-10-31","2005Oct","88248.00"
"2005-11-30","2005Nov","89617.00"
"2005-12-31","2005Dec","88821.00"
"2006-01-31","2006Jan","81649.00"
"2006-02-28","2006Feb","79703.00"
"2006-03-31","2006Mar","81195.00"
"2006-04-30","2006Apr","77755.00"
"2006-05-31","2006May","78040.00"
"2006-06-30","2006Jun","75787.00"
"2006-07-31","2006Jul","75851.00"
"2006-08-31","2006Aug","74787.00"
"2006-09-30","2006Sep","75621.00"
"2006-10-31","2006Oct","69982.00"
"2006-11-30","2006Nov","70516.00"
"2006-12-31","2006Dec","70483.00"
"2007-01-31","2007Jan","71285.00"
"2007-02-28","2007Feb","70309.00"
"2007-03-31","2007Mar","70010.00"
"2007-04-30","2007Apr","67522.00"
"2007-05-31","2007May","70718.00"
"2007-06-30","2007Jun","72054.00"
"2007-07-31","2007Jul","69425.00"
"2007-08-31","2007Aug","68946.00"
"2007-09-30","2007Sep","73029.00"
"2007-10-31","2007Oct","71639.00"
"2007-11-30","2007Nov","74760.00"
"2007-12-31","2007Dec","76503.00"
"2008-01-31","2008Jan","76407.00"
"2008-02-29","2008Feb","76594.00"
"2008-03-31","2008Mar","74594.00"
"2008-04-30","2008Apr","71249.00"
"2008-05-31","2008May","73997.00"
"2008-06-30","2008Jun","75605.00"
"2008-07-31","2008Jul","75697.00"
"2008-08-31","2008Aug","75756.00"
"2008-09-30","2008Sep","74718.00"
"2008-10-31","2008Oct","77677.00"
"2008-11-30","2008Nov","92036.00"
"2008-12-31","2008Dec","99594.00"
"2009-01-31","2009Jan","105518.00"
"2009-02-28","2009Feb","112636.00"
"2009-03-31","2009Mar","119075.00"
"2009-04-30","2009Apr","126753.00"
"2009-05-31","2009May","127547.00"
"2009-06-30","2009Jun","135814.00"
"2009-07-31","2009Jul","132149.00"
"2009-08-31","2009Aug","133408.00"
"2009-09-30","2009Sep","141620.00"
"2009-10-31","2009Oct","145023.00"
"2009-11-30","2009Nov","149125.00"
"2009-12-31","2009Dec","151993.00"
"2010-01-31","2010Jan","145024.00"
"2010-02-28","2010Feb","142506.00"
"2010-03-31","2010Mar","149986.00"
"2010-04-30","2010Apr","153009.00"
"2010-05-31","2010May","156964.00"
"2010-06-30","2010Jun","158518.00"
"2010-07-31","2010Jul","151773.00"
"2010-08-31","2010Aug","150171.00"
"2010-09-30","2010Sep","155441.00"
"2010-10-31","2010Oct","156255.00"
"2010-11-30","2010Nov","157726.00"
"2010-12-31","2010Dec","158251.00"
"2011-01-31","2011Jan","156625.00"
"2011-02-28","2011Feb","160094.00"
"2011-03-31","2011Mar","164321.00"
"2011-04-30","2011Apr","162489.00"
"2011-05-31","2011May","166826.00"
"2011-06-30","2011Jun","176880.00"
"2011-07-31","2011Jul","173374.00"
"2011-08-31","2011Aug","168110.00"
"2011-09-30","2011Sep","165902.00"
"2011-10-31","2011Oct","164599.00"
"2011-11-30","2011Nov","165258.00"
"2011-12-31","2011Dec","192994.00"
"2012-01-31","2012Jan","216169.00"
"2012-02-29","2012Feb","231616.00"
"2012-03-31","2012Mar","249039.00"
"2012-04-30","2012Apr","246514.00"
"2012-05-31","2012May","241641.00"
"2012-06-30","2012Jun","242493.00"
"2012-07-31","2012Jul","234009.00"
"2012-08-31","2012Aug","229075.00"
"2012-09-30","2012Sep","240230.00"
"2012-10-31","2012Oct","239443.00"
"2012-11-30","2012Nov","245771.00"
"2012-12-31","2012Dec","243253.00"
"2013-01-31","2013Jan","250240.00"
"2013-02-28","2013Feb","258600.00"
"2013-03-31","2013Mar","274389.00"
"2013-04-30","2013Apr","272403.00"
"2013-05-31","2013May","290675.00"
"2013-06-30","2013Jun","305963.00"
"2013-07-31","2013Jul","301553.00"
"2013-08-31","2013Aug","297993.00"
"2013-09-30","2013Sep","298854.00"
"2013-10-31","2013Oct","291406.00"
"2013-11-30","2013Nov","280674.00"
"2013-12-31","2013Dec","260986.00"
"2014-01-31","2014Jan","279385.00"
"2014-02-28","2014Feb","278537.00"
"2014-03-31","2014Mar","282644.00"
"2014-04-30","2014Apr","283012.00"
"2014-05-31","2014May","288104.00"
"2014-06-30","2014Jun","287133.00"
"2014-07-31","2014Jul","283356.00"
"2014-08-31","2014Aug","290010.00"
"2014-09-30","2014Sep","293432.00"
"2014-10-31","2014Oct","289209.00"
"2014-11-30","2014Nov","284574.00"
"2014-12-31","2014Dec","282733.00"
"2015-01-31","2015Jan","273560.00"
"2015-02-28","2015Feb","267766.00"
"2015-03-31","2015Mar","267604.00"
"2015-04-30","2015Apr","257914.00"
"2015-05-31","2015May","256511.00"
"2015-06-30","2015Jun","255844.00"
"2015-07-31","2015Jul","246533.00"
"2015-08-31","2015Aug","245834.00"
"2015-09-30","2015Sep","251674.00"
"2015-10-31","2015Oct","251106.00"
"2015-11-30","2015Nov","250384.00"
"2015-12-31","2015Dec","242616.00"
"2016-01-31","2016Jan","249030.00"
"2016-02-29","2016Feb","251314.00"
"2016-03-31","2016Mar","256143.00"
"2016-04-30","2016Apr","256130.00"
"2016-05-31","2016May","251039.00"
"2016-06-30","2016Jun","256094.00"
"2016-07-31","2016Jul","248625.00"
"2016-08-31","2016Aug","244802.00"
"2016-09-30","2016Sep","240121.00"
"2016-10-31","2016Oct","232497.00"
"2016-11-30","2016Nov","229557.00"
"2016-12-31","2016Dec","218646.00"
"2017-01-31","2017Jan","216936.00"
"2017-02-28","2017Feb","222031.00"
"2017-03-31","2017Mar","218308.00"
"2017-04-30","2017Apr","214071.00"
"2017-05-31","2017May","211977.00"
"2017-06-30","2017Jun","211795.00"
"2017-07-31","2017Jul","210389.00"
"2017-08-31","2017Aug","212595.00"
"2017-09-30","2017Sep","214300.00"
"2017-10-31","2017Oct","209713.00"
"2017-11-30","2017Nov","207925.00"
"2017-12-31","2017Dec","200232.00"
"2018-01-31","2018Jan","202776.00"
"2018-02-28","2018Feb","211279.00"
"2018-03-31","2018Mar","205809.00"
"2018-04-30","2018Apr","193494.00"
"2018-05-31","2018May","200885.00"
"2018-06-30","2018Jun","201396.00"
"2018-07-31","2018Jul","196867.00"
"2018-08-31","2018Aug","197092.00"
"2018-09-30","2018Sep","197789.00"
"2018-10-31","2018Oct","192873.00"
"2018-11-30","2018Nov","193526.00"
"2018-12-31","2018Dec","193464.00"
"2019-01-31","2019Jan","194884.00"
"2019-02-28","2019Feb","200439.00"
"2019-03-31","2019Mar","206716.00"
"2019-04-30","2019Apr","196383.00"
"2019-05-31","2019May","196989.00"
"2019-06-30","2019Jun","192215.00"
"2019-07-31","2019Jul","188329.00"
"2019-08-31","2019Aug","186108.00"
"2019-09-30","2019Sep","186445.00"
"2019-10-31","2019Oct","179649.00"
"2019-11-30","2019Nov","179724.00"
"2019-12-31","2019Dec","177373.00"
"2020-01-31","2020Jan","166869.00"
"2020-02-29","2020Feb","167535.00"
"2020-03-31","2020Mar","184398.00"
"2020-04-30","2020Apr","191473.00"
"2020-05-31","2020May","200619.00"
"2020-06-30","2020Jun","206385.00"
"2020-07-31","2020Jul","205786.00"
"2020-08-31","2020Aug","208145.00"
"2020-09-30","2020Sep","207816.00"
"2020-10-31","2020Oct","201980.00"
"2020-11-30","2020Nov","201008.00"
"2020-12-31","2020Dec","195809.00"
"2021-01-31","2021Jan","190608.00"
"2021-02-28","2021Feb","194327.00"
"2021-03-31","2021Mar","226932.00"
"2021-04-30","2021Apr","222440.00"
"2021-05-31","2021May","223648.00"
"2021-06-30","2021Jun","221017.00"
"2021-07-31","2021Jul","215011.00"
"2021-08-31","2021Aug","211481.00"
"2021-09-30","2021Sep","206638.00"
"2021-10-31","2021Oct","207321.00"
"2021-11-30","2021Nov","198590.00"
"2021-12-31","2021Dec","198486.00"
"2022-01-31","2022Jan","197471.00"
"2022-02-28","2022Feb","201101.00"
"2022-03-31","2022Mar","201840.00"
"2022-04-30","2022Apr","202597.00"
"2022-05-31","2022May","205777.00"
"2022-06-30","2022Jun","207541.00"
"2022-07-31","2022Jul","212719.00"
"2022-08-31","2022Aug","211785.00"
"2022-09-30","2022Sep","213796.00"
"2022-10-31","2022Oct","213714.00"
"2022-11-30","2022Nov","217526.00"
"2022-12-31","2022Dec","214869.00"
"2023-01-31","2023Jan","215379.00"
"2023-02-28","2023Feb","219096.00"
"2023-03-31","2023Mar","222657.00"
"2023-04-30","2023Apr","216479.00"
"2023-05-31","2023May","213143.00"
"2023-06-30","2023Jun","214188.00"
"2023-07-31","2023Jul","211020.00"
"2023-08-31","2023Aug","209969.00"
"2023-09-30","2023Sep","215491.00"
"2023-10-31","2023Oct","213716.00"
"2023-11-30","2023Nov","214293.00"
"2023-12-31","2023Dec","212197.00"
"2024-01-31","2024Jan","212783.00"
"2024-02-29","2024Feb","216829.00"
"2024-03-31","2024Mar","219105.00"
"2024-04-30","2024Apr","223487.00"
"2024-05-31","2024May","224727.00"
"2024-06-30","2024Jun","225891.00"
"2024-07-31","2024Jul","227258.00"
"2024-08-31","2024Aug","229026.00"
"2024-09-30","2024Sep","231754.00"
"2024-10-31","2024Oct","233664.00"
"2024-11-30","2024Nov","238334.00"
"2024-12-31","2024Dec","236311.00"
"2025-01-31","2025Jan","240227.00"
"2025-02-28","2025Feb","241842.00"
"2025-03-31","2025Mar","250771.00"
"2025-04-30","2025Apr","250375.00"
"2025-05-31","2025May","249424.00"
"2025-06-30","2025Jun","248032.00"
"2025-07-31","2025Jul","247106.00"
"2025-08-31","2025Aug","248086.00"
"2025-09-30","2025Sep","249598.00"
"2025-10-31","2025Oct","247059.00"
"2025-11-30","2025Nov","247789.00"
"2025-12-31","2025Dec","252670.00"
"2026-01-31","2026Jan","255801.00"
"2026-02-28","2026Feb","257832.00"
"2026-03-31","2026Mar","267402.00"
"2026-04-30","2026Apr","268650.00"
