"DATE","TIME PERIOD","Total assets of MFIs excluding NCB, Stocks (BSI.M.ES.N.A.T00.A.1.Z5.0000.Z01.E)"
"1997-09-30","1997Sep","864353.00"
"1997-10-31","1997Oct","861452.00"
"1997-11-30","1997Nov","874161.00"
"1997-12-31","1997Dec","881162.00"
"1998-01-31","1998Jan","893055.00"
"1998-02-28","1998Feb","907575.00"
"1998-03-31","1998Mar","892537.00"
"1998-04-30","1998Apr","882919.00"
"1998-05-31","1998May","886865.00"
"1998-06-30","1998Jun","909470.00"
"1998-07-31","1998Jul","919971.00"
"1998-08-31","1998Aug","910780.00"
"1998-09-30","1998Sep","912701.00"
"1998-10-31","1998Oct","922327.00"
"1998-11-30","1998Nov","935817.00"
"1998-12-31","1998Dec","933035.00"
"1999-01-31","1999Jan","967187.00"
"1999-02-28","1999Feb","964643.00"
"1999-03-31","1999Mar","969113.00"
"1999-04-30","1999Apr","952442.00"
"1999-05-31","1999May","964283.00"
"1999-06-30","1999Jun","984959.00"
"1999-07-31","1999Jul","986325.00"
"1999-08-31","1999Aug","978965.00"
"1999-09-30","1999Sep","996751.00"
"1999-10-31","1999Oct","1004842.00"
"1999-11-30","1999Nov","1028031.00"
"1999-12-31","1999Dec","1043662.00"
"2000-01-31","2000Jan","1032095.00"
"2000-02-29","2000Feb","1026662.00"
"2000-03-31","2000Mar","1047814.00"
"2000-04-30","2000Apr","1061779.00"
"2000-05-31","2000May","1060926.00"
"2000-06-30","2000Jun","1073313.00"
"2000-07-31","2000Jul","1079305.00"
"2000-08-31","2000Aug","1075994.00"
"2000-09-30","2000Sep","1100555.00"
"2000-10-31","2000Oct","1104860.00"
"2000-11-30","2000Nov","1118693.00"
"2000-12-31","2000Dec","1152691.00"
"2001-01-31","2001Jan","1161360.00"
"2001-02-28","2001Feb","1161123.00"
"2001-03-31","2001Mar","1194291.00"
"2001-04-30","2001Apr","1197851.00"
"2001-05-31","2001May","1202804.00"
"2001-06-30","2001Jun","1221973.00"
"2001-07-31","2001Jul","1215070.00"
"2001-08-31","2001Aug","1201863.00"
"2001-09-30","2001Sep","1233080.00"
"2001-10-31","2001Oct","1244023.00"
"2001-11-30","2001Nov","1268684.00"
"2001-12-31","2001Dec","1291841.00"
"2002-01-31","2002Jan","1286088.00"
"2002-02-28","2002Feb","1276839.00"
"2002-03-31","2002Mar","1304881.00"
"2002-04-30","2002Apr","1316850.00"
"2002-05-31","2002May","1331128.00"
"2002-06-30","2002Jun","1341012.00"
"2002-07-31","2002Jul","1344657.00"
"2002-08-31","2002Aug","1335196.00"
"2002-09-30","2002Sep","1356221.00"
"2002-10-31","2002Oct","1380185.00"
"2002-11-30","2002Nov","1388717.00"
"2002-12-31","2002Dec","1395872.00"
"2003-01-31","2003Jan","1396119.00"
"2003-02-28","2003Feb","1413622.00"
"2003-03-31","2003Mar","1428466.00"
"2003-04-30","2003Apr","1467217.00"
"2003-05-31","2003May","1460759.00"
"2003-06-30","2003Jun","1476564.00"
"2003-07-31","2003Jul","1482591.00"
"2003-08-31","2003Aug","1496674.00"
"2003-09-30","2003Sep","1499193.00"
"2003-10-31","2003Oct","1523676.00"
"2003-11-30","2003Nov","1540573.00"
"2003-12-31","2003Dec","1560969.00"
"2004-01-31","2004Jan","1570933.00"
"2004-02-29","2004Feb","1576550.00"
"2004-03-31","2004Mar","1599514.00"
"2004-04-30","2004Apr","1627878.00"
"2004-05-31","2004May","1635199.00"
"2004-06-30","2004Jun","1679118.00"
"2004-07-31","2004Jul","1695456.00"
"2004-08-31","2004Aug","1675132.00"
"2004-09-30","2004Sep","1702945.00"
"2004-10-31","2004Oct","1731459.00"
"2004-11-30","2004Nov","1743230.00"
"2004-12-31","2004Dec","1775416.00"
"2005-01-31","2005Jan","1784434.00"
"2005-02-28","2005Feb","1803285.00"
"2005-03-31","2005Mar","1846839.00"
"2005-04-30","2005Apr","1873200.00"
"2005-05-31","2005May","1885439.00"
"2005-06-30","2005Jun","2046983.00"
"2005-07-31","2005Jul","2080589.00"
"2005-08-31","2005Aug","2042429.00"
"2005-09-30","2005Sep","2090703.00"
"2005-10-31","2005Oct","2124128.00"
"2005-11-30","2005Nov","2168152.00"
"2005-12-31","2005Dec","2207728.00"
"2006-01-31","2006Jan","2189661.00"
"2006-02-28","2006Feb","2228475.00"
"2006-03-31","2006Mar","2252279.00"
"2006-04-30","2006Apr","2295105.00"
"2006-05-31","2006May","2288980.00"
"2006-06-30","2006Jun","2340604.00"
"2006-07-31","2006Jul","2380790.00"
"2006-08-31","2006Aug","2364021.00"
"2006-09-30","2006Sep","2430042.00"
"2006-10-31","2006Oct","2463816.00"
"2006-11-30","2006Nov","2487040.00"
"2006-12-31","2006Dec","2526870.00"
"2007-01-31","2007Jan","2526297.00"
"2007-02-28","2007Feb","2562751.00"
"2007-03-31","2007Mar","2615361.00"
"2007-04-30","2007Apr","2642309.00"
"2007-05-31","2007May","2686156.00"
"2007-06-30","2007Jun","2761465.00"
"2007-07-31","2007Jul","2780063.00"
"2007-08-31","2007Aug","2782277.00"
"2007-09-30","2007Sep","2855533.00"
"2007-10-31","2007Oct","2910118.00"
"2007-11-30","2007Nov","2970670.00"
"2007-12-31","2007Dec","3005274.00"
"2008-01-31","2008Jan","3016951.00"
"2008-02-29","2008Feb","3073619.00"
"2008-03-31","2008Mar","3078572.00"
"2008-04-30","2008Apr","3114127.00"
"2008-05-31","2008May","3151022.00"
"2008-06-30","2008Jun","3220798.00"
"2008-07-31","2008Jul","3245913.00"
"2008-08-31","2008Aug","3262473.00"
"2008-09-30","2008Sep","3281196.00"
"2008-10-31","2008Oct","3327859.00"
"2008-11-30","2008Nov","3380181.00"
"2008-12-31","2008Dec","3409442.00"
"2009-01-31","2009Jan","3420781.00"
"2009-02-28","2009Feb","3417441.00"
"2009-03-31","2009Mar","3443488.00"
"2009-04-30","2009Apr","3453865.00"
"2009-05-31","2009May","3439670.00"
"2009-06-30","2009Jun","3485254.00"
"2009-07-31","2009Jul","3458877.00"
"2009-08-31","2009Aug","3419752.00"
"2009-09-30","2009Sep","3426548.00"
"2009-10-31","2009Oct","3411911.00"
"2009-11-30","2009Nov","3416627.00"
"2009-12-31","2009Dec","3446809.00"
"2010-01-31","2010Jan","3438897.00"
"2010-02-28","2010Feb","3428476.00"
"2010-03-31","2010Mar","3441465.00"
"2010-04-30","2010Apr","3455357.00"
"2010-05-31","2010May","3495581.00"
"2010-06-30","2010Jun","3487509.00"
"2010-07-31","2010Jul","3490757.00"
"2010-08-31","2010Aug","3523278.00"
"2010-09-30","2010Sep","3486292.00"
"2010-10-31","2010Oct","3492263.00"
"2010-11-30","2010Nov","3479012.00"
"2010-12-31","2010Dec","3471026.00"
"2011-01-31","2011Jan","3449098.00"
"2011-02-28","2011Feb","3443807.00"
"2011-03-31","2011Mar","3457617.00"
"2011-04-30","2011Apr","3474986.00"
"2011-05-31","2011May","3514273.00"
"2011-06-30","2011Jun","3554587.00"
"2011-07-31","2011Jul","3554589.00"
"2011-08-31","2011Aug","3551607.00"
"2011-09-30","2011Sep","3569262.00"
"2011-10-31","2011Oct","3551001.00"
"2011-11-30","2011Nov","3545932.00"
"2011-12-31","2011Dec","3621173.00"
"2012-01-31","2012Jan","3638242.00"
"2012-02-29","2012Feb","3656367.00"
"2012-03-31","2012Mar","3733042.00"
"2012-04-30","2012Apr","3678167.00"
"2012-05-31","2012May","3730104.00"
"2012-06-30","2012Jun","3727993.00"
"2012-07-31","2012Jul","3673060.00"
"2012-08-31","2012Aug","3630626.00"
"2012-09-30","2012Sep","3637294.00"
"2012-10-31","2012Oct","3600115.00"
"2012-11-30","2012Nov","3590257.00"
"2012-12-31","2012Dec","3581073.00"
"2013-01-31","2013Jan","3507534.00"
"2013-02-28","2013Feb","3503826.00"
"2013-03-31","2013Mar","3520285.00"
"2013-04-30","2013Apr","3494337.00"
"2013-05-31","2013May","3422270.00"
"2013-06-30","2013Jun","3400605.00"
"2013-07-31","2013Jul","3315112.00"
"2013-08-31","2013Aug","3291456.00"
"2013-09-30","2013Sep","3286526.00"
"2013-10-31","2013Oct","3236084.00"
"2013-11-30","2013Nov","3216910.00"
"2013-12-31","2013Dec","3151729.00"
"2014-01-31","2014Jan","3171855.00"
"2014-02-28","2014Feb","3137043.00"
"2014-03-31","2014Mar","3127881.00"
"2014-04-30","2014Apr","3113397.00"
"2014-05-31","2014May","3125674.00"
"2014-06-30","2014Jun","3104910.00"
"2014-07-31","2014Jul","3084518.00"
"2014-08-31","2014Aug","3074211.00"
"2014-09-30","2014Sep","3076220.00"
"2014-10-31","2014Oct","3057637.00"
"2014-11-30","2014Nov","3086373.00"
"2014-12-31","2014Dec","2973115.00"
"2015-01-31","2015Jan","2962969.00"
"2015-02-28","2015Feb","2946818.00"
"2015-03-31","2015Mar","2985255.00"
"2015-04-30","2015Apr","2932920.00"
"2015-05-31","2015May","2917212.00"
"2015-06-30","2015Jun","2900541.00"
"2015-07-31","2015Jul","2884196.00"
"2015-08-31","2015Aug","2851202.00"
"2015-09-30","2015Sep","2866669.00"
"2015-10-31","2015Oct","2863421.00"
"2015-11-30","2015Nov","2880313.00"
"2015-12-31","2015Dec","2828440.00"
"2016-01-31","2016Jan","2835371.00"
"2016-02-29","2016Feb","2851251.00"
"2016-03-31","2016Mar","2818657.00"
"2016-04-30","2016Apr","2814232.00"
"2016-05-31","2016May","2802856.00"
"2016-06-30","2016Jun","2841717.00"
"2016-07-31","2016Jul","2806283.00"
"2016-08-31","2016Aug","2778793.00"
"2016-09-30","2016Sep","2776449.00"
"2016-10-31","2016Oct","2739186.00"
"2016-11-30","2016Nov","2733913.00"
"2016-12-31","2016Dec","2727870.00"
"2017-01-31","2017Jan","2697187.00"
"2017-02-28","2017Feb","2691714.00"
"2017-03-31","2017Mar","2705306.00"
"2017-04-30","2017Apr","2687915.00"
"2017-05-31","2017May","2685287.00"
"2017-06-30","2017Jun","2708412.00"
"2017-07-31","2017Jul","2712009.00"
"2017-08-31","2017Aug","2700332.00"
"2017-09-30","2017Sep","2709509.00"
"2017-10-31","2017Oct","2724758.00"
"2017-11-30","2017Nov","2734641.00"
"2017-12-31","2017Dec","2723194.00"
"2018-01-31","2018Jan","2697805.00"
"2018-02-28","2018Feb","2684042.00"
"2018-03-31","2018Mar","2701331.00"
"2018-04-30","2018Apr","2673376.00"
"2018-05-31","2018May","2698682.00"
"2018-06-30","2018Jun","2701708.00"
"2018-07-31","2018Jul","2681269.00"
"2018-08-31","2018Aug","2673384.00"
"2018-09-30","2018Sep","2654699.00"
"2018-10-31","2018Oct","2640876.00"
"2018-11-30","2018Nov","2659285.00"
"2018-12-31","2018Dec","2645192.00"
"2019-01-31","2019Jan","2643264.00"
"2019-02-28","2019Feb","2632830.00"
"2019-03-31","2019Mar","2688520.00"
"2019-04-30","2019Apr","2665854.00"
"2019-05-31","2019May","2670303.00"
"2019-06-30","2019Jun","2697696.00"
"2019-07-31","2019Jul","2682010.00"
"2019-08-31","2019Aug","2706388.00"
"2019-09-30","2019Sep","2693909.00"
"2019-10-31","2019Oct","2689912.00"
"2019-11-30","2019Nov","2719410.00"
"2019-12-31","2019Dec","2676897.00"
"2020-01-31","2020Jan","2682617.00"
"2020-02-29","2020Feb","2702219.00"
"2020-03-31","2020Mar","2787458.00"
"2020-04-30","2020Apr","2804149.00"
"2020-05-31","2020May","2815604.00"
"2020-06-30","2020Jun","2926278.00"
"2020-07-31","2020Jul","2911983.00"
"2020-08-31","2020Aug","2887374.00"
"2020-09-30","2020Sep","2889692.00"
"2020-10-31","2020Oct","2871610.00"
"2020-11-30","2020Nov","2900724.00"
"2020-12-31","2020Dec","2892938.00"
"2021-01-31","2021Jan","2872735.00"
"2021-02-28","2021Feb","2861697.00"
"2021-03-31","2021Mar","2921490.00"
"2021-04-30","2021Apr","2907013.00"
"2021-05-31","2021May","2919362.00"
"2021-06-30","2021Jun","2959663.00"
"2021-07-31","2021Jul","2957656.00"
"2021-08-31","2021Aug","2955565.00"
"2021-09-30","2021Sep","2968628.00"
"2021-10-31","2021Oct","2964104.00"
"2021-11-30","2021Nov","3024037.00"
"2021-12-31","2021Dec","3003056.00"
"2022-01-31","2022Jan","3003060.00"
"2022-02-28","2022Feb","2983277.00"
"2022-03-31","2022Mar","3021724.00"
"2022-04-30","2022Apr","3067379.00"
"2022-05-31","2022May","3061080.00"
"2022-06-30","2022Jun","3120940.00"
"2022-07-31","2022Jul","3116233.00"
"2022-08-31","2022Aug","3107693.00"
"2022-09-30","2022Sep","3138666.00"
"2022-10-31","2022Oct","3123430.00"
"2022-11-30","2022Nov","3107216.00"
"2022-12-31","2022Dec","2973847.00"
"2023-01-31","2023Jan","2959671.00"
"2023-02-28","2023Feb","2960851.00"
"2023-03-31","2023Mar","2966191.00"
"2023-04-30","2023Apr","2960626.00"
"2023-05-31","2023May","2994713.00"
"2023-06-30","2023Jun","2993618.00"
"2023-07-31","2023Jul","2979661.00"
"2023-08-31","2023Aug","2957393.00"
"2023-09-30","2023Sep","2987325.00"
"2023-10-31","2023Oct","2983703.00"
"2023-11-30","2023Nov","3043986.00"
"2023-12-31","2023Dec","3015215.00"
"2024-01-31","2024Jan","3020366.00"
"2024-02-29","2024Feb","3025290.00"
"2024-03-31","2024Mar","3030225.00"
"2024-04-30","2024Apr","3037193.00"
"2024-05-31","2024May","3035676.00"
"2024-06-30","2024Jun","3040413.00"
"2024-07-31","2024Jul","3054586.00"
"2024-08-31","2024Aug","3064201.00"
"2024-09-30","2024Sep","3073530.00"
"2024-10-31","2024Oct","3090321.00"
"2024-11-30","2024Nov","3154958.00"
"2024-12-31","2024Dec","3115248.00"
"2025-01-31","2025Jan","3142627.00"
"2025-02-28","2025Feb","3149788.00"
"2025-03-31","2025Mar","3136712.00"
"2025-04-30","2025Apr","3156182.00"
"2025-05-31","2025May","3185210.00"
"2025-06-30","2025Jun","3204937.00"
"2025-07-31","2025Jul","3223915.00"
"2025-08-31","2025Aug","3231244.00"
"2025-09-30","2025Sep","3222766.00"
"2025-10-31","2025Oct","3269107.00"
"2025-11-30","2025Nov","3306518.00"
"2025-12-31","2025Dec","3268432.00"
"2026-01-31","2026Jan","3351210.00"
"2026-02-28","2026Feb","3357042.00"
"2026-03-31","2026Mar","3337917.00"
"2026-04-30","2026Apr","3388290.00"
