,AT,BE,FI,FR,DE,GR,IE,IT,NL,ES,PT,OIS
2005-09,3.12,3.145,3.04,3.1317,3.067727273,3.3,3.04,3.28701,3.116,3.08836363636364,3.4255555555666666,3.155054763940739
2005-10,3.27,3.299,3.19,3.2972,3.238571429,3.45,3.19,3.44443,3.279,3.2725238095238094,3.4766666667,3.4042957876968587
2005-11,3.48,3.493,3.4,3.4915,3.448181818,3.67,3.4,3.65516,3.478,3.47659090909091,3.5200000000333334,3.459306259290632
2005-12,3.36,3.39,3.3,3.3703,3.337619048,3.57,3.36,3.55319,3.353,3.36857142857143,3.5633333333666664,3.205642604325635
2006-01,3.33,3.372,3.28,3.3465,3.321363636,3.6,3.32,3.54353,3.327,3.33059090909091,3.6066666667,3.4705925077828605
2006-02,3.48,3.538,3.44,3.509,3.4725,3.77,3.47,3.69735,3.476,3.4829,3.760000000033333,3.480539384574989
2006-03,3.65,3.702,3.62,3.6887,3.637391304,3.95,3.65,3.92284,3.656,3.64891304347826,3.9133333333666664,3.778158816444735
2006-04,3.92,3.956,3.88,3.9528,3.895,4.23,3.9,4.22184,3.921,3.9188888888888895,4.0666666667,3.972634097925251
2006-05,4.03,4.027,3.94,4.0035,3.962727273,4.3,3.96,4.28469,3.964,3.98631818181818,4.058888888899999,3.963983616384752
2006-06,4.03,4.016,4.02,4.0088,3.960454545,4.31,3.98,4.29471,3.973,3.98818181818182,4.0511111111,4.061454843182179
2006-07,4.05,4.042,4.06,4.021,4.01,4.33,4.0,4.30648,3.994,4.02390476190476,4.0433333333,3.912681817843231
2006-08,3.92,3.915,3.94,3.8926,3.883913043,4.19,3.88,4.1707,3.903,3.8925652173913,4.0099999999666665,3.7435062990588728
2006-09,3.79,3.789,3.8,3.7623,3.753809524,4.06,3.76,4.03582,3.778,3.7632857142857103,3.9766666666333332,3.663616955296377
2006-10,3.83,3.835,3.84,3.811,3.787727273,4.08,3.78,4.06997,3.82,3.8129090909090895,3.9433333333,3.7216775880939
2006-11,3.76,3.76,3.75,3.7395,3.714090909,3.98,3.72,3.97009,3.749,3.747,4.014444444433333,3.6637217230048154
2006-12,3.81,3.82,3.82,3.8273,3.770526316,4.04,3.76,4.0376,3.819,3.81626315789474,4.085555555566667,3.911844621792944
2007-01,4.06,4.064,4.05,4.0711,4.016818182,4.28,4.04,4.2628,4.052,4.07245454545455,4.1566666667,4.064024401163083
2007-02,4.09,4.108,4.08,4.0935,4.049,4.3,4.07,4.28009,4.074,4.1108,4.268888888899999,3.9182043078385846
2007-03,3.99,4.009,3.98,3.9995,3.940909091,4.2,3.97,4.17622,3.978,4.00868181818182,4.3811111111,4.024396425537575
2007-04,4.21,4.222,4.2,4.214,4.152105263,4.4,4.19,4.37021,4.194,4.20873684210526,4.4933333333,4.131063402188547
2007-05,4.33,4.345,4.33,4.3425,4.279047619,4.51,4.32,4.48971,4.328,4.336285714285712,4.526666666633333,4.368948524699516
2007-06,4.63,4.638,4.62,4.6192,4.56047619,4.8,4.62,4.77197,4.614,4.620285714285711,4.559999999966667,4.509835721430611
2007-07,4.59,4.617,4.59,4.5816,4.505,4.79,4.59,4.76033,4.564,4.596227272727271,4.5933333333,4.356365348414947
2007-08,4.38,4.437,4.39,4.3836,4.296521739,4.62,4.4,4.58355,4.383,4.39813043478261,4.545555555533333,4.322620136030987
2007-09,4.33,4.392,4.34,4.3615,4.226,4.56,4.32,4.57357,4.343,4.354,4.497777777766667,4.378139363812401
2007-10,4.4,4.423,4.38,4.3974,4.282608696,4.58,4.39,4.59088,4.376,4.37834782608696,4.45,4.288441367448606
2007-11,4.21,4.28,4.22,4.2279,4.089090909,4.43,4.31,4.44929,4.209,4.24786363636364,4.4044444444333335,4.214501049173749
2007-12,4.35,4.412,4.34,4.3552,4.205882353,4.53,4.45,4.53849,4.338,4.34770588235294,4.358888888866667,4.376063756487179
2008-01,4.22,4.252,4.14,4.1414,4.027727273,4.4,4.25,4.39891,4.131,4.18272727272727,4.3133333333,4.047324364292113
2008-02,4.18,4.231,4.06,4.082,3.952857143,4.36,4.21,4.35443,4.046,4.14409523809524,4.439999999966667,4.061380627005582
2008-03,4.14,4.225,4.0,4.0109,3.799473684,4.42,4.17,4.37747,3.974,4.117631578947369,4.566666666633333,4.130927905671825
2008-04,4.34,4.375,4.22,4.2778,4.04,4.54,4.44,4.53189,4.21,4.3102727272727295,4.6933333333,4.318280425484428
2008-05,4.48,4.514,4.47,4.4067,4.201904762,4.74,4.58,4.70282,4.362,4.42215,4.717777777766667,4.518585364379764
2008-06,4.8,4.836,4.78,4.7418,4.52047619,5.17,4.91,5.10565,4.734,4.79161904761905,4.742222222233333,4.7317624873146285
2008-07,4.78,4.852,4.77,4.6928,4.490434783,5.15,4.92,5.09463,4.687,4.79786363636364,4.7666666667,4.526609291076326
2008-08,4.48,4.578,4.47,4.3985,4.202380952,4.87,4.59,4.81387,4.398,4.55911764705882,4.613333333366667,4.344467081768706
2008-09,4.46,4.558,4.43,4.356,4.094090909,4.88,4.56,4.8041,4.353,4.56833333333333,4.460000000033333,4.338167659086874
2008-10,4.33,4.459,4.33,4.189,3.883478261,4.93,4.55,4.78,4.228,4.466,4.3066666667,4.254812565671609
2008-11,4.19,4.261,4.09,3.9804,3.5565,5.09,4.56,4.74252,3.963,4.1468,4.373333333366666,3.773931784703785
2008-12,3.9,3.866,3.72,3.545,3.047894737,5.08,4.57,4.46882,3.647,3.85817647058824,4.440000000033334,3.688186159441063
2009-01,4.0,4.133,3.87,3.6088,3.070952381,5.6,5.2,4.62129,3.763,4.14584210526316,4.5066666667,4.022974607517412
2009-02,4.21,4.238,3.93,3.6591,3.1275,5.7,5.65,4.53581,3.797,4.23355,4.484444444466667,3.852830541463261
2009-03,4.16,4.035,3.81,3.6508,3.019545455,5.87,5.76,4.45835,3.658,4.05876190476191,4.462222222233334,3.773288938237143
2009-04,4.04,3.929,3.78,3.6635,3.133,5.5,5.34,4.35597,3.771,4.00575,4.44,3.786677372891889
2009-05,4.1,4.029,3.91,3.8013,3.371,5.22,5.27,4.41509,3.853,4.05425,4.307777777766667,4.17940664059023
2009-06,4.32,4.122,3.98,3.898,3.473636364,5.33,5.73,4.60624,3.956,4.23504545454546,4.175555555533333,3.9874637427657458
2009-07,4.04,3.915,3.77,3.7271,3.337826087,4.89,5.45,4.37291,3.764,4.01195652173913,4.0433333333,3.741084167087466
2009-08,3.76,3.773,3.63,3.5886,3.305238095,4.52,4.92,4.11556,3.609,3.7783809523809504,3.9799999999666666,3.679817121693228
2009-09,3.75,3.722,3.62,3.5857,3.263181818,4.56,4.91,4.08809,3.58,3.8032272727272702,3.916666666633333,3.6351065649453216
2009-10,3.65,3.678,3.57,3.5558,3.209090909,4.57,4.77,4.10144,3.533,3.771090909090911,3.8533333333,3.678017975479511
2009-11,3.6,3.643,3.53,3.5568,3.217142857,4.84,4.82,4.05652,3.52,3.7895238095238097,4.017777777766667,3.569884678878448
2009-12,3.61,3.608,3.46,3.4744,3.1385,5.49,4.88,4.00728,3.438,3.8042,4.182222222233333,3.7595293848336273
2010-01,3.75,3.745,3.49,3.5182,3.2575,6.02,4.83,4.07788,3.467,3.98865,4.3466666667,3.663042992534393
2010-02,3.66,3.731,3.38,3.4941,3.17,6.46,4.73,4.04712,3.356,3.9781,4.603333333366667,3.487951488602823
2010-03,3.53,3.626,3.26,3.4381,3.102173913,6.24,4.53,3.94527,3.368,3.8304782608695698,4.860000000033333,3.462696597710875
2010-04,3.46,3.542,3.36,3.3992,3.0645,7.83,4.76,3.99558,3.321,3.90142105263158,5.1166666667,3.3965316590279984
2010-05,3.21,3.306,3.03,3.0766,2.734285714,7.97,4.86,3.98492,3.018,4.08414285714286,5.2866666666999995,2.9953051025877926
2010-06,3.2,3.472,2.92,3.0714,2.543181818,9.1,5.31,4.1022,2.899,4.5555,5.4566666667,3.0252571441338065
2010-07,3.07,3.293,2.85,2.9809,2.615909091,10.34,5.32,4.02583,2.853,4.43309090909091,5.6266666667,3.0084905652229503
2010-08,2.77,3.029,2.62,2.681,2.35,10.7,5.3,3.80208,2.558,4.03718181818182,5.9166666667,2.477798602833772
2010-09,2.8,3.12,2.58,2.6652,2.300454545,11.34,6.14,3.86227,2.524,4.09463636363636,6.2066666667,2.672248877981948
2010-10,2.82,3.209,2.63,2.7207,2.345714286,9.57,6.42,3.80021,2.577,4.03652380952381,6.4966666667,2.857753989039494
2010-11,3.01,3.479,2.82,2.9965,2.532727273,11.52,8.22,4.18408,2.785,4.68590476190476,6.785555555566667,3.1078742653447176
2010-12,3.43,3.989,3.19,3.3466,2.914761905,12.01,8.45,4.603,3.155,5.374380952380951,7.074444444433333,3.3617030593052064
2011-01,3.54,4.136,3.27,3.4436,3.016666667,11.73,8.75,4.72908,3.228,5.37933333333333,7.3633333333,3.4930134843137086
2011-02,3.68,4.214,3.41,3.6029,3.199,11.4,9.1,4.73561,3.408,5.2578,8.207777777766667,3.4899100215096217
2011-03,3.68,4.213,3.45,3.6073,3.21173913,12.44,9.67,4.87539,3.423,5.2494347826087,9.052222222233333,3.657760973674792
2011-04,3.76,4.287,3.57,3.6916,3.340526316,13.86,9.79,4.84077,3.647,5.32873684210526,9.8966666667,3.554150347968199
2011-05,3.53,4.211,3.32,3.4881,3.060909091,15.94,10.64,4.75615,3.403,5.32218181818182,10.422222222233334,3.3653766392164908
2011-06,3.43,4.137,3.29,3.4299,2.890909091,16.69,11.43,4.81559,3.283,5.47986363636364,10.947777777766666,3.407358435187134
2011-07,3.35,4.225,3.16,3.3927,2.743809524,16.15,12.45,5.46328,3.172,5.82485714285714,11.4733333333,3.0573861969368465
2011-08,2.84,4.105,2.68,2.9815,2.213478261,15.9,9.57,5.27054,2.677,5.25234782608696,11.725555555533333,2.7634438559681804
2011-09,2.64,3.877,2.35,2.6408,1.829090909,17.78,8.51,5.7457,2.336,5.20022727272727,11.977777777766667,2.483376235288464
2011-10,2.92,4.201,2.51,2.9947,2.002380952,18.04,8.1,5.9719,2.464,5.25133333333333,12.23,2.788549161763497
2011-11,3.36,4.838,2.54,3.4093,1.874090909,17.92,8.51,7.05709,2.446,6.19209090909091,12.5611111111,3.0719470274410456
2011-12,3.1,4.352,2.52,3.1593,1.927619048,21.14,8.7,6.81193,2.376,5.50452380952381,12.8922222222,2.645128365970277
2012-01,3.27,4.108,2.28,3.179,1.820909091,25.91,7.71,6.5366,2.197,5.399285714285711,13.2233333333,2.665751627507825
2012-02,3.0,3.703,2.34,3.0156,1.851904762,29.24,7.02,5.54646,2.236,5.11109523809524,12.6111111111,2.590987566225758
2012-03,2.87,3.53,2.3,2.9505,1.830454545,19.06,6.9,5.04876,2.249,5.16972727272727,11.9988888889,2.599159047720721
2012-04,2.83,3.524,2.15,2.9948,1.624210526,21.48,6.88,5.67583,2.291,5.79,11.3866666667,2.4710951007504747
2012-05,2.49,3.304,1.82,2.7545,1.336818182,26.9,7.12,5.78334,1.961,6.12554545454545,10.813333333366666,1.887070048749857
2012-06,2.29,3.169,1.76,2.575,1.30047619,27.82,7.09,5.90366,1.926,6.58938095238095,10.240000000033334,2.3157381116667404
2012-07,2.07,2.695,1.55,2.2786,1.242272727,25.82,6.12,5.99562,1.747,6.795,9.6666666667,1.8714631615426764
2012-08,1.97,2.54,1.54,2.1194,1.34173913,24.34,5.91,5.82165,1.757,6.58128571428571,9.082222222233334,1.9144413984542303
2012-09,2.04,2.606,1.82,2.2384,1.4905,20.91,5.28,5.2543,1.844,5.9205,8.497777777766666,1.9401481093651816
2012-10,2.02,2.436,1.78,2.1866,1.466956522,17.96,4.77,4.95287,1.767,5.646590909090911,7.9133333333,1.9495004378536132
2012-11,1.85,2.288,1.67,2.1394,1.335909091,17.2,4.59,4.85144,1.65,5.6900909090909115,7.357777777766667,1.7951046854980277
2012-12,1.77,2.104,1.59,1.9969,1.299411765,13.33,4.67,4.54158,1.562,5.33994444444444,6.8022222222333335,1.722533077541371
2013-01,1.92,2.312,1.74,2.1664,1.512272727,11.1,4.18,4.20769,1.738,5.05027272727273,6.2466666667,2.020654870829002
2013-02,1.96,2.465,1.81,2.2448,1.5435,10.95,3.78,4.4929,1.827,5.2183,6.154444444466667,1.880491865980316
2013-03,1.75,2.255,1.61,2.0696,1.3545,11.38,3.83,4.64036,1.669,4.92135,6.062222222233333,1.759226275777391
2013-04,1.64,2.044,1.51,1.8022,1.196190476,11.58,3.78,4.27767,1.663,4.59109523809524,5.97,1.550317933457273
2013-05,1.75,2.058,1.6,1.8765,1.294090909,9.07,3.48,3.96398,1.691,4.24631818181818,6.2611111111,1.8427562019166928
2013-06,2.04,2.441,1.88,2.2119,1.5305,10.07,4.02,4.37887,2.0,4.6707,6.5522222222,2.1372549798737515
2013-07,2.06,2.543,1.91,2.2492,1.565652174,10.53,3.88,4.41831,2.032,4.66017391304348,6.8433333333,1.9549500564761644
2013-08,2.22,2.65,2.07,2.362,1.735,10.01,3.92,4.41911,2.196,4.50718181818182,6.6011111111,2.1735758852227374
2013-09,2.34,2.752,2.19,2.483,1.888095238,10.15,3.95,4.54105,2.322,4.41690476190476,6.3588888889,2.05493861415187
2013-10,2.19,2.569,2.04,2.3915,1.762173913,8.74,3.65,4.24765,2.177,4.21634782608696,6.1166666667,1.95182874131826
2013-11,2.08,2.416,1.94,2.2656,1.677142857,8.41,3.53,4.09506,2.056,4.10635,5.6966666667,1.9865840246800035
2013-12,2.17,2.435,2.03,2.3294,1.797777778,8.66,3.48,4.11398,2.156,4.13855,5.2766666667,2.24087957425051
2014-01,2.13,2.45,1.99,2.3851,1.755909091,8.18,3.39,3.86587,2.098,3.785,4.8566666667,1.8946035594776944
2014-02,1.95,2.398,1.92,2.2524,1.5585,7.7,3.24,3.65119,1.891,3.56125,4.4577777778,1.880141761770952
2014-03,1.87,2.264,1.9,2.1502,1.508571429,6.9,3.05,3.39943,1.81,3.312,4.0588888889,1.82211901094795
2014-04,1.77,2.16,1.84,2.0259,1.4565,6.2,2.9,3.22823,1.846,3.10415,3.66,1.7207650749501475
2014-05,1.62,1.995,1.69,1.8421,1.327142857,6.38,2.71,3.12329,1.709,2.9334285714285695,3.5888888889,1.5579182957339173
2014-06,1.65,1.827,1.57,1.7124,1.264285714,5.93,2.44,2.91968,1.598,2.71247619047619,3.5177777778,1.4384625015574244
2014-07,1.47,1.614,1.36,1.5608,1.114347826,6.1,2.28,2.79361,1.407,2.671,3.4466666667,1.3383150598159546
2014-08,1.28,1.404,1.18,1.4045,0.956190476,6.09,2.02,2.6327,1.2,2.4194,3.3144444444666665,1.031518088310999
2014-09,1.22,1.299,1.13,1.3512,0.921363636,5.89,1.75,2.40013,1.154,2.19604545454545,3.1822222222333334,1.0588503966798832
2014-10,1.1,1.179,1.01,1.2586,0.790909091,7.26,1.74,2.4239,1.032,2.11130434782609,3.05,0.9638364085329972
2014-11,0.98,1.066,0.9,1.138,0.719,8.1,1.58,2.29036,0.934,2.07055,2.7611111111,0.8015239549035273
2014-12,0.81,0.905,0.89,0.9218,0.588947368,8.42,1.31,1.9898,0.777,1.78536842105263,2.4722222221999997,0.6486316636468334
2015-01,0.54,0.733,0.62,0.6749,0.39,9.48,1.22,1.70214,0.52,1.54209523809524,2.1833333333,0.3936199168815342
2015-02,0.44,0.633,0.48,0.5948,0.302,9.72,1.12,1.55683,0.416,1.5131,2.256666666633333,0.3691326637656524
2015-03,0.37,0.495,0.39,0.5039,0.227272727,10.52,0.8,1.29423,0.326,1.22581818181818,2.3299999999666667,0.2639295264340712
2015-04,0.29,0.415,0.27,0.4347,0.122,12.0,0.73,1.3574,0.314,1.31275,2.4033333333,0.4168462509487285
2015-05,0.72547,0.859,0.71,0.886,0.555789474,10.95,1.25,1.81211,0.754,1.77063157894737,2.4744444444333333,0.6090087894856606
2015-06,1.06382,1.206,1.01,1.1958,0.792727273,11.43,1.65,2.19919,1.054,2.23395454545455,2.5455555555666667,0.9528411053191466
2015-07,1.08413,1.15,0.95,1.117,0.71,,1.47,2.04214,0.986,2.10069565217391,2.6166666667,0.7286394532157718
2015-08,0.95981,1.0,0.82,0.9981,0.608571429,10.26,1.29,1.83856,0.853,1.9497619047619,2.5744444444666668,0.8200572366778678
2015-09,0.97064,1.009,0.95,1.0051,0.654090909,8.54,1.31,1.92014,0.866,2.0307727272727294,2.5322222222333335,0.7033485221551179
2015-10,0.82973,0.855,0.81,0.8618,0.518181818,7.81,1.14,1.69606,0.725,1.72818181818182,2.49,0.6299876107215212
2015-11,0.81938,0.84,0.81,0.885,0.516190476,7.41,1.1,1.57018,0.716,1.72766666666667,2.635555555566667,0.5803911345864661
2015-12,0.86324,0.893,0.86,0.9328,0.5455,8.21,1.11,1.57864,0.754,1.68561904761905,2.7811111111333333,0.768969803797086
2016-01,0.76721,0.858,0.78,0.8453,0.4305,9.08,1.05,1.5343,0.646,1.72795,2.9266666667,0.4393896373825665
2016-02,0.52601,0.716,0.53,0.5924,0.172857143,10.41,0.99,1.5585,0.371,1.72352380952381,3.004444444466667,0.218827627045008
2016-03,0.45724,0.617,0.53,0.5089,0.171428571,9.12,0.85,1.37516,0.32,1.5507619047619,3.0822222222333333,0.2625919426852219
2016-04,0.37961,0.55,0.46,0.51,0.134285714,9.03,0.86,1.44177,0.395,1.51352380952381,3.16,0.3431946601834337
2016-05,0.36661,0.551,0.45,0.5113,0.132857143,7.64,0.84,1.52632,0.384,1.5665,3.1322222222333336,0.2224078988269107
2016-06,0.32766,0.427,0.33,0.3901,-0.016818182,7.92,0.76,1.45346,0.25,1.47995454545455,3.1044444444666666,-0.1044256146642337
2016-07,0.15833,0.198,0.12,0.173,-0.154285714,7.99,0.47,1.22722,0.062,1.16909523809524,3.0766666667,-0.1517966897263534
2016-08,0.10683,0.147,0.06,0.1514,-0.13173913,8.19,0.4,1.17635,0.027,1.01430434782609,3.2266666667,-0.1176940424906636
2016-09,0.14841,0.18,0.08,0.1833,-0.084090909,8.34,0.42,1.26606,0.061,1.04090909090909,3.3766666667000003,-0.1620515369928412
2016-10,0.24071,0.267,0.17,0.327,0.002,8.33,0.5,1.45047,0.156,1.07261904761905,3.5266666667,0.142941868196583
2016-11,0.49164,0.567,0.41,0.6638,0.189090909,7.33,0.85,1.94278,0.385,1.42381818181818,3.6822222222333334,0.2743464000414652
2016-12,0.53445,0.615,0.46,0.7542,0.251904762,6.94,0.84,1.88618,0.436,1.43666666666667,3.8377777777666666,0.2581256056567871
2017-01,0.57045,0.696,0.5,0.8625,0.250909091,7.04,0.99,1.99107,0.481,1.46631818181818,3.9933333333,0.4969792614902402
2017-02,0.58985,0.874,0.52,1.0291,0.258,7.52,1.06,2.35192,0.486,1.703,3.776666666633333,0.2521480376521627
2017-03,0.59235,0.874,0.51,1.0199,0.34826087,7.17,1.05,2.40073,0.485,1.71752173913043,3.5599999999666667,0.3814023713402656
2017-04,0.4903,0.783,0.38,0.8814,0.225555556,6.7,0.91,2.25705,0.498,1.61777777777778,3.3433333333,0.3819920626792856
2017-05,0.6517,0.774,0.49,0.799,0.336363636,5.86,0.83,2.19402,0.589,1.56840909090909,3.1722222222,0.3616871225584432
2017-06,0.55468,0.625,0.56,0.6646,0.25047619,5.76,0.7,2.05337,0.503,1.45231818181818,3.0011111111,0.5409199919834577
2017-07,0.72924,0.833,0.76,0.8371,0.455714286,5.33,0.87,2.23141,0.688,1.59780952380952,2.83,0.5771010542149364
2017-08,0.60617,0.726,0.65,0.7108,0.346086957,5.55,0.73,2.10986,0.542,1.48486363636364,2.5677777777666666,0.3846542552178906
2017-09,0.5911,0.696,0.58,0.7,0.347142857,5.56,0.7,2.10949,0.532,1.54128571428571,2.3055555555333336,0.5162529460039549
2017-10,0.60618,0.694,0.59,0.8116,0.3725,5.59,0.66,2.07385,0.541,1.61468181818182,2.0433333333,0.4385500943816023
2017-11,0.51445,0.582,0.52,0.7195,0.308181818,5.22,0.58,1.78885,0.468,1.48877272727273,1.9922222222000001,0.4370419396738372
2017-12,0.50271,0.533,0.5,0.6763,0.296842105,4.44,0.54,1.79452,0.452,1.44163157894737,1.9411111111,0.5220430870463577
2018-01,0.66923,0.705,0.67,0.8544,0.474545455,3.79,0.9126,1.98419,0.611,1.47386363636364,1.89,0.7098755198716349
2018-02,0.83565,0.972,0.84,0.9816,0.659,4.14,1.1328,2.08078,0.761,1.5178,1.8566666666666667,0.7091440932355493
2018-03,0.81341,0.872,0.72,0.8342,0.52952381,4.27,1.0056,1.96547,0.626,1.34961904761905,1.8233333333333333,0.5484389371638745
2018-04,0.76252,0.812,0.69,0.7763,0.48,4.04,0.9435,1.77335,0.69,1.2183,1.79,0.6286787111497132
2018-05,0.76061,0.827,0.7,0.7855,0.45,4.29,0.9821,2.17969,0.671,1.38581818181818,1.8,0.4024670996911501
2018-06,0.70643,0.786,0.63,0.7526,0.327142857,4.39,0.924,2.74417,0.565,1.37290476190476,1.81,0.379055687017642
2018-07,0.59595,0.683,0.53,0.6658,0.274545455,3.88,0.8271,2.64298,0.474,1.31754545454545,1.82,0.4553404508943632
2018-08,0.5973,0.715,0.56,0.7048,0.290869565,4.18,0.8618,3.16096,0.473,1.37239130434783,1.8333333333333335,0.3719089874180712
2018-09,0.6654,0.772,0.66,0.7677,0.3705,4.17,0.9327,2.9585,0.551,1.4418,1.8466666666666667,0.5091276886227742
2018-10,0.68752,0.852,0.73,0.8227,0.399090909,4.37,1.0082,3.46884,0.582,1.5735652173913,1.86,0.4342568662405739
2018-11,0.62005,0.808,0.66,0.7622,0.314090909,4.42,0.9827,3.39008,0.518,1.58240909090909,1.7444444444333334,0.369032434490065
2018-12,0.51975,0.745,0.55,0.6979,0.187058824,4.28,0.909,2.97513,0.401,1.42621052631579,1.6288888888666668,0.316223018423702
2019-01,0.45196,0.765,0.49,0.6463,0.132727273,4.21,0.9351,2.77011,0.332,1.37877272727273,1.5133333333,0.1876074798881903
2019-02,0.45125,0.687,0.38,0.5506,0.0555,3.84,0.8436,2.81241,0.236,1.28095,1.3188888888666668,0.2281325209626938
2019-03,0.37662,0.537,0.39,0.437,0.010952381,3.76,0.6683,2.68985,0.15,1.12685714285714,1.1244444444333335,-0.0134294349958481
2019-04,0.31432,0.467,0.34,0.3718,-0.0395,3.42,0.5596,2.61756,0.195,1.0623,0.93,0.0761878544554783
2019-05,0.23809,0.407,0.25,0.3036,-0.134545455,3.37,0.4995,2.64404,0.11,0.879681818181818,0.7100000000000001,-0.1317339566911721
2019-06,0.03005,0.148,0.05,0.079,-0.315263158,2.67,0.2664,2.28374,-0.092,0.4994,0.49000000000000005,-0.2588942841047439
2019-07,-0.10365,-0.003,-0.09,-0.0698,-0.38826087,2.16,0.1355,1.6539,-0.206,0.355130434782609,0.27,-0.3904594031654613
2019-08,-0.37368,-0.277,-0.35,-0.3429,-0.649090909,1.98,-0.0505,1.40365,-0.499,0.141772727272727,0.2855555555666667,-0.6526805405710738
2019-09,-0.30238,-0.239,-0.3,-0.2729,-0.594761905,1.5,-0.0104,0.90208,-0.427,0.183380952380952,0.30111111113333333,-0.5210200593301089
2019-10,-0.19743,-0.155,-0.21,-0.1556,-0.469545455,1.34,0.0161,1.00355,-0.314,0.202521739130435,0.3166666667,-0.3645588719895603
2019-11,-0.0861,-0.042,-0.08,-0.0199,-0.352380952,1.36,0.0722,1.26594,-0.192,0.384952380952381,0.3588888889,-0.2973038143639779
2019-12,-0.04386,0.006,-0.03,0.0362,-0.299444444,1.42,0.0373,1.37011,-0.135,0.4365,0.40111111110000003,-0.1416139923580766
2020-01,-0.08677,-0.025,-0.07,-0.0068,-0.313636364,1.34,0.0041,1.27499,-0.17,0.418863636363636,0.4433333333,-0.3982077398358039
2020-02,-0.2574,-0.126,-0.23,-0.1802,-0.466,1.07,-0.1312,0.9555,-0.335,0.2742,0.5522222222000001,-0.5719619376432523
2020-03,-0.09377,-0.018,-0.12,-0.0536,-0.541363636,1.97,0.0687,1.55118,-0.326,0.509318181818182,0.6611111111,-0.4142217275658404
2020-04,0.04577,0.142,0.03,0.0591,-0.4495,2.05,0.2012,1.79913,-0.218,0.8217,0.77,-0.4577088658789732
2020-05,-0.09738,0.038,-0.12,-0.0306,-0.5165,1.93,0.1072,1.76204,-0.312,0.747809523809524,0.6333333333333333,-0.3592212288998233
2020-06,-0.13086,-0.044,-0.17,-0.0446,-0.434285714,1.32,0.0835,1.4552,-0.293,0.517090909090909,0.49666666666666665,-0.4511601140782186
2020-07,-0.24852,-0.168,-0.21,-0.1453,-0.523043478,1.14,-0.0473,1.19629,-0.391,0.376608695652174,0.36,-0.4934549928365368
2020-08,-0.27995,-0.207,-0.25,-0.1713,-0.523333333,1.08,-0.1219,1.03189,-0.412,0.301,0.27111111109999997,-0.370767370836389
2020-09,-0.31736,-0.246,-0.3,-0.207,-0.524090909,1.08,-0.1331,0.98121,-0.441,0.280681818181818,0.18222222219999998,-0.4953658691276756
2020-10,-0.398,-0.345,-0.38,-0.2958,-0.607272727,0.9,-0.2224,0.77007,-0.528,0.170181818181818,0.0933333333,-0.6034864733654897
2020-11,-0.41138,-0.383,-0.4,-0.3232,-0.614761905,0.75,-0.251,0.66399,-0.543,0.0940952380952381,0.10888888886666667,-0.5496842544259004
2020-12,-0.42243,-0.388,-0.41,-0.3356,-0.6185,0.63,-0.2903,0.57801,-0.553,0.0421818181818182,0.12444444443333334,-0.5700079921508663
2021-01,-0.39948,-0.358,-0.378421053,-0.3051,-0.5835,0.65,-0.2418,0.61566,-0.532,0.07825,0.14,-0.5122549639975529
2021-02,-0.19685,-0.212,-0.21767,-0.1522,-0.4455,0.81,-0.0551,0.59041,-0.392,0.22555,0.23888888889999998,-0.245739451145833
2021-03,-0.0887,-0.036,-0.123843478,-0.0687,-0.364782609,0.91,0.0276,0.70399,-0.331,0.309608695652174,0.33777777779999996,-0.2786500209590494
2021-04,-0.04086,0.044,-0.0792,-0.0069,-0.325,0.88,0.082,0.79727,-0.296,0.36725,0.4366666667,-0.1799941287779782
2021-05,0.08033,0.179,0.04909,0.2107,-0.2235,0.99,0.2372,0.98446,-0.186,0.516571428571429,0.36555555556666663,-0.1464150531334933
2021-06,0.02291,0.122,-0.017666667,0.153,-0.288636364,0.81,0.1787,0.8746,-0.236,0.4455,0.2944444444333333,-0.2031675387389504
2021-07,-0.13023,-0.028,-0.095627273,-0.0059,-0.451363636,0.7,0.0309,0.74775,-0.381,0.332772727272727,0.2233333333,-0.4398795835232656
2021-08,-0.22495,-0.135,-0.215054545,-0.1155,-0.538636364,0.59,-0.0788,0.62758,-0.48,0.218227272727273,0.27555555553333333,-0.3929337298819684
2021-09,-0.07595,0.008,-0.083863636,0.0363,-0.362727273,0.8,0.0674,0.77658,-0.339,0.330272727272727,0.32777777776666667,-0.1701871538638641
2021-10,0.08367,0.162,0.078884211,0.1973,-0.204285714,0.96,0.2224,0.95487,-0.178,0.471,0.38,-0.0692417043067128
2021-11,-0.00877,0.07,0.0043,0.103,-0.313636364,1.22,0.1876,1.00969,-0.268,0.476681818181818,0.5644444444333333,-0.3500497959956763
2021-12,-0.04548,0.03,-0.06184,0.0493,-0.384285714,1.29,0.0998,1.04735,-0.318,0.413318181818182,0.7488888888666667,-0.1884997053069739
2022-01,0.18129,0.26,0.17909,0.3141,-0.114761905,1.62,0.3803,1.34641,-0.098,0.66452380952381,0.9333333333,0.027558640324989
2022-02,0.5391,0.59,0.51082,0.6785,0.15,2.46,0.7751,1.79367,0.237,1.11215,1.3499999999666665,0.2151889622433027
2022-03,0.7207,0.79,0.715817391,0.7832,0.28173913,2.61,0.9293,1.85382,0.343,1.22534782608696,1.7666666666333333,0.6178605132498334
2022-04,1.28567,1.3,1.177,1.2849,0.746315789,2.89,1.4021,2.4356,0.854,1.68947368421053,2.1833333333,0.9394447549795604
2022-05,1.53627,1.58,1.451961905,1.5182,0.952727273,3.54,1.6275,2.98982,1.054,2.05136363636364,2.2677777777666663,1.2196374068344555
2022-06,2.07073,2.13,2.07227619,2.056,1.445,3.93,2.129,3.6347,1.819,2.6485,2.3522222222333333,1.4984395024541597
2022-07,1.70138,1.8,1.713857143,1.7067,1.081904762,3.38,1.7438,3.35879,1.467,2.3332380952381,2.4366666667,0.928512097752508
2022-08,1.68022,1.71,1.624904348,1.6857,1.034347826,3.46,1.7127,3.29713,1.414,2.1758695652173894,2.6666666667,1.571382059522819
2022-09,2.45918,2.45,2.421363636,2.4096,1.795454545,4.44,2.418,4.13844,2.142,2.95204545454545,2.8966666667,2.134773480380704
2022-10,2.9161,2.84,2.895238095,2.773,2.186666667,4.87,2.7093,4.53227,2.52,3.31419047619048,3.1266666667,2.2391387491331125
2022-11,2.70309,2.65,2.691363636,2.5831,2.066363636,4.42,2.5341,4.24251,2.351,3.105,3.1588888889,1.9939423217948185
2022-12,2.74,2.7,2.41,2.6167,2.085238095,4.22,2.5862,4.25657,2.429,3.111,3.1911111110999997,2.555313576346965
2023-01,2.80759,2.79,2.77,2.69,2.192727273,4.29,2.6546,4.24279,2.499,3.22263636363636,3.2233333333,2.321746829009651
2023-02,3.04365,2.96,2.94,2.8727,2.3705,4.26,2.8568,4.27004,2.678,3.3891,3.1988888888666667,2.7593967440187765
2023-03,3.0597,3.04,2.98,2.9167,2.383478261,4.29,2.8565,4.24,2.758,3.44308695652174,3.174444444433333,2.4053734039225585
2023-04,3.0285,3.05,2.96,2.9038,2.359444444,4.22,2.7713,4.23356,2.719,3.4081666666666695,3.15,2.4444445430269903
2023-05,3.03173,3.04,2.98,2.9385,2.342272727,3.98,2.7861,4.31267,2.728,3.4137272727272694,3.21,2.3837639734
2023-06,3.04505,3.05,3.0,2.9319,2.376363636,3.71,2.778,4.07441,2.75,3.40422727272727,3.27,2.5070983224
2023-07,3.12486,3.14,3.07,3.0379,2.456666667,3.85,2.899,4.15721,2.84,3.49738095238095,3.33,2.5434072241
2023-08,3.18009,3.22,3.15,3.1101,2.545652174,3.88,2.9644,4.22104,2.917,3.58721739130435,3.3022222222333335,2.5706069449
2023-09,3.29424,3.32,3.25,3.242,2.661428571,4.08,3.087,4.51295,3.036,3.72090476190476,3.2744444444666665,2.8762763259
2023-10,3.48555,3.52,3.47,3.4496,2.823181818,4.3,3.2719,4.88505,3.207,3.9512272727272704,3.2466666667,2.8226726907
2023-11,3.21068,3.23,3.2,3.1914,2.601363636,3.88,3.009,4.42761,2.95,3.6594090909090897,3.1700000000333333,2.5285020009
2023-12,2.68026,2.7,2.68,2.6549,2.102105263,3.28,2.4648,3.82082,2.422,3.141,3.0933333333666666,2.0808856999
2024-01,2.7596,2.81,2.8,2.7365,2.174545455,3.29,2.599,3.81113,2.506,3.18595454545455,3.0166666667,2.26580157
2024-02,2.8929,2.95,2.8846,2.8547,2.3319047619,3.45,2.7804,3.87207,2.643,3.2725238095238094,3.0644444444666665,2.4801097363
2024-03,2.8535,2.91,2.84936,2.8236,2.3495,3.37,2.754,3.69579,2.616,3.1896,3.1122222222333336,2.359935488
2024-04,2.9861,3.01,2.943847619,2.9749,2.4457142857,3.49,2.8878,3.85564,2.718,3.2815238095238106,3.16,2.6368704855
2024-05,3.0161,3.06,3.004838095,3.031,2.5195454545,3.55,2.9141,3.84382,2.829,3.29891304347826,3.08,2.7015587512
2024-06,3.0384,3.12,3.050273684,3.1494,2.4845,3.65,2.9287,3.94189,2.822,3.35605,3.0,2.5019106798
2024-07,2.9776,3.06,3.002217391,3.1547,2.4582608696,3.5,2.8587,3.83015,2.765,3.2803913043478294,2.92,2.3290703135
2024-08,2.7626,2.83,2.777254545,2.9681,2.2077272727,3.31,2.637,3.68199,2.531,3.07104545454545,2.8577777777666666,2.3888297669
2024-09,2.6895,2.79,2.717609524,2.9126,2.1671428571,3.19,2.5457,3.56547,2.469,2.99566666666667,2.7955555555333333,2.2367867384
2024-10,2.7438,2.84,2.747069565,2.9983,2.2295652174,3.16,2.5888,3.50106,2.533,2.9676086956521694,2.7333333333,2.520945558
2024-11,2.7721,2.92,2.81326,3.086,2.3057142857,3.19,2.6262,3.56886,2.567,3.05561904761905,2.8444444444333334,2.1852246483
2024-12,2.6203,2.8,2.645282353,3.0164,2.1788888889,3.05,2.4906,3.32087,2.447,2.89065,2.955555555566667,2.4473038368
2025-01,2.9085,3.1,2.945380952,3.3141,2.4836363636,3.35,2.789,3.67594,2.732,3.17318181818182,3.0666666667,2.5304298486
2025-02,2.8587,3.01,2.82093,3.1526,2.4055,3.29,2.7164,3.57541,2.629,3.09985,3.0677777778,2.4692621079
2025-03,3.149,3.32,3.116504762,3.4784,2.7414285714,3.6,3.0487,3.88713,2.936,3.38919047619048,3.0688888889,2.7817290051
2025-04,2.9821,3.14,2.94027,3.2953,2.5105,3.44,2.8981,3.71151,2.713,3.2291,3.07,2.5575500372
2025-05,2.9799,3.14,2.95165,3.2606,2.5628571429,3.37,2.8877,3.629,2.796,3.2089090909090894,3.0855555555666667,2.6100622245
2025-06,2.9443,3.09,2.9,3.2362,2.519047619,3.29,2.8502,3.501,2.757,3.1674285714285695,3.101111111133333,2.6791846244
2025-07,3.0137,3.21,3.04453913,3.3472,2.6313043478,3.36,2.9232,3.537,2.844,3.24308695652174,3.1166666667,2.7630604692
2025-08,3.0253,3.23,3.090647619,3.4056,2.6733333333,3.37,2.9448,3.538,2.88,3.25661904761905,3.0977777778,2.7854844577
2025-09,3.0244,3.26,3.090009524,3.5172,2.6931818182,3.39,2.946,3.559,2.883,3.2662272727272694,3.0788888889,2.7786738794
2025-10,2.9352,3.19,3.012478261,3.4377,2.617826087,3.3,2.8707,3.442,2.794,3.1513913043478294,3.06,2.721602685
2025-11,2.9705,3.21,3.034115,3.4386,2.6575,3.3,2.8967,3.459,2.831,3.1788,3.1166666666666667,2.7737857403
2025-12,3.0974,3.32,3.164244,3.5542,2.8142105263,3.44,3.0132,3.552,2.968,3.27190476190476,3.1733333333333333,2.9480486243
